Workbook

Sheet FORMULA
A1: FORMULA
A2: 1101 C (STARTER) | B2: 1 | D2: 2 | F2: 3 | H2: 4 | J2: 5 | L2: 6 | N2: 7 | P2: 8 | R2: 9 | T2: 10 | V2: 11 | X2: 12 | Z2: 13 | AB2: 14 | AD2: 15
B3: WS 1101 (251124) | D3: WS 1101 (220526)
B4: N01309AY
B5: % | C5: BATCH | D5: % | E5: BATCH | F5: % | G5: BATCH | H5: % | I5: BATCH | J5: % | K5: BATCH | L5: % | M5: BATCH | N5: % | O5: BATCH | P5: % | Q5: BATCH | R5: % | S5: BATCH | T5: % | U5: BATCH | V5: % | W5: BATCH | X5: % | Y5: BATCH | Z5: % | AA5: BATCH | AB5: % | AC5: BATCH | AD5: % | AE5: BATCH
A6: MAIZE/CORN | B6: =1070.2/20 -> 53.51 | C6: =(B6/100)*1000 -> 535.1 | D6: =1136.8/20 -> 56.84 | E6: =(D6/100)*1000 -> 568.4 | G6: =(F6/100)*1000 -> 0 | I6: =(H6/100)*1000 -> 0 | K6: =(J6/100)*1000 -> 0 | M6: =(L6/100)*1000 -> 0 | O6: =(N6/100)*1000 -> 0 | Q6: =(P6/100)*1000 -> 0 | S6: =(R6/100)*1000 -> 0 | U6: =(T6/100)*1000 -> 0 | W6: =(V6/100)*1000 -> 0 | Y6: =(X6/100)*1000 -> 0 | AA6: =(Z6/100)*1000 -> 0 | AC6: =(AB6/100)*1000 -> 0 | AE6: =(AD6/100)*1000 -> 0
A7: SOYBEAN MEAL (ARG) | B7: =652.5/20 -> 32.625 | C7: =(B7/100)*1000 -> 326.25 | D7: =655.6/20 -> 32.78 | E7: =(D7/100)*1000 -> 327.8 | G7: =(F7/100)*1000 -> 0 | I7: =(H7/100)*1000 -> 0 | K7: =(J7/100)*1000 -> 0 | M7: =(L7/100)*1000 -> 0 | O7: =(N7/100)*1000 -> 0 | Q7: =(P7/100)*1000 -> 0 | S7: =(R7/100)*1000 -> 0 | U7: =(T7/100)*1000 -> 0 | W7: =(V7/100)*1000 -> 0 | Y7: =(X7/100)*1000 -> 0 | AA7: =(Z7/100)*1000 -> 0 | AC7: =(AB7/100)*1000 -> 0 | AE7: =(AD7/100)*1000 -> 0
A8: SOYBEAN FULL FAT | B8: =50/20 -> 2.5 | C8: =(B8/100)*1000 -> 25 | D8: 2.5 | E8: =(D8/100)*1000 -> 25 | G8: =(F8/100)*1000 -> 0 | I8: =(H8/100)*1000 -> 0 | K8: =(J8/100)*1000 -> 0 | M8: =(L8/100)*1000 -> 0 | O8: =(N8/100)*1000 -> 0 | Q8: =(P8/100)*1000 -> 0 | S8: =(R8/100)*1000 -> 0 | U8: =(T8/100)*1000 -> 0 | W8: =(V8/100)*1000 -> 0 | Y8: =(X8/100)*1000 -> 0 | AA8: =(Z8/100)*1000 -> 0 | AC8: =(AB8/100)*1000 -> 0 | AE8: =(AD8/100)*1000 -> 0
A9: WHEAT POLLARD | B9: =100/20 -> 5 | C9: =(B9/100)*1000 -> 50 | E9: =(D9/100)*1000 -> 0 | G9: =(F9/100)*1000 -> 0 | I9: =(H9/100)*1000 -> 0 | K9: =(J9/100)*1000 -> 0 | M9: =(L9/100)*1000 -> 0 | O9: =(N9/100)*1000 -> 0 | Q9: =(P9/100)*1000 -> 0 | S9: =(R9/100)*1000 -> 0 | U9: =(T9/100)*1000 -> 0 | W9: =(V9/100)*1000 -> 0 | Y9: =(X9/100)*1000 -> 0 | AA9: =(Z9/100)*1000 -> 0 | AC9: =(AB9/100)*1000 -> 0 | AE9: =(AD9/100)*1000 -> 0
A10: WHEAT | C10: =(B10/100)*1000 -> 0 | E10: =(D10/100)*1000 -> 0 | G10: =(F10/100)*1000 -> 0 | I10: =(H10/100)*1000 -> 0 | K10: =(J10/100)*1000 -> 0 | M10: =(L10/100)*1000 -> 0 | O10: =(N10/100)*1000 -> 0 | Q10: =(P10/100)*1000 -> 0 | S10: =(R10/100)*1000 -> 0 | U10: =(T10/100)*1000 -> 0 | W10: =(V10/100)*1000 -> 0 | Y10: =(X10/100)*1000 -> 0 | AA10: =(Z10/100)*1000 -> 0 | AC10: =(AB10/100)*1000 -> 0 | AE10: =(AD10/100)*1000 -> 0
A11: MEAT AND BONE MEAL | B11: =40/20 -> 2 | C11: =(B11/100)*1000 -> 20 | D11: =40.4/20 -> 2.02 | E11: =(D11/100)*1000 -> 20.2 | G11: =(F11/100)*1000 -> 0 | I11: =(H11/100)*1000 -> 0 | K11: =(J11/100)*1000 -> 0 | M11: =(L11/100)*1000 -> 0 | O11: =(N11/100)*1000 -> 0 | Q11: =(P11/100)*1000 -> 0 | S11: =(R11/100)*1000 -> 0 | U11: =(T11/100)*1000 -> 0 | W11: =(V11/100)*1000 -> 0 | Y11: =(X11/100)*1000 -> 0 | AA11: =(Z11/100)*1000 -> 0 | AC11: =(AB11/100)*1000 -> 0 | AE11: =(AD11/100)*1000 -> 0
A12: CORN GLUTEN MEAL | C12: =(B12/100)*1000 -> 0 | E12: =(D12/100)*1000 -> 0 | G12: =(F12/100)*1000 -> 0 | I12: =(H12/100)*1000 -> 0 | K12: =(J12/100)*1000 -> 0 | M12: =(L12/100)*1000 -> 0 | O12: =(N12/100)*1000 -> 0 | Q12: =(P12/100)*1000 -> 0 | S12: =(R12/100)*1000 -> 0 | U12: =(T12/100)*1000 -> 0 | W12: =(V12/100)*1000 -> 0 | Y12: =(X12/100)*1000 -> 0 | AA12: =(Z12/100)*1000 -> 0 | AC12: =(AB12/100)*1000 -> 0 | AE12: =(AD12/100)*1000 -> 0
A13: MEGAFAT (HARUMI) | B13: =40/20 -> 2 | C13: =(B13/100)*1000 -> 20 | D13: =23/20 -> 1.15 | E13: =(D13/100)*1000 -> 11.5 | G13: =(F13/100)*1000 -> 0 | I13: =(H13/100)*1000 -> 0 | K13: =(J13/100)*1000 -> 0 | M13: =(L13/100)*1000 -> 0 | O13: =(N13/100)*1000 -> 0 | Q13: =(P13/100)*1000 -> 0 | S13: =(R13/100)*1000 -> 0 | U13: =(T13/100)*1000 -> 0 | W13: =(V13/100)*1000 -> 0 | Y13: =(X13/100)*1000 -> 0 | AA13: =(Z13/100)*1000 -> 0 | AC13: =(AB13/100)*1000 -> 0 | AE13: =(AD13/100)*1000 -> 0
A14: DCP 18% | B14: =4.5/20 -> 0.225 | C14: =(B14/100)*1000 -> 2.25 | E14: =(D14/100)*1000 -> 0 | G14: =(F14/100)*1000 -> 0 | I14: =(H14/100)*1000 -> 0 | K14: =(J14/100)*1000 -> 0 | M14: =(L14/100)*1000 -> 0 | O14: =(N14/100)*1000 -> 0 | Q14: =(P14/100)*1000 -> 0 | S14: =(R14/100)*1000 -> 0 | U14: =(T14/100)*1000 -> 0 | W14: =(V14/100)*1000 -> 0 | Y14: =(X14/100)*1000 -> 0 | AA14: =(Z14/100)*1000 -> 0 | AC14: =(AB14/100)*1000 -> 0 | AE14: =(AD14/100)*1000 -> 0
A15: LIMESTONE POWDER (HARUMI) | B15: =1.8/20 -> 0.09 | C15: =(B15/100)*1000 -> 0.9 | E15: =(D15/100)*1000 -> 0 | G15: =(F15/100)*1000 -> 0 | I15: =(H15/100)*1000 -> 0 | K15: =(J15/100)*1000 -> 0 | M15: =(L15/100)*1000 -> 0 | O15: =(N15/100)*1000 -> 0 | Q15: =(P15/100)*1000 -> 0 | S15: =(R15/100)*1000 -> 0 | U15: =(T15/100)*1000 -> 0 | W15: =(V15/100)*1000 -> 0 | Y15: =(X15/100)*1000 -> 0 | AA15: =(Z15/100)*1000 -> 0 | AC15: =(AB15/100)*1000 -> 0 | AE15: =(AD15/100)*1000 -> 0
A16: CHOLINE CHLORIDE 60% | C16: =(B16/100)*1000 -> 0 | E16: =(D16/100)*1000 -> 0 | G16: =(F16/100)*1000 -> 0 | I16: =(H16/100)*1000 -> 0 | K16: =(J16/100)*1000 -> 0 | M16: =(L16/100)*1000 -> 0 | O16: =(N16/100)*1000 -> 0 | Q16: =(P16/100)*1000 -> 0 | S16: =(R16/100)*1000 -> 0 | U16: =(T16/100)*1000 -> 0 | W16: =(V16/100)*1000 -> 0 | Y16: =(X16/100)*1000 -> 0 | AA16: =(Z16/100)*1000 -> 0 | AC16: =(AB16/100)*1000 -> 0 | AE16: =(AD16/100)*1000 -> 0
A17: INDUSTRY FLOUR | C17: =(B17/100)*1000 -> 0 | E17: =(D17/100)*1000 -> 0 | G17: =(F17/100)*1000 -> 0 | I17: =(H17/100)*1000 -> 0 | K17: =(J17/100)*1000 -> 0 | M17: =(L17/100)*1000 -> 0 | O17: =(N17/100)*1000 -> 0 | Q17: =(P17/100)*1000 -> 0 | S17: =(R17/100)*1000 -> 0 | U17: =(T17/100)*1000 -> 0 | W17: =(V17/100)*1000 -> 0 | Y17: =(X17/100)*1000 -> 0 | AA17: =(Z17/100)*1000 -> 0 | AC17: =(AB17/100)*1000 -> 0 | AE17: =(AD17/100)*1000 -> 0
A18: RICE BRAN | C18: =(B18/100)*1000 -> 0 | D18: =50/20 -> 2.5 | E18: =(D18/100)*1000 -> 25 | G18: =(F18/100)*1000 -> 0 | I18: =(H18/100)*1000 -> 0 | K18: =(J18/100)*1000 -> 0 | M18: =(L18/100)*1000 -> 0 | O18: =(N18/100)*1000 -> 0 | Q18: =(P18/100)*1000 -> 0 | S18: =(R18/100)*1000 -> 0 | U18: =(T18/100)*1000 -> 0 | W18: =(V18/100)*1000 -> 0 | Y18: =(X18/100)*1000 -> 0 | AA18: =(Z18/100)*1000 -> 0 | AC18: =(AB18/100)*1000 -> 0 | AE18: =(AD18/100)*1000 -> 0
A19: EP 200 | C19: =(B19/100)*1000 -> 0 | E19: =(D19/100)*1000 -> 0 | G19: =(F19/100)*1000 -> 0 | I19: =(H19/100)*1000 -> 0 | K19: =(J19/100)*1000 -> 0 | M19: =(L19/100)*1000 -> 0 | O19: =(N19/100)*1000 -> 0 | Q19: =(P19/100)*1000 -> 0 | S19: =(R19/100)*1000 -> 0 | U19: =(T19/100)*1000 -> 0 | W19: =(V19/100)*1000 -> 0 | Y19: =(X19/100)*1000 -> 0 | AA19: =(Z19/100)*1000 -> 0 | AC19: =(AB19/100)*1000 -> 0 | AE19: =(AD19/100)*1000 -> 0
A20: SOYTIDE | C20: =(B20/100)*1000 -> 0 | E20: =(D20/100)*1000 -> 0 | G20: =(F20/100)*1000 -> 0 | I20: =(H20/100)*1000 -> 0 | K20: =(J20/100)*1000 -> 0 | M20: =(L20/100)*1000 -> 0 | O20: =(N20/100)*1000 -> 0 | Q20: =(P20/100)*1000 -> 0 | S20: =(R20/100)*1000 -> 0 | U20: =(T20/100)*1000 -> 0 | W20: =(V20/100)*1000 -> 0 | Y20: =(X20/100)*1000 -> 0 | AA20: =(Z20/100)*1000 -> 0 | AC20: =(AB20/100)*1000 -> 0 | AE20: =(AD20/100)*1000 -> 0
A21: DCP 18% (HARUMI) | C21: =(B21/100)*1000 -> 0 | E21: =(D21/100)*1000 -> 0 | G21: =(F21/100)*1000 -> 0 | I21: =(H21/100)*1000 -> 0 | K21: =(J21/100)*1000 -> 0 | M21: =(L21/100)*1000 -> 0 | O21: =(N21/100)*1000 -> 0 | Q21: =(P21/100)*1000 -> 0 | S21: =(R21/100)*1000 -> 0 | U21: =(T21/100)*1000 -> 0 | W21: =(V21/100)*1000 -> 0 | Y21: =(X21/100)*1000 -> 0 | AA21: =(Z21/100)*1000 -> 0 | AC21: =(AB21/100)*1000 -> 0 | AE21: =(AD21/100)*1000 -> 0
A22: 1 | C22: =(B22/100)*1000 -> 0 | E22: =(D22/100)*1000 -> 0 | G22: =(F22/100)*1000 -> 0 | I22: =(H22/100)*1000 -> 0 | K22: =(J22/100)*1000 -> 0 | M22: =(L22/100)*1000 -> 0 | O22: =(N22/100)*1000 -> 0 | Q22: =(P22/100)*1000 -> 0 | S22: =(R22/100)*1000 -> 0 | U22: =(T22/100)*1000 -> 0 | W22: =(V22/100)*1000 -> 0 | Y22: =(X22/100)*1000 -> 0 | AA22: =(Z22/100)*1000 -> 0 | AC22: =(AB22/100)*1000 -> 0 | AE22: =(AD22/100)*1000 -> 0
A23: 2 | C23: =(B23/100)*1000 -> 0 | E23: =(D23/100)*1000 -> 0 | G23: =(F23/100)*1000 -> 0 | I23: =(H23/100)*1000 -> 0 | K23: =(J23/100)*1000 -> 0 | M23: =(L23/100)*1000 -> 0 | O23: =(N23/100)*1000 -> 0 | Q23: =(P23/100)*1000 -> 0 | S23: =(R23/100)*1000 -> 0 | U23: =(T23/100)*1000 -> 0 | W23: =(V23/100)*1000 -> 0 | Y23: =(X23/100)*1000 -> 0 | AA23: =(Z23/100)*1000 -> 0 | AC23: =(AB23/100)*1000 -> 0 | AE23: =(AD23/100)*1000 -> 0
A24: 3 | C24: =(B24/100)*1000 -> 0 | E24: =(D24/100)*1000 -> 0 | G24: =(F24/100)*1000 -> 0 | I24: =(H24/100)*1000 -> 0 | K24: =(J24/100)*1000 -> 0 | M24: =(L24/100)*1000 -> 0 | O24: =(N24/100)*1000 -> 0 | Q24: =(P24/100)*1000 -> 0 | S24: =(R24/100)*1000 -> 0 | U24: =(T24/100)*1000 -> 0 | W24: =(V24/100)*1000 -> 0 | Y24: =(X24/100)*1000 -> 0 | AA24: =(Z24/100)*1000 -> 0 | AC24: =(AB24/100)*1000 -> 0 | AE24: =(AD24/100)*1000 -> 0
A25: PREMIX 1101 (20KG) | B25: 2 | C25: =(B25/100)*1000 -> 20 | E25: =(D25/100)*1000 -> 0 | G25: =(F25/100)*1000 -> 0 | I25: =(H25/100)*1000 -> 0 | K25: =(J25/100)*1000 -> 0 | M25: =(L25/100)*1000 -> 0 | O25: =(N25/100)*1000 -> 0 | Q25: =(P25/100)*1000 -> 0 | S25: =(R25/100)*1000 -> 0 | U25: =(T25/100)*1000 -> 0 | W25: =(V25/100)*1000 -> 0 | Y25: =(X25/100)*1000 -> 0 | AA25: =(Z25/100)*1000 -> 0 | AC25: =(AB25/100)*1000 -> 0 | AE25: =(AD25/100)*1000 -> 0
A26: PREMIX 1102 (20KG) | C26: =(B26/100)*1000 -> 0 | E26: =(D26/100)*1000 -> 0 | G26: =(F26/100)*1000 -> 0 | I26: =(H26/100)*1000 -> 0 | K26: =(J26/100)*1000 -> 0 | M26: =(L26/100)*1000 -> 0 | O26: =(N26/100)*1000 -> 0 | Q26: =(P26/100)*1000 -> 0 | S26: =(R26/100)*1000 -> 0 | U26: =(T26/100)*1000 -> 0 | W26: =(V26/100)*1000 -> 0 | Y26: =(X26/100)*1000 -> 0 | AA26: =(Z26/100)*1000 -> 0 | AC26: =(AB26/100)*1000 -> 0 | AE26: =(AD26/100)*1000 -> 0
A27: PREMIX 1103 (20KG) | C27: =(B27/100)*1000 -> 0 | E27: =(D27/100)*1000 -> 0 | G27: =(F27/100)*1000 -> 0 | I27: =(H27/100)*1000 -> 0 | K27: =(J27/100)*1000 -> 0 | M27: =(L27/100)*1000 -> 0 | O27: =(N27/100)*1000 -> 0 | Q27: =(P27/100)*1000 -> 0 | S27: =(R27/100)*1000 -> 0 | U27: =(T27/100)*1000 -> 0 | W27: =(V27/100)*1000 -> 0 | Y27: =(X27/100)*1000 -> 0 | AA27: =(Z27/100)*1000 -> 0 | AC27: =(AB27/100)*1000 -> 0 | AE27: =(AD27/100)*1000 -> 0
A28: PREMIX 311 (20KG) | C28: =(B28/100)*1000 -> 0 | E28: =(D28/100)*1000 -> 0 | G28: =(F28/100)*1000 -> 0 | I28: =(H28/100)*1000 -> 0 | K28: =(J28/100)*1000 -> 0 | M28: =(L28/100)*1000 -> 0 | O28: =(N28/100)*1000 -> 0 | Q28: =(P28/100)*1000 -> 0 | S28: =(R28/100)*1000 -> 0 | U28: =(T28/100)*1000 -> 0 | W28: =(V28/100)*1000 -> 0 | Y28: =(X28/100)*1000 -> 0 | AA28: =(Z28/100)*1000 -> 0 | AC28: =(AB28/100)*1000 -> 0 | AE28: =(AD28/100)*1000 -> 0
A29: PREMIX 312 (20KG) | C29: =(B29/100)*1000 -> 0 | E29: =(D29/100)*1000 -> 0 | G29: =(F29/100)*1000 -> 0 | I29: =(H29/100)*1000 -> 0 | K29: =(J29/100)*1000 -> 0 | M29: =(L29/100)*1000 -> 0 | O29: =(N29/100)*1000 -> 0 | Q29: =(P29/100)*1000 -> 0 | S29: =(R29/100)*1000 -> 0 | U29: =(T29/100)*1000 -> 0 | W29: =(V29/100)*1000 -> 0 | Y29: =(X29/100)*1000 -> 0 | AA29: =(Z29/100)*1000 -> 0 | AC29: =(AB29/100)*1000 -> 0 | AE29: =(AD29/100)*1000 -> 0
A30: 1 | C30: =(B30/100)*1000 -> 0 | E30: =(D30/100)*1000 -> 0 | G30: =(F30/100)*1000 -> 0 | I30: =(H30/100)*1000 -> 0 | K30: =(J30/100)*1000 -> 0 | M30: =(L30/100)*1000 -> 0 | O30: =(N30/100)*1000 -> 0 | Q30: =(P30/100)*1000 -> 0 | S30: =(R30/100)*1000 -> 0 | U30: =(T30/100)*1000 -> 0 | W30: =(V30/100)*1000 -> 0 | Y30: =(X30/100)*1000 -> 0 | AA30: =(Z30/100)*1000 -> 0 | AC30: =(AB30/100)*1000 -> 0 | AE30: =(AD30/100)*1000 -> 0
A31: PREMIX 8100 (20KG) | C31: =(B31/100)*1000 -> 0 | E31: =(D31/100)*1000 -> 0 | G31: =(F31/100)*1000 -> 0 | I31: =(H31/100)*1000 -> 0 | K31: =(J31/100)*1000 -> 0 | M31: =(L31/100)*1000 -> 0 | O31: =(N31/100)*1000 -> 0 | Q31: =(P31/100)*1000 -> 0 | S31: =(R31/100)*1000 -> 0 | U31: =(T31/100)*1000 -> 0 | W31: =(V31/100)*1000 -> 0 | Y31: =(X31/100)*1000 -> 0 | AA31: =(Z31/100)*1000 -> 0 | AC31: =(AB31/100)*1000 -> 0 | AE31: =(AD31/100)*1000 -> 0
A32: PREMIX 8101 (20KG) | C32: =(B32/100)*1000 -> 0 | E32: =(D32/100)*1000 -> 0 | G32: =(F32/100)*1000 -> 0 | I32: =(H32/100)*1000 -> 0 | K32: =(J32/100)*1000 -> 0 | M32: =(L32/100)*1000 -> 0 | O32: =(N32/100)*1000 -> 0 | Q32: =(P32/100)*1000 -> 0 | S32: =(R32/100)*1000 -> 0 | U32: =(T32/100)*1000 -> 0 | W32: =(V32/100)*1000 -> 0 | Y32: =(X32/100)*1000 -> 0 | AA32: =(Z32/100)*1000 -> 0 | AC32: =(AB32/100)*1000 -> 0 | AE32: =(AD32/100)*1000 -> 0
A33: PREMIX 8102 (20KG) | C33: =(B33/100)*1000 -> 0 | E33: =(D33/100)*1000 -> 0 | G33: =(F33/100)*1000 -> 0 | I33: =(H33/100)*1000 -> 0 | K33: =(J33/100)*1000 -> 0 | M33: =(L33/100)*1000 -> 0 | O33: =(N33/100)*1000 -> 0 | Q33: =(P33/100)*1000 -> 0 | S33: =(R33/100)*1000 -> 0 | U33: =(T33/100)*1000 -> 0 | W33: =(V33/100)*1000 -> 0 | Y33: =(X33/100)*1000 -> 0 | AA33: =(Z33/100)*1000 -> 0 | AC33: =(AB33/100)*1000 -> 0 | AE33: =(AD33/100)*1000 -> 0
A34: PREMIX 8103 (20KG) | C34: =(B34/100)*1000 -> 0 | E34: =(D34/100)*1000 -> 0 | G34: =(F34/100)*1000 -> 0 | I34: =(H34/100)*1000 -> 0 | K34: =(J34/100)*1000 -> 0 | M34: =(L34/100)*1000 -> 0 | O34: =(N34/100)*1000 -> 0 | Q34: =(P34/100)*1000 -> 0 | S34: =(R34/100)*1000 -> 0 | U34: =(T34/100)*1000 -> 0 | W34: =(V34/100)*1000 -> 0 | Y34: =(X34/100)*1000 -> 0 | AA34: =(Z34/100)*1000 -> 0 | AC34: =(AB34/100)*1000 -> 0 | AE34: =(AD34/100)*1000 -> 0
A35: PREMIX 8108 (20KG) | C35: =(B35/100)*1000 -> 0 | E35: =(D35/100)*1000 -> 0 | G35: =(F35/100)*1000 -> 0 | I35: =(H35/100)*1000 -> 0 | K35: =(J35/100)*1000 -> 0 | M35: =(L35/100)*1000 -> 0 | O35: =(N35/100)*1000 -> 0 | Q35: =(P35/100)*1000 -> 0 | S35: =(R35/100)*1000 -> 0 | U35: =(T35/100)*1000 -> 0 | W35: =(V35/100)*1000 -> 0 | Y35: =(X35/100)*1000 -> 0 | AA35: =(Z35/100)*1000 -> 0 | AC35: =(AB35/100)*1000 -> 0 | AE35: =(AD35/100)*1000 -> 0
A36: PREMIX 8109 (20KG) | C36: =(B36/100)*1000 -> 0 | E36: =(D36/100)*1000 -> 0 | G36: =(F36/100)*1000 -> 0 | I36: =(H36/100)*1000 -> 0 | K36: =(J36/100)*1000 -> 0 | M36: =(L36/100)*1000 -> 0 | O36: =(N36/100)*1000 -> 0 | Q36: =(P36/100)*1000 -> 0 | S36: =(R36/100)*1000 -> 0 | U36: =(T36/100)*1000 -> 0 | W36: =(V36/100)*1000 -> 0 | Y36: =(X36/100)*1000 -> 0 | AA36: =(Z36/100)*1000 -> 0 | AC36: =(AB36/100)*1000 -> 0 | AE36: =(AD36/100)*1000 -> 0
A37: YENMIX 121 (20KG) | C37: =(B37/100)*1000 -> 0 | E37: =(D37/100)*1000 -> 0 | G37: =(F37/100)*1000 -> 0 | I37: =(H37/100)*1000 -> 0 | K37: =(J37/100)*1000 -> 0 | M37: =(L37/100)*1000 -> 0 | O37: =(N37/100)*1000 -> 0 | Q37: =(P37/100)*1000 -> 0 | S37: =(R37/100)*1000 -> 0 | U37: =(T37/100)*1000 -> 0 | W37: =(V37/100)*1000 -> 0 | Y37: =(X37/100)*1000 -> 0 | AA37: =(Z37/100)*1000 -> 0 | AC37: =(AB37/100)*1000 -> 0 | AE37: =(AD37/100)*1000 -> 0
A38: YENMIX 122 (19.50KG) | C38: =(B38/100)*1000 -> 0 | E38: =(D38/100)*1000 -> 0 | G38: =(F38/100)*1000 -> 0 | I38: =(H38/100)*1000 -> 0 | K38: =(J38/100)*1000 -> 0 | M38: =(L38/100)*1000 -> 0 | O38: =(N38/100)*1000 -> 0 | Q38: =(P38/100)*1000 -> 0 | S38: =(R38/100)*1000 -> 0 | U38: =(T38/100)*1000 -> 0 | W38: =(V38/100)*1000 -> 0 | Y38: =(X38/100)*1000 -> 0 | AA38: =(Z38/100)*1000 -> 0 | AC38: =(AB38/100)*1000 -> 0 | AE38: =(AD38/100)*1000 -> 0
A39: YENMIX 123 (18.90KG) | C39: =(B39/100)*1000 -> 0 | E39: =(D39/100)*1000 -> 0 | G39: =(F39/100)*1000 -> 0 | I39: =(H39/100)*1000 -> 0 | K39: =(J39/100)*1000 -> 0 | M39: =(L39/100)*1000 -> 0 | O39: =(N39/100)*1000 -> 0 | Q39: =(P39/100)*1000 -> 0 | S39: =(R39/100)*1000 -> 0 | U39: =(T39/100)*1000 -> 0 | W39: =(V39/100)*1000 -> 0 | Y39: =(X39/100)*1000 -> 0 | AA39: =(Z39/100)*1000 -> 0 | AC39: =(AB39/100)*1000 -> 0 | AE39: =(AD39/100)*1000 -> 0
A40: YENMIX 122 (20.50KG) | C40: =(B40/100)*1000 -> 0 | E40: =(D40/100)*1000 -> 0 | G40: =(F40/100)*1000 -> 0 | I40: =(H40/100)*1000 -> 0 | K40: =(J40/100)*1000 -> 0 | M40: =(L40/100)*1000 -> 0 | O40: =(N40/100)*1000 -> 0 | Q40: =(P40/100)*1000 -> 0 | S40: =(R40/100)*1000 -> 0 | U40: =(T40/100)*1000 -> 0 | W40: =(V40/100)*1000 -> 0 | Y40: =(X40/100)*1000 -> 0 | AA40: =(Z40/100)*1000 -> 0 | AC40: =(AB40/100)*1000 -> 0 | AE40: =(AD40/100)*1000 -> 0
A41: YENMIX 123 (20.00KG) | C41: =(B41/100)*1000 -> 0 | E41: =(D41/100)*1000 -> 0 | G41: =(F41/100)*1000 -> 0 | I41: =(H41/100)*1000 -> 0 | K41: =(J41/100)*1000 -> 0 | M41: =(L41/100)*1000 -> 0 | O41: =(N41/100)*1000 -> 0 | Q41: =(P41/100)*1000 -> 0 | S41: =(R41/100)*1000 -> 0 | U41: =(T41/100)*1000 -> 0 | W41: =(V41/100)*1000 -> 0 | Y41: =(X41/100)*1000 -> 0 | AA41: =(Z41/100)*1000 -> 0 | AC41: =(AB41/100)*1000 -> 0 | AE41: =(AD41/100)*1000 -> 0
A42: 1 | C42: =(B42/100)*1000 -> 0 | E42: =(D42/100)*1000 -> 0 | G42: =(F42/100)*1000 -> 0 | I42: =(H42/100)*1000 -> 0 | K42: =(J42/100)*1000 -> 0 | M42: =(L42/100)*1000 -> 0 | O42: =(N42/100)*1000 -> 0 | Q42: =(P42/100)*1000 -> 0 | S42: =(R42/100)*1000 -> 0 | U42: =(T42/100)*1000 -> 0 | W42: =(V42/100)*1000 -> 0 | Y42: =(X42/100)*1000 -> 0 | AA42: =(Z42/100)*1000 -> 0 | AC42: =(AB42/100)*1000 -> 0 | AE42: =(AD42/100)*1000 -> 0
A43: 2 | C43: =(B43/100)*1000 -> 0 | E43: =(D43/100)*1000 -> 0 | G43: =(F43/100)*1000 -> 0 | I43: =(H43/100)*1000 -> 0 | K43: =(J43/100)*1000 -> 0 | M43: =(L43/100)*1000 -> 0 | O43: =(N43/100)*1000 -> 0 | Q43: =(P43/100)*1000 -> 0 | S43: =(R43/100)*1000 -> 0 | U43: =(T43/100)*1000 -> 0 | W43: =(V43/100)*1000 -> 0 | Y43: =(X43/100)*1000 -> 0 | AA43: =(Z43/100)*1000 -> 0 | AC43: =(AB43/100)*1000 -> 0 | AE43: =(AD43/100)*1000 -> 0
A44: 3 | C44: =(B44/100)*1000 -> 0 | E44: =(D44/100)*1000 -> 0 | G44: =(F44/100)*1000 -> 0 | I44: =(H44/100)*1000 -> 0 | K44: =(J44/100)*1000 -> 0 | M44: =(L44/100)*1000 -> 0 | O44: =(N44/100)*1000 -> 0 | Q44: =(P44/100)*1000 -> 0 | S44: =(R44/100)*1000 -> 0 | U44: =(T44/100)*1000 -> 0 | W44: =(V44/100)*1000 -> 0 | Y44: =(X44/100)*1000 -> 0 | AA44: =(Z44/100)*1000 -> 0 | AC44: =(AB44/100)*1000 -> 0 | AE44: =(AD44/100)*1000 -> 0
A45: TOXISORB PREMIUM | B45: =1/20 -> 0.05 | C45: =(B45/100)*1000 -> 0.5 | E45: =(D45/100)*1000 -> 0 | G45: =(F45/100)*1000 -> 0 | I45: =(H45/100)*1000 -> 0 | K45: =(J45/100)*1000 -> 0 | M45: =(L45/100)*1000 -> 0 | O45: =(N45/100)*1000 -> 0 | Q45: =(P45/100)*1000 -> 0 | S45: =(R45/100)*1000 -> 0 | U45: =(T45/100)*1000 -> 0 | W45: =(V45/100)*1000 -> 0 | Y45: =(X45/100)*1000 -> 0 | AA45: =(Z45/100)*1000 -> 0 | AC45: =(AB45/100)*1000 -> 0 | AE45: =(AD45/100)*1000 -> 0
A46: SODIUM HUMATE 3.8% (HARUMI) | C46: =(B46/100)*1000 -> 0 | E46: =(D46/100)*1000 -> 0 | G46: =(F46/100)*1000 -> 0 | I46: =(H46/100)*1000 -> 0 | K46: =(J46/100)*1000 -> 0 | M46: =(L46/100)*1000 -> 0 | O46: =(N46/100)*1000 -> 0 | Q46: =(P46/100)*1000 -> 0 | S46: =(R46/100)*1000 -> 0 | U46: =(T46/100)*1000 -> 0 | W46: =(V46/100)*1000 -> 0 | Y46: =(X46/100)*1000 -> 0 | AA46: =(Z46/100)*1000 -> 0 | AC46: =(AB46/100)*1000 -> 0 | AE46: =(AD46/100)*1000 -> 0
A47: TOXIWALL | C47: =(B47/100)*1000 -> 0 | E47: =(D47/100)*1000 -> 0 | G47: =(F47/100)*1000 -> 0 | I47: =(H47/100)*1000 -> 0 | K47: =(J47/100)*1000 -> 0 | M47: =(L47/100)*1000 -> 0 | O47: =(N47/100)*1000 -> 0 | Q47: =(P47/100)*1000 -> 0 | S47: =(R47/100)*1000 -> 0 | U47: =(T47/100)*1000 -> 0 | W47: =(V47/100)*1000 -> 0 | Y47: =(X47/100)*1000 -> 0 | AA47: =(Z47/100)*1000 -> 0 | AC47: =(AB47/100)*1000 -> 0 | AE47: =(AD47/100)*1000 -> 0
A48: SODIUM BICARBONATE | C48: =(B48/100)*1000 -> 0 | E48: =(D48/100)*1000 -> 0 | G48: =(F48/100)*1000 -> 0 | I48: =(H48/100)*1000 -> 0 | K48: =(J48/100)*1000 -> 0 | M48: =(L48/100)*1000 -> 0 | O48: =(N48/100)*1000 -> 0 | Q48: =(P48/100)*1000 -> 0 | S48: =(R48/100)*1000 -> 0 | U48: =(T48/100)*1000 -> 0 | W48: =(V48/100)*1000 -> 0 | Y48: =(X48/100)*1000 -> 0 | AA48: =(Z48/100)*1000 -> 0 | AC48: =(AB48/100)*1000 -> 0 | AE48: =(AD48/100)*1000 -> 0
A49: BMD 10% | C49: =(B49/100)*1000 -> 0 | E49: =(D49/100)*1000 -> 0 | G49: =(F49/100)*1000 -> 0 | I49: =(H49/100)*1000 -> 0 | K49: =(J49/100)*1000 -> 0 | M49: =(L49/100)*1000 -> 0 | O49: =(N49/100)*1000 -> 0 | Q49: =(P49/100)*1000 -> 0 | S49: =(R49/100)*1000 -> 0 | U49: =(T49/100)*1000 -> 0 | W49: =(V49/100)*1000 -> 0 | Y49: =(X49/100)*1000 -> 0 | AA49: =(Z49/100)*1000 -> 0 | AC49: =(AB49/100)*1000 -> 0 | AE49: =(AD49/100)*1000 -> 0
A50: SALT (HARUMI) | C50: =(B50/100)*1000 -> 0 | E50: =(D50/100)*1000 -> 0 | G50: =(F50/100)*1000 -> 0 | I50: =(H50/100)*1000 -> 0 | K50: =(J50/100)*1000 -> 0 | M50: =(L50/100)*1000 -> 0 | O50: =(N50/100)*1000 -> 0 | Q50: =(P50/100)*1000 -> 0 | S50: =(R50/100)*1000 -> 0 | U50: =(T50/100)*1000 -> 0 | W50: =(V50/100)*1000 -> 0 | Y50: =(X50/100)*1000 -> 0 | AA50: =(Z50/100)*1000 -> 0 | AC50: =(AB50/100)*1000 -> 0 | AE50: =(AD50/100)*1000 -> 0
A51: VISTABET 91 | C51: =(B51/100)*1000 -> 0 | E51: =(D51/100)*1000 -> 0 | G51: =(F51/100)*1000 -> 0 | I51: =(H51/100)*1000 -> 0 | K51: =(J51/100)*1000 -> 0 | M51: =(L51/100)*1000 -> 0 | O51: =(N51/100)*1000 -> 0 | Q51: =(P51/100)*1000 -> 0 | S51: =(R51/100)*1000 -> 0 | U51: =(T51/100)*1000 -> 0 | W51: =(V51/100)*1000 -> 0 | Y51: =(X51/100)*1000 -> 0 | AA51: =(Z51/100)*1000 -> 0 | AC51: =(AB51/100)*1000 -> 0 | AE51: =(AD51/100)*1000 -> 0
A52: BETAFIN | C52: =(B52/100)*1000 -> 0 | E52: =(D52/100)*1000 -> 0 | G52: =(F52/100)*1000 -> 0 | I52: =(H52/100)*1000 -> 0 | K52: =(J52/100)*1000 -> 0 | M52: =(L52/100)*1000 -> 0 | O52: =(N52/100)*1000 -> 0 | Q52: =(P52/100)*1000 -> 0 | S52: =(R52/100)*1000 -> 0 | U52: =(T52/100)*1000 -> 0 | W52: =(V52/100)*1000 -> 0 | Y52: =(X52/100)*1000 -> 0 | AA52: =(Z52/100)*1000 -> 0 | AC52: =(AB52/100)*1000 -> 0 | AE52: =(AD52/100)*1000 -> 0
A53: 8101 TOP UP | C53: =(B53/100)*1000 -> 0 | E53: =(D53/100)*1000 -> 0 | G53: =(F53/100)*1000 -> 0 | I53: =(H53/100)*1000 -> 0 | K53: =(J53/100)*1000 -> 0 | M53: =(L53/100)*1000 -> 0 | O53: =(N53/100)*1000 -> 0 | Q53: =(P53/100)*1000 -> 0 | S53: =(R53/100)*1000 -> 0 | U53: =(T53/100)*1000 -> 0 | W53: =(V53/100)*1000 -> 0 | Y53: =(X53/100)*1000 -> 0 | AA53: =(Z53/100)*1000 -> 0 | AC53: =(AB53/100)*1000 -> 0 | AE53: =(AD53/100)*1000 -> 0
A54: NORPONIN X03 (8102 TOP UP) | C54: =(B54/100)*1000 -> 0 | E54: =(D54/100)*1000 -> 0 | G54: =(F54/100)*1000 -> 0 | I54: =(H54/100)*1000 -> 0 | K54: =(J54/100)*1000 -> 0 | M54: =(L54/100)*1000 -> 0 | O54: =(N54/100)*1000 -> 0 | Q54: =(P54/100)*1000 -> 0 | S54: =(R54/100)*1000 -> 0 | U54: =(T54/100)*1000 -> 0 | W54: =(V54/100)*1000 -> 0 | Y54: =(X54/100)*1000 -> 0 | AA54: =(Z54/100)*1000 -> 0 | AC54: =(AB54/100)*1000 -> 0 | AE54: =(AD54/100)*1000 -> 0
A55: 8102 TOP UP (4KG) | C55: =(B55/100)*1000 -> 0 | E55: =(D55/100)*1000 -> 0 | G55: =(F55/100)*1000 -> 0 | I55: =(H55/100)*1000 -> 0 | K55: =(J55/100)*1000 -> 0 | M55: =(L55/100)*1000 -> 0 | O55: =(N55/100)*1000 -> 0 | Q55: =(P55/100)*1000 -> 0 | S55: =(R55/100)*1000 -> 0 | U55: =(T55/100)*1000 -> 0 | W55: =(V55/100)*1000 -> 0 | Y55: =(X55/100)*1000 -> 0 | AA55: =(Z55/100)*1000 -> 0 | AC55: =(AB55/100)*1000 -> 0 | AE55: =(AD55/100)*1000 -> 0
A56: 8103 TOP UP (5KG) | C56: =(B56/100)*1000 -> 0 | E56: =(D56/100)*1000 -> 0 | G56: =(F56/100)*1000 -> 0 | I56: =(H56/100)*1000 -> 0 | K56: =(J56/100)*1000 -> 0 | M56: =(L56/100)*1000 -> 0 | O56: =(N56/100)*1000 -> 0 | Q56: =(P56/100)*1000 -> 0 | S56: =(R56/100)*1000 -> 0 | U56: =(T56/100)*1000 -> 0 | W56: =(V56/100)*1000 -> 0 | Y56: =(X56/100)*1000 -> 0 | AA56: =(Z56/100)*1000 -> 0 | AC56: =(AB56/100)*1000 -> 0 | AE56: =(AD56/100)*1000 -> 0
A57: L-ARGININE | C57: =(B57/100)*1000 -> 0 | E57: =(D57/100)*1000 -> 0 | G57: =(F57/100)*1000 -> 0 | I57: =(H57/100)*1000 -> 0 | K57: =(J57/100)*1000 -> 0 | M57: =(L57/100)*1000 -> 0 | O57: =(N57/100)*1000 -> 0 | Q57: =(P57/100)*1000 -> 0 | S57: =(R57/100)*1000 -> 0 | U57: =(T57/100)*1000 -> 0 | W57: =(V57/100)*1000 -> 0 | Y57: =(X57/100)*1000 -> 0 | AA57: =(Z57/100)*1000 -> 0 | AC57: =(AB57/100)*1000 -> 0 | AE57: =(AD57/100)*1000 -> 0
... A70: OC 200 - OXYTET 20% | C70: =(B70/100)*1000 -> 0 | E70: =(D70/100)*1000 -> 0 | G70: =(F70/100)*1000 -> 0 | I70: =(H70/100)*1000 -> 0 | K70: =(J70/100)*1000 -> 0 | M70: =(L70/100)*1000 -> 0 | O70: =(N70/100)*1000 -> 0 | Q70: =(P70/100)*1000 -> 0 | S70: =(R70/100)*1000 -> 0 | U70: =(T70/100)*1000 -> 0 | W70: =(V70/100)*1000 -> 0 | Y70: =(X70/100)*1000 -> 0 | AA70: =(Z70/100)*1000 -> 0 | AC70: =(AB70/100)*1000 -> 0 | AE70: =(AD70/100)*1000 -> 0
A71: 3 | C71: =(B71/100)*1000 -> 0 | E71: =(D71/100)*1000 -> 0 | G71: =(F71/100)*1000 -> 0 | I71: =(H71/100)*1000 -> 0 | K71: =(J71/100)*1000 -> 0 | M71: =(L71/100)*1000 -> 0 | O71: =(N71/100)*1000 -> 0 | Q71: =(P71/100)*1000 -> 0 | S71: =(R71/100)*1000 -> 0 | U71: =(T71/100)*1000 -> 0 | W71: =(V71/100)*1000 -> 0 | Y71: =(X71/100)*1000 -> 0 | AA71: =(Z71/100)*1000 -> 0 | AC71: =(AB71/100)*1000 -> 0 | AE71: =(AD71/100)*1000 -> 0
A72: 4 | C72: =(B72/100)*1000 -> 0 | E72: =(D72/100)*1000 -> 0 | G72: =(F72/100)*1000 -> 0 | I72: =(H72/100)*1000 -> 0 | K72: =(J72/100)*1000 -> 0 | M72: =(L72/100)*1000 -> 0 | O72: =(N72/100)*1000 -> 0 | Q72: =(P72/100)*1000 -> 0 | S72: =(R72/100)*1000 -> 0 | U72: =(T72/100)*1000 -> 0 | W72: =(V72/100)*1000 -> 0 | Y72: =(X72/100)*1000 -> 0 | AA72: =(Z72/100)*1000 -> 0 | AC72: =(AB72/100)*1000 -> 0 | AE72: =(AD72/100)*1000 -> 0
A73: WOVEN BAG (1101) - BLUE 50KG | C73: =(B73/100)*1000 -> 0 | E73: =(D73/100)*1000 -> 0 | G73: =(F73/100)*1000 -> 0 | I73: =(H73/100)*1000 -> 0 | K73: =(J73/100)*1000 -> 0 | M73: =(L73/100)*1000 -> 0 | O73: =(N73/100)*1000 -> 0 | Q73: =(P73/100)*1000 -> 0 | S73: =(R73/100)*1000 -> 0 | U73: =(T73/100)*1000 -> 0 | W73: =(V73/100)*1000 -> 0 | Y73: =(X73/100)*1000 -> 0 | AA73: =(Z73/100)*1000 -> 0 | AC73: =(AB73/100)*1000 -> 0 | AE73: =(AD73/100)*1000 -> 0
A74: WOVEN BAG (1102) - GREEN 50KG | C74: =(B74/100)*1000 -> 0 | E74: =(D74/100)*1000 -> 0 | G74: =(F74/100)*1000 -> 0 | I74: =(H74/100)*1000 -> 0 | K74: =(J74/100)*1000 -> 0 | M74: =(L74/100)*1000 -> 0 | O74: =(N74/100)*1000 -> 0 | Q74: =(P74/100)*1000 -> 0 | S74: =(R74/100)*1000 -> 0 | U74: =(T74/100)*1000 -> 0 | W74: =(V74/100)*1000 -> 0 | Y74: =(X74/100)*1000 -> 0 | AA74: =(Z74/100)*1000 -> 0 | AC74: =(AB74/100)*1000 -> 0 | AE74: =(AD74/100)*1000 -> 0
A75: WOVEN BAG (1103) - RED 50KG | C75: =(B75/100)*1000 -> 0 | E75: =(D75/100)*1000 -> 0 | G75: =(F75/100)*1000 -> 0 | I75: =(H75/100)*1000 -> 0 | K75: =(J75/100)*1000 -> 0 | M75: =(L75/100)*1000 -> 0 | O75: =(N75/100)*1000 -> 0 | Q75: =(P75/100)*1000 -> 0 | S75: =(R75/100)*1000 -> 0 | U75: =(T75/100)*1000 -> 0 | W75: =(V75/100)*1000 -> 0 | Y75: =(X75/100)*1000 -> 0 | AA75: =(Z75/100)*1000 -> 0 | AC75: =(AB75/100)*1000 -> 0 | AE75: =(AD75/100)*1000 -> 0
A76: PLAIN BAG 26" X 39" (50KG) | C76: =(B76/100)*1000 -> 0 | E76: =(D76/100)*1000 -> 0 | G76: =(F76/100)*1000 -> 0 | I76: =(H76/100)*1000 -> 0 | K76: =(J76/100)*1000 -> 0 | M76: =(L76/100)*1000 -> 0 | O76: =(N76/100)*1000 -> 0 | Q76: =(P76/100)*1000 -> 0 | S76: =(R76/100)*1000 -> 0 | U76: =(T76/100)*1000 -> 0 | W76: =(V76/100)*1000 -> 0 | Y76: =(X76/100)*1000 -> 0 | AA76: =(Z76/100)*1000 -> 0 | AC76: =(AB76/100)*1000 -> 0 | AE76: =(AD76/100)*1000 -> 0
A77: WOVEN BAG (8101) - KHAKI 50KG | C77: =(B77/100)*1000 -> 0 | E77: =(D77/100)*1000 -> 0 | G77: =(F77/100)*1000 -> 0 | I77: =(H77/100)*1000 -> 0 | K77: =(J77/100)*1000 -> 0 | M77: =(L77/100)*1000 -> 0 | O77: =(N77/100)*1000 -> 0 | Q77: =(P77/100)*1000 -> 0 | S77: =(R77/100)*1000 -> 0 | U77: =(T77/100)*1000 -> 0 | W77: =(V77/100)*1000 -> 0 | Y77: =(X77/100)*1000 -> 0 | AA77: =(Z77/100)*1000 -> 0 | AC77: =(AB77/100)*1000 -> 0 | AE77: =(AD77/100)*1000 -> 0
A78: WOVEN BAG (8102) - SKY BLUE 50KG | C78: =(B78/100)*1000 -> 0 | E78: =(D78/100)*1000 -> 0 | G78: =(F78/100)*1000 -> 0 | I78: =(H78/100)*1000 -> 0 | K78: =(J78/100)*1000 -> 0 | M78: =(L78/100)*1000 -> 0 | O78: =(N78/100)*1000 -> 0 | Q78: =(P78/100)*1000 -> 0 | S78: =(R78/100)*1000 -> 0 | U78: =(T78/100)*1000 -> 0 | W78: =(V78/100)*1000 -> 0 | Y78: =(X78/100)*1000 -> 0 | AA78: =(Z78/100)*1000 -> 0 | AC78: =(AB78/100)*1000 -> 0 | AE78: =(AD78/100)*1000 -> 0
A79: WOVEN BAG (8103) - BROWN 50KG | C79: =(B79/100)*1000 -> 0 | E79: =(D79/100)*1000 -> 0 | G79: =(F79/100)*1000 -> 0 | I79: =(H79/100)*1000 -> 0 | K79: =(J79/100)*1000 -> 0 | M79: =(L79/100)*1000 -> 0 | O79: =(N79/100)*1000 -> 0 | Q79: =(P79/100)*1000 -> 0 | S79: =(R79/100)*1000 -> 0 | U79: =(T79/100)*1000 -> 0 | W79: =(V79/100)*1000 -> 0 | Y79: =(X79/100)*1000 -> 0 | AA79: =(Z79/100)*1000 -> 0 | AC79: =(AB79/100)*1000 -> 0 | AE79: =(AD79/100)*1000 -> 0
A80: 1 | C80: =(B80/100)*1000 -> 0 | E80: =(D80/100)*1000 -> 0 | G80: =(F80/100)*1000 -> 0 | I80: =(H80/100)*1000 -> 0 | K80: =(J80/100)*1000 -> 0 | M80: =(L80/100)*1000 -> 0 | O80: =(N80/100)*1000 -> 0 | Q80: =(P80/100)*1000 -> 0 | S80: =(R80/100)*1000 -> 0 | U80: =(T80/100)*1000 -> 0 | W80: =(V80/100)*1000 -> 0 | Y80: =(X80/100)*1000 -> 0 | AA80: =(Z80/100)*1000 -> 0 | AC80: =(AB80/100)*1000 -> 0 | AE80: =(AD80/100)*1000 -> 0
A81: 2 | C81: =(B81/100)*1000 -> 0 | E81: =(D81/100)*1000 -> 0 | G81: =(F81/100)*1000 -> 0 | I81: =(H81/100)*1000 -> 0 | K81: =(J81/100)*1000 -> 0 | M81: =(L81/100)*1000 -> 0 | O81: =(N81/100)*1000 -> 0 | Q81: =(P81/100)*1000 -> 0 | S81: =(R81/100)*1000 -> 0 | U81: =(T81/100)*1000 -> 0 | W81: =(V81/100)*1000 -> 0 | Y81: =(X81/100)*1000 -> 0 | AA81: =(Z81/100)*1000 -> 0 | AC81: =(AB81/100)*1000 -> 0 | AE81: =(AD81/100)*1000 -> 0
A82: 3 | C82: =(B82/100)*1000 -> 0 | E82: =(D82/100)*1000 -> 0 | G82: =(F82/100)*1000 -> 0 | I82: =(H82/100)*1000 -> 0 | K82: =(J82/100)*1000 -> 0 | M82: =(L82/100)*1000 -> 0 | O82: =(N82/100)*1000 -> 0 | Q82: =(P82/100)*1000 -> 0 | S82: =(R82/100)*1000 -> 0 | U82: =(T82/100)*1000 -> 0 | W82: =(V82/100)*1000 -> 0 | Y82: =(X82/100)*1000 -> 0 | AA82: =(Z82/100)*1000 -> 0 | AC82: =(AB82/100)*1000 -> 0 | AE82: =(AD82/100)*1000 -> 0
A83: 4 | C83: =(B83/100)*1000 -> 0 | E83: =(D83/100)*1000 -> 0 | G83: =(F83/100)*1000 -> 0 | I83: =(H83/100)*1000 -> 0 | K83: =(J83/100)*1000 -> 0 | M83: =(L83/100)*1000 -> 0 | O83: =(N83/100)*1000 -> 0 | Q83: =(P83/100)*1000 -> 0 | S83: =(R83/100)*1000 -> 0 | U83: =(T83/100)*1000 -> 0 | W83: =(V83/100)*1000 -> 0 | Y83: =(X83/100)*1000 -> 0 | AA83: =(Z83/100)*1000 -> 0 | AC83: =(AB83/100)*1000 -> 0 | AE83: =(AD83/100)*1000 -> 0
A84: 5 | C84: =(B84/100)*1000 -> 0 | E84: =(D84/100)*1000 -> 0 | G84: =(F84/100)*1000 -> 0 | I84: =(H84/100)*1000 -> 0 | K84: =(J84/100)*1000 -> 0 | M84: =(L84/100)*1000 -> 0 | O84: =(N84/100)*1000 -> 0 | Q84: =(P84/100)*1000 -> 0 | S84: =(R84/100)*1000 -> 0 | U84: =(T84/100)*1000 -> 0 | W84: =(V84/100)*1000 -> 0 | Y84: =(X84/100)*1000 -> 0 | AA84: =(Z84/100)*1000 -> 0 | AC84: =(AB84/100)*1000 -> 0 | AE84: =(AD84/100)*1000 -> 0
A85: 6 | C85: =(B85/100)*1000 -> 0 | E85: =(D85/100)*1000 -> 0 | G85: =(F85/100)*1000 -> 0 | I85: =(H85/100)*1000 -> 0 | K85: =(J85/100)*1000 -> 0 | M85: =(L85/100)*1000 -> 0 | O85: =(N85/100)*1000 -> 0 | Q85: =(P85/100)*1000 -> 0 | S85: =(R85/100)*1000 -> 0 | U85: =(T85/100)*1000 -> 0 | W85: =(V85/100)*1000 -> 0 | Y85: =(X85/100)*1000 -> 0 | AA85: =(Z85/100)*1000 -> 0 | AC85: =(AB85/100)*1000 -> 0 | AE85: =(AD85/100)*1000 -> 0
A86: 7 | C86: =(B86/100)*1000 -> 0 | E86: =(D86/100)*1000 -> 0 | G86: =(F86/100)*1000 -> 0 | I86: =(H86/100)*1000 -> 0 | K86: =(J86/100)*1000 -> 0 | M86: =(L86/100)*1000 -> 0 | O86: =(N86/100)*1000 -> 0 | Q86: =(P86/100)*1000 -> 0 | S86: =(R86/100)*1000 -> 0 | U86: =(T86/100)*1000 -> 0 | W86: =(V86/100)*1000 -> 0 | Y86: =(X86/100)*1000 -> 0 | AA86: =(Z86/100)*1000 -> 0 | AC86: =(AB86/100)*1000 -> 0 | AE86: =(AD86/100)*1000 -> 0
A87: 8 | C87: =(B87/100)*1000 -> 0 | E87: =(D87/100)*1000 -> 0 | G87: =(F87/100)*1000 -> 0 | I87: =(H87/100)*1000 -> 0 | K87: =(J87/100)*1000 -> 0 | M87: =(L87/100)*1000 -> 0 | O87: =(N87/100)*1000 -> 0 | Q87: =(P87/100)*1000 -> 0 | S87: =(R87/100)*1000 -> 0 | U87: =(T87/100)*1000 -> 0 | W87: =(V87/100)*1000 -> 0 | Y87: =(X87/100)*1000 -> 0 | AA87: =(Z87/100)*1000 -> 0 | AC87: =(AB87/100)*1000 -> 0 | AE87: =(AD87/100)*1000 -> 0
A88: TOTAL | B88: =SUM(B6:B87) -> 100 | C88: =SUM(C6:C87) -> 1000 | D88: =SUM(D6:D87) -> 97.79 | E88: =SUM(E6:E87) -> 977.9 | F88: =SUM(F6:F87) -> 0 | G88: =SUM(G6:G87) -> 0 | H88: =SUM(H6:H87) -> 0 | I88: =SUM(I6:I87) -> 0 | ... AE88: =SUM(AE6:AE87) -> 0
A90: 1102 C/P (GROWER) | B90: 1 | D90: 2 | F90: 3 | H90: 4 | J90: 5 | L90: 6 | N90: 7 | P90: 8 | R90: 9 | T90: 10 | V90: 11 | X90: 12 | Z90: 13 | AB90: 14 | AD90: 15
B91: WS 1102 (290825)
B92: N025-06
B93: % | C93: BATCH | D93: % | E93: BATCH | F93: % | G93: BATCH | H93: % | I93: BATCH | J93: % | K93: BATCH | L93: % | M93: BATCH | N93: % | O93: BATCH | P93: % | Q93: BATCH | R93: % | S93: BATCH | T93: % | U93: BATCH | V93: % | W93: BATCH | X93: % | Y93: BATCH | Z93: % | AA93: BATCH | AB93: % | AC93: BATCH | AD93: % | AE93: BATCH
A94: =A6 -> MAIZE/CORN | B94: =1171/20 -> 58.55 | C94: =(B94/100)*1000 -> 585.5 | E94: =(D94/100)*1000 -> 0 | G94: =(F94/100)*1000 -> 0 | I94: =(H94/100)*1000 -> 0 | K94: =(J94/100)*1000 -> 0 | M94: =(L94/100)*1000 -> 0 | O94: =(N94/100)*1000 -> 0 | Q94: =(P94/100)*1000 -> 0 | S94: =(R94/100)*1000 -> 0 | U94: =(T94/100)*1000 -> 0 | W94: =(V94/100)*1000 -> 0 | Y94: =(X94/100)*1000 -> 0 | AA94: =(Z94/100)*1000 -> 0 | AC94: =(AB94/100)*1000 -> 0 | AE94: =(AD94/100)*1000 -> 0
A95: =A7 -> SOYBEAN MEAL (ARG) | B95: =508/20 -> 25.4 | C95: =(B95/100)*1000 -> 254 | E95: =(D95/100)*1000 -> 0 | G95: =(F95/100)*1000 -> 0 | I95: =(H95/100)*1000 -> 0 | K95: =(J95/100)*1000 -> 0 | M95: =(L95/100)*1000 -> 0 | O95: =(N95/100)*1000 -> 0 | Q95: =(P95/100)*1000 -> 0 | S95: =(R95/100)*1000 -> 0 | U95: =(T95/100)*1000 -> 0 | W95: =(V95/100)*1000 -> 0 | Y95: =(X95/100)*1000 -> 0 | AA95: =(Z95/100)*1000 -> 0 | AC95: =(AB95/100)*1000 -> 0 | AE95: =(AD95/100)*1000 -> 0
A96: =A8 -> SOYBEAN FULL FAT | B96: =50/20 -> 2.5 | C96: =(B96/100)*1000 -> 25 | E96: =(D96/100)*1000 -> 0 | G96: =(F96/100)*1000 -> 0 | I96: =(H96/100)*1000 -> 0 | K96: =(J96/100)*1000 -> 0 | M96: =(L96/100)*1000 -> 0 | O96: =(N96/100)*1000 -> 0 | Q96: =(P96/100)*1000 -> 0 | S96: =(R96/100)*1000 -> 0 | U96: =(T96/100)*1000 -> 0 | W96: =(V96/100)*1000 -> 0 | Y96: =(X96/100)*1000 -> 0 | AA96: =(Z96/100)*1000 -> 0 | AC96: =(AB96/100)*1000 -> 0 | AE96: =(AD96/100)*1000 -> 0
A97: =A9 -> WHEAT POLLARD | B97: =100/20 -> 5 | C97: =(B97/100)*1000 -> 50 | E97: =(D97/100)*1000 -> 0 | G97: =(F97/100)*1000 -> 0 | I97: =(H97/100)*1000 -> 0 | K97: =(J97/100)*1000 -> 0 | M97: =(L97/100)*1000 -> 0 | O97: =(N97/100)*1000 -> 0 | Q97: =(P97/100)*1000 -> 0 | S97: =(R97/100)*1000 -> 0 | U97: =(T97/100)*1000 -> 0 | W97: =(V97/100)*1000 -> 0 | Y97: =(X97/100)*1000 -> 0 | AA97: =(Z97/100)*1000 -> 0 | AC97: =(AB97/100)*1000 -> 0 | AE97: =(AD97/100)*1000 -> 0
A98: =A10 -> WHEAT | C98: =(B98/100)*1000 -> 0 | E98: =(D98/100)*1000 -> 0 | G98: =(F98/100)*1000 -> 0 | I98: =(H98/100)*1000 -> 0 | K98: =(J98/100)*1000 -> 0 | M98: =(L98/100)*1000 -> 0 | O98: =(N98/100)*1000 -> 0 | Q98: =(P98/100)*1000 -> 0 | S98: =(R98/100)*1000 -> 0 | U98: =(T98/100)*1000 -> 0 | W98: =(V98/100)*1000 -> 0 | Y98: =(X98/100)*1000 -> 0 | AA98: =(Z98/100)*1000 -> 0 | AC98: =(AB98/100)*1000 -> 0 | AE98: =(AD98/100)*1000 -> 0
A99: =A11 -> MEAT AND BONE MEAL | B99: =20/20 -> 1 | C99: =(B99/100)*1000 -> 10 | E99: =(D99/100)*1000 -> 0 | G99: =(F99/100)*1000 -> 0 | I99: =(H99/100)*1000 -> 0 | K99: =(J99/100)*1000 -> 0 | M99: =(L99/100)*1000 -> 0 | O99: =(N99/100)*1000 -> 0 | Q99: =(P99/100)*1000 -> 0 | S99: =(R99/100)*1000 -> 0 | U99: =(T99/100)*1000 -> 0 | W99: =(V99/100)*1000 -> 0 | Y99: =(X99/100)*1000 -> 0 | AA99: =(Z99/100)*1000 -> 0 | AC99: =(AB99/100)*1000 -> 0 | AE99: =(AD99/100)*1000 -> 0
A100: =A12 -> CORN GLUTEN MEAL | B100: =50/20 -> 2.5 | C100: =(B100/100)*1000 -> 25 | E100: =(D100/100)*1000 -> 0 | G100: =(F100/100)*1000 -> 0 | I100: =(H100/100)*1000 -> 0 | K100: =(J100/100)*1000 -> 0 | M100: =(L100/100)*1000 -> 0 | O100: =(N100/100)*1000 -> 0 | Q100: =(P100/100)*1000 -> 0 | S100: =(R100/100)*1000 -> 0 | U100: =(T100/100)*1000 -> 0 | W100: =(V100/100)*1000 -> 0 | Y100: =(X100/100)*1000 -> 0 | AA100: =(Z100/100)*1000 -> 0 | AC100: =(AB100/100)*1000 -> 0 | AE100: =(AD100/100)*1000 -> 0
A101: =A13 -> MEGAFAT (HARUMI) | B101: =50/20 -> 2.5 | C101: =(B101/100)*1000 -> 25 | E101: =(D101/100)*1000 -> 0 | G101: =(F101/100)*1000 -> 0 | I101: =(H101/100)*1000 -> 0 | K101: =(J101/100)*1000 -> 0 | M101: =(L101/100)*1000 -> 0 | O101: =(N101/100)*1000 -> 0 | Q101: =(P101/100)*1000 -> 0 | S101: =(R101/100)*1000 -> 0 | U101: =(T101/100)*1000 -> 0 | W101: =(V101/100)*1000 -> 0 | Y101: =(X101/100)*1000 -> 0 | AA101: =(Z101/100)*1000 -> 0 | AC101: =(AB101/100)*1000 -> 0 | AE101: =(AD101/100)*1000 -> 0
A102: =A14 -> DCP 18% | C102: =(B102/100)*1000 -> 0 | E102: =(D102/100)*1000 -> 0 | G102: =(F102/100)*1000 -> 0 | I102: =(H102/100)*1000 -> 0 | K102: =(J102/100)*1000 -> 0 | M102: =(L102/100)*1000 -> 0 | O102: =(N102/100)*1000 -> 0 | Q102: =(P102/100)*1000 -> 0 | S102: =(R102/100)*1000 -> 0 | U102: =(T102/100)*1000 -> 0 | W102: =(V102/100)*1000 -> 0 | Y102: =(X102/100)*1000 -> 0 | AA102: =(Z102/100)*1000 -> 0 | AC102: =(AB102/100)*1000 -> 0 | AE102: =(AD102/100)*1000 -> 0
A103: =A15 -> LIMESTONE POWDER (HARUMI) | B103: =10/20 -> 0.5 | C103: =(B103/100)*1000 -> 5 | E103: =(D103/100)*1000 -> 0 | G103: =(F103/100)*1000 -> 0 | I103: =(H103/100)*1000 -> 0 | K103: =(J103/100)*1000 -> 0 | M103: =(L103/100)*1000 -> 0 | O103: =(N103/100)*1000 -> 0 | Q103: =(P103/100)*1000 -> 0 | S103: =(R103/100)*1000 -> 0 | U103: =(T103/100)*1000 -> 0 | W103: =(V103/100)*1000 -> 0 | Y103: =(X103/100)*1000 -> 0 | AA103: =(Z103/100)*1000 -> 0 | AC103: =(AB103/100)*1000 -> 0 | AE103: =(AD103/100)*1000 -> 0
A104: =A16 -> CHOLINE CHLORIDE 60% | C104: =(B104/100)*1000 -> 0 | E104: =(D104/100)*1000 -> 0 | G104: =(F104/100)*1000 -> 0 | I104: =(H104/100)*1000 -> 0 | K104: =(J104/100)*1000 -> 0 | M104: =(L104/100)*1000 -> 0 | O104: =(N104/100)*1000 -> 0 | Q104: =(P104/100)*1000 -> 0 | S104: =(R104/100)*1000 -> 0 | U104: =(T104/100)*1000 -> 0 | W104: =(V104/100)*1000 -> 0 | Y104: =(X104/100)*1000 -> 0 | AA104: =(Z104/100)*1000 -> 0 | AC104: =(AB104/100)*1000 -> 0 | AE104: =(AD104/100)*1000 -> 0
A105: =A17 -> INDUSTRY FLOUR | C105: =(B105/100)*1000 -> 0 | E105: =(D105/100)*1000 -> 0 | G105: =(F105/100)*1000 -> 0 | I105: =(H105/100)*1000 -> 0 | K105: =(J105/100)*1000 -> 0 | M105: =(L105/100)*1000 -> 0 | O105: =(N105/100)*1000 -> 0 | Q105: =(P105/100)*1000 -> 0 | S105: =(R105/100)*1000 -> 0 | U105: =(T105/100)*1000 -> 0 | W105: =(V105/100)*1000 -> 0 | Y105: =(X105/100)*1000 -> 0 | AA105: =(Z105/100)*1000 -> 0 | AC105: =(AB105/100)*1000 -> 0 | AE105: =(AD105/100)*1000 -> 0
A106: =A18 -> RICE BRAN | C106: =(B106/100)*1000 -> 0 | E106: =(D106/100)*1000 -> 0 | G106: =(F106/100)*1000 -> 0 | I106: =(H106/100)*1000 -> 0 | K106: =(J106/100)*1000 -> 0 | M106: =(L106/100)*1000 -> 0 | O106: =(N106/100)*1000 -> 0 | Q106: =(P106/100)*1000 -> 0 | S106: =(R106/100)*1000 -> 0 | U106: =(T106/100)*1000 -> 0 | W106: =(V106/100)*1000 -> 0 | Y106: =(X106/100)*1000 -> 0 | AA106: =(Z106/100)*1000 -> 0 | AC106: =(AB106/100)*1000 -> 0 | AE106: =(AD106/100)*1000 -> 0
A107: =A19 -> EP 200 | C107: =(B107/100)*1000 -> 0 | E107: =(D107/100)*1000 -> 0 | G107: =(F107/100)*1000 -> 0 | I107: =(H107/100)*1000 -> 0 | K107: =(J107/100)*1000 -> 0 | M107: =(L107/100)*1000 -> 0 | O107: =(N107/100)*1000 -> 0 | Q107: =(P107/100)*1000 -> 0 | S107: =(R107/100)*1000 -> 0 | U107: =(T107/100)*1000 -> 0 | W107: =(V107/100)*1000 -> 0 | Y107: =(X107/100)*1000 -> 0 | AA107: =(Z107/100)*1000 -> 0 | AC107: =(AB107/100)*1000 -> 0 | AE107: =(AD107/100)*1000 -> 0
A108: =A20 -> SOYTIDE | C108: =(B108/100)*1000 -> 0 | E108: =(D108/100)*1000 -> 0 | G108: =(F108/100)*1000 -> 0 | I108: =(H108/100)*1000 -> 0 | K108: =(J108/100)*1000 -> 0 | M108: =(L108/100)*1000 -> 0 | O108: =(N108/100)*1000 -> 0 | Q108: =(P108/100)*1000 -> 0 | S108: =(R108/100)*1000 -> 0 | U108: =(T108/100)*1000 -> 0 | W108: =(V108/100)*1000 -> 0 | Y108: =(X108/100)*1000 -> 0 | AA108: =(Z108/100)*1000 -> 0 | AC108: =(AB108/100)*1000 -> 0 | AE108: =(AD108/100)*1000 -> 0
A109: =A21 -> DCP 18% (HARUMI) | C109: =(B109/100)*1000 -> 0 | E109: =(D109/100)*1000 -> 0 | G109: =(F109/100)*1000 -> 0 | I109: =(H109/100)*1000 -> 0 | K109: =(J109/100)*1000 -> 0 | M109: =(L109/100)*1000 -> 0 | O109: =(N109/100)*1000 -> 0 | Q109: =(P109/100)*1000 -> 0 | S109: =(R109/100)*1000 -> 0 | U109: =(T109/100)*1000 -> 0 | W109: =(V109/100)*1000 -> 0 | Y109: =(X109/100)*1000 -> 0 | AA109: =(Z109/100)*1000 -> 0 | AC109: =(AB109/100)*1000 -> 0 | AE109: =(AD109/100)*1000 -> 0
A110: =A22 -> 1 | C110: =(B110/100)*1000 -> 0 | E110: =(D110/100)*1000 -> 0 | G110: =(F110/100)*1000 -> 0 | I110: =(H110/100)*1000 -> 0 | K110: =(J110/100)*1000 -> 0 | M110: =(L110/100)*1000 -> 0 | O110: =(N110/100)*1000 -> 0 | Q110: =(P110/100)*1000 -> 0 | S110: =(R110/100)*1000 -> 0 | U110: =(T110/100)*1000 -> 0 | W110: =(V110/100)*1000 -> 0 | Y110: =(X110/100)*1000 -> 0 | AA110: =(Z110/100)*1000 -> 0 | AC110: =(AB110/100)*1000 -> 0 | AE110: =(AD110/100)*1000 -> 0
A111: =A23 -> 2 | C111: =(B111/100)*1000 -> 0 | E111: =(D111/100)*1000 -> 0 | G111: =(F111/100)*1000 -> 0 | I111: =(H111/100)*1000 -> 0 | K111: =(J111/100)*1000 -> 0 | M111: =(L111/100)*1000 -> 0 | O111: =(N111/100)*1000 -> 0 | Q111: =(P111/100)*1000 -> 0 | S111: =(R111/100)*1000 -> 0 | U111: =(T111/100)*1000 -> 0 | W111: =(V111/100)*1000 -> 0 | Y111: =(X111/100)*1000 -> 0 | AA111: =(Z111/100)*1000 -> 0 | AC111: =(AB111/100)*1000 -> 0 | AE111: =(AD111/100)*1000 -> 0
A112: =A24 -> 3 | C112: =(B112/100)*1000 -> 0 | E112: =(D112/100)*1000 -> 0 | G112: =(F112/100)*1000 -> 0 | I112: =(H112/100)*1000 -> 0 | K112: =(J112/100)*1000 -> 0 | M112: =(L112/100)*1000 -> 0 | O112: =(N112/100)*1000 -> 0 | Q112: =(P112/100)*1000 -> 0 | S112: =(R112/100)*1000 -> 0 | U112: =(T112/100)*1000 -> 0 | W112: =(V112/100)*1000 -> 0 | Y112: =(X112/100)*1000 -> 0 | AA112: =(Z112/100)*1000 -> 0 | AC112: =(AB112/100)*1000 -> 0 | AE112: =(AD112/100)*1000 -> 0
A113: =A25 -> PREMIX 1101 (20KG) | C113: =(B113/100)*1000 -> 0 | E113: =(D113/100)*1000 -> 0 | G113: =(F113/100)*1000 -> 0 | I113: =(H113/100)*1000 -> 0 | K113: =(J113/100)*1000 -> 0 | M113: =(L113/100)*1000 -> 0 | O113: =(N113/100)*1000 -> 0 | Q113: =(P113/100)*1000 -> 0 | S113: =(R113/100)*1000 -> 0 | U113: =(T113/100)*1000 -> 0 | W113: =(V113/100)*1000 -> 0 | Y113: =(X113/100)*1000 -> 0 | AA113: =(Z113/100)*1000 -> 0 | AC113: =(AB113/100)*1000 -> 0 | AE113: =(AD113/100)*1000 -> 0
...

Sheet PRODUCE
B1: MT
B2: =FORMULA!A2 -> 1101 C (STARTER) | R2: =FORMULA!A90 -> 1102 C/P (GROWER) | AH2: =FORMULA!A178 -> 1103 P (FINISHER 1) | AX2: =FORMULA!A266 -> 1104 P (FINISHER 2) | BN2: =FORMULA!A354 -> 8100&8101&8102&8103 (BROILER) | CD2: =FORMULA!A442 -> 121 (BROILER), 311, 312 | CT2: =FORMULA!A530 -> 122 (BROILER), 5201, 5202 | DJ2: =FORMULA!A618 -> 123 (BROILER) | EA2: RAW_M | EB2: =B2 -> 1101 C (STARTER) | ER2: =R2 -> 1102 C/P (GROWER) | FH2: =AH2 -> 1103 P (FINISHER 1) | FX2: =AX2 -> 1104 P (FINISHER 2) | GN2: =BN2 -> 8100&8101&8102&8103 (BROILER) | HD2: =CD2 -> 121 (BROILER), 311, 312 | HT2: =CT2 -> 122 (BROILER), 5201, 5202 | IJ2: =DJ2 -> 123 (BROILER)
B3: =FORMULA!$B$3 -> WS 1101 (251124) | C3: =FORMULA!$D$3 -> WS 1101 (220526) | D3: =FORMULA!$F$3 -> 0 | E3: =FORMULA!$H$3 -> 0 | F3: =FORMULA!$J$3 -> 0 | G3: =FORMULA!$L$3 -> 0 | H3: =FORMULA!$N$3 -> 0 | I3: =FORMULA!$P$3 -> 0 | J3: =FORMULA!$R$3 -> 0 | K3: =FORMULA!$T$3 -> 0 | L3: =FORMULA!$V$3 -> 0 | M3: =FORMULA!$X$3 -> 0 | N3: =FORMULA!$Z$3 -> 0 | O3: =FORMULA!$AB$3 -> 0 | P3: =FORMULA!$AD$3 -> 0 | R3: =FORMULA!$B$91 -> WS 1102 (290825) | S3: =FORMULA!$D$91 -> 0 | T3: =FORMULA!$F$91 -> 0 | U3: =FORMULA!$H$91 -> 0 | V3: =FORMULA!$J$91 -> 0 | W3: =FORMULA!$L$91 -> 0 | X3: =FORMULA!$N$91 -> 0 | Y3: =FORMULA!$P$91 -> 0 | Z3: =FORMULA!$R$91 -> 0 | AA3: =FORMULA!$T$91 -> 0 | AB3: =FORMULA!$V$91 -> 0 | AC3: =FORMULA!$X$91 -> 0 | AD3: =FORMULA!$Z$91 -> 0 | AE3: =FORMULA!$AB$91 -> 0 | AF3: =FORMULA!$AD$91 -> 0 | AH3: =FORMULA!$B$179 -> WS 1103 (290825) | AI3: =FORMULA!$D$179 -> WS 1103 (220526) | AJ3: =FORMULA!$F$179 -> 0 | AK3: =FORMULA!$H$179 -> 0 | AL3: =FORMULA!$J$179 -> 0 | AM3: =FORMULA!$L$179 -> 0 | AN3: =FORMULA!$N$179 -> 0 | AO3: =FORMULA!$P$179 -> 0 | AP3: =FORMULA!$R$179 -> 0 | AQ3: =FORMULA!$T$179 -> 0 | AR3: =FORMULA!$V$179 -> 0 | AS3: =FORMULA!$X$179 -> 0 | AT3: =FORMULA!$Z$179 -> 0 | AU3: =FORMULA!$AB$179 -> 0 | AV3: =FORMULA!$AD$179 -> 0 | AX3: =FORMULA!$B$267 -> 0 | AY3: =FORMULA!$D$267 -> 0 | AZ3: =FORMULA!$F$267 -> 0 | BA3: =FORMULA!$H$267 -> 0 | BB3: =FORMULA!$J$267 -> 0 | BC3: =FORMULA!$L$267 -> 0 | BD3: =FORMULA!$N$267 -> 0 | BE3: =FORMULA!$P$267 -> 0 | BF3: =FORMULA!$R$267 -> 0 | BG3: =FORMULA!$T$267 -> 0 | BH3: =FORMULA!$V$267 -> 0 | BI3: =FORMULA!$X$267 -> 0 | BJ3: =FORMULA!$Z$267 -> 0 | BK3: =FORMULA!$AB$267 -> 0 | BL3: =FORMULA!$AD$267 -> 0 | BN3: =FORMULA!$B$355 -> WS 8100 (290825) | BO3: =FORMULA!$D$355 -> WS 8100 (280426) | BP3: =FORMULA!$F$355 -> 0 | BQ3: =FORMULA!$H$355 -> WS 8102 (290825) | BR3: =FORMULA!$J$355 -> WS 8102 (121225) | BS3: =FORMULA!$L$355 -> WS 8102 (020326) | BT3: =FORMULA!$N$355 -> WS 8102 (020326) | BU3: =FORMULA!$P$355 -> WS 8102 (060526) | BV3: =FORMULA!$R$355 -> WS 8102 (060526) | BW3: =FORMULA!$T$355 -> WS 8103 (070526) | BX3: =FORMULA!$V$355 -> WS 8102 (070526) | BY3: =FORMULA!$X$355 -> WS 8103 (061125) | BZ3: =FORMULA!$Z$355 -> WS 8103 (250226) | CA3: =FORMULA!$AB$355 -> WS 8102 (080526) | CB3: =FORMULA!$AD$355 -> WS 8109 (080526) | CD3: =FORMULA!$B$443 -> YH 121 (050226) | CE3: =FORMULA!$D$443 -> YH 121 (190326) | CF3: =FORMULA!$F$443 -> YH 121 (020426) | CG3: =FORMULA!$H$443 -> 0 | CH3: =FORMULA!$J$443 -> 0 | CI3: =FORMULA!$L$443 -> 0 | CJ3: =FORMULA!$N$443 -> 0 | CK3: =FORMULA!$P$443 -> 0 | CL3: =FORMULA!$R$443 -> 0 | CM3: =FORMULA!$T$443 -> 311 (130526) | CN3: =FORMULA!$V$443 -> 312 (130526) | CO3: =FORMULA!$X$443 -> 0 | CP3: =FORMULA!$Z$443 -> 0 | CQ3: =FORMULA!$AB$443 -> 0 | CR3: =FORMULA!$AD$443 -> 0 | CT3: =FORMULA!$B$531 -> YH 122 (050226) | CU3: =FORMULA!$D$531 -> YH 122 (190326) | CV3: =FORMULA!$F$531 -> YH 122 (200426) | CW3: =FORMULA!$H$531 -> 0 | CX3: =FORMULA!$J$531 -> 0 | CY3: =FORMULA!$L$531 -> 0 | CZ3: =FORMULA!$N$531 -> 5201 (090426) | DA3: =FORMULA!$P$531 -> 5201 (090426) | DB3: =FORMULA!$R$531 -> 0 | DC3: =FORMULA!$T$531 -> 5202 (090426) | DD3: =FORMULA!$V$531 -> 5202 (090426) | DE3: =FORMULA!$X$531 -> 0 | DF3: =FORMULA!$Z$531 -> 5203 (090426) | DG3: =FORMULA!$AB$531 -> 5203 (090426) | DH3: =FORMULA!$AD$531 -> 0 | DJ3: =FORMULA!$B$619 -> YH 123 (050226) | DK3: =FORMULA!$D$619 -> YH 123 (130326) | DL3: =FORMULA!$F$619 -> YH 123 (190326) | DM3: =FORMULA!$H$619 -> YH 123 (200426) | DN3: =FORMULA!$J$619 -> 0 | DO3: =FORMULA!$L$619 -> 0 | DP3: =FORMULA!$N$619 -> 0 | DQ3: =FORMULA!$P$619 -> 0 | DR3: =FORMULA!$R$619 -> 0 | DS3: =FORMULA!$T$619 -> 0 | DT3: =FORMULA!$V$619 -> 0 | DU3: =FORMULA!$X$619 -> 0 | DV3: =FORMULA!$Z$619 -> 0 | DW3: =FORMULA!$AB$619 -> 0 | DX3: =FORMULA!$AD$619 -> 0
A4: JANUARY | B4: =FORMULA!$B$4 -> N01309AY | C4: =FORMULA!$D$4 -> 0 | D4: =FORMULA!$F$4 -> 0 | E4: =FORMULA!$H$4 -> 0 | F4: =FORMULA!$J$4 -> 0 | G4: =FORMULA!$L$4 -> 0 | H4: =FORMULA!$N$4 -> 0 | I4: =FORMULA!$P$4 -> 0 | J4: =FORMULA!$R$4 -> 0 | K4: =FORMULA!$T$4 -> 0 | L4: =FORMULA!$V$4 -> 0 | M4: =FORMULA!$X$4 -> 0 | N4: =FORMULA!$Z$4 -> 0 | O4: =FORMULA!$AB$4 -> 0 | P4: =FORMULA!$AD$4 -> 0 | R4: =FORMULA!$B$92 -> N025-06 | S4: =FORMULA!$D$92 -> 0 | T4: =FORMULA!$F$92 -> 0 | U4: =FORMULA!$H$92 -> 0 | V4: =FORMULA!$J$92 -> 0 | W4: =FORMULA!$L$92 -> 0 | X4: =FORMULA!$N$92 -> 0 | Y4: =FORMULA!$P$92 -> 0 | Z4: =FORMULA!$R$92 -> 0 | AA4: =FORMULA!$T$92 -> 0 | AB4: =FORMULA!$V$92 -> 0 | AC4: =FORMULA!$X$92 -> 0 | AD4: =FORMULA!$Z$92 -> 0 | AE4: =FORMULA!$AB$92 -> 0 | AF4: =FORMULA!$AD$92 -> 0 | AH4: =FORMULA!$B$180 -> N035-06 | AI4: =FORMULA!$D$180 -> WITH 1103 TOP UP | AJ4: =FORMULA!$F$180 -> 0 | AK4: =FORMULA!$H$180 -> 0 | AL4: =FORMULA!$J$180 -> 0 | AM4: =FORMULA!$L$180 -> 0 | AN4: =FORMULA!$N$180 -> 0 | AO4: =FORMULA!$P$180 -> 0 | AP4: =FORMULA!$R$180 -> 0 | AQ4: =FORMULA!$T$180 -> 0 | AR4: =FORMULA!$V$180 -> 0 | AS4: =FORMULA!$X$180 -> 0 | AT4: =FORMULA!$Z$180 -> 0 | AU4: =FORMULA!$AB$180 -> 0 | AV4: =FORMULA!$AD$180 -> 0 | AX4: =FORMULA!$B$268 -> 0 | AY4: =FORMULA!$D$268 -> 0 | AZ4: =FORMULA!$F$268 -> 0 | BA4: =FORMULA!$H$268 -> 0 | BB4: =FORMULA!$J$268 -> 0 | BC4: =FORMULA!$L$268 -> 0 | BD4: =FORMULA!$N$268 -> 0 | BE4: =FORMULA!$P$268 -> 0 | BF4: =FORMULA!$R$268 -> 0 | BG4: =FORMULA!$T$268 -> 0 | BH4: =FORMULA!$V$268 -> 0 | BI4: =FORMULA!$X$268 -> 0 | BJ4: =FORMULA!$Z$268 -> 0 | BK4: =FORMULA!$AB$268 -> 0 | BL4: =FORMULA!$AD$268 -> 0 | BN4: =FORMULA!$B$356 -> NR 14-04 | BO4: =FORMULA!$D$356 -> 0 | BP4: =FORMULA!$F$356 -> 0 | BQ4: =FORMULA!$H$356 -> NR 24-04Z | BR4: =FORMULA!$J$356 -> WITH BMD | BS4: =FORMULA!$L$356 -> 8102 Top Up&PM 8108 | BT4: =FORMULA!$N$356 -> 8102 Top Up&PM 8102 | BU4: =FORMULA!$P$356 -> 8102 Top Up&PM 8102 | BV4: =FORMULA!$R$356 -> 8102 Top Up&PM 8108 | BW4: =FORMULA!$T$356 -> 8103 Top Up&PM 8103 | BX4: =FORMULA!$V$356 -> 8103 Top Up&PM 8109 | BY4: =FORMULA!$X$356 -> NR 34-04 | BZ4: =FORMULA!$Z$356 -> NR 34-04 | CA4: =FORMULA!$AB$356 -> 8102 TOP UP | CB4: =FORMULA!$AD$356 -> 8103 TOP UP | CD4: =FORMULA!$B$444 -> SOYTIDE&TOXISORB | CE4: =FORMULA!$D$444 -> SOYTIDE&TOXIWALL | CF4: =FORMULA!$F$444 -> EP 200&TOXIWALL | CG4: =FORMULA!$H$444 -> 0 | CH4: =FORMULA!$J$444 -> 0 | CI4: =FORMULA!$L$444 -> 0 | CJ4: =FORMULA!$N$444 -> 0 | CK4: =FORMULA!$P$444 -> 0 | CL4: =FORMULA!$R$444 -> 0 | CM4: =FORMULA!$T$444 -> 0 | CN4: =FORMULA!$V$444 -> 0 | CO4: =FORMULA!$X$444 -> 0 | CP4: =FORMULA!$Z$444 -> 0 | CQ4: =FORMULA!$AB$444 -> 0 | CR4: =FORMULA!$AD$444 -> 0 | CT4: =FORMULA!$B$532 -> WITH TOXISORB | CU4: =FORMULA!$D$532 -> WITH TOXIWALL | CV4: =FORMULA!$F$532 -> WITH TOXIWALL, YM 20.50kg | CW4: =FORMULA!$H$532 -> 0 | CX4: =FORMULA!$J$532 -> 0 | CY4: =FORMULA!$L$532 -> 0 | CZ4: =FORMULA!$N$532 -> 0 | DA4: =FORMULA!$P$532 -> REDUCE CORN FOR 2MT | DB4: =FORMULA!$R$532 -> 0 | DC4: =FORMULA!$T$532 -> 0 | DD4: =FORMULA!$V$532 -> K20 | DE4: =FORMULA!$X$532 -> 0 | DF4: =FORMULA!$Z$532 -> ALREADY 2MT | DG4: =FORMULA!$AB$532 -> K21 | DH4: =FORMULA!$AD$532 -> 0 | DJ4: =FORMULA!$B$620 -> WITH TOXISORB | DK4: =FORMULA!$D$620 -> WITHOUT WHEAT POLLARD | DL4: =FORMULA!$F$620 -> WITH TOXIWALL | DM4: =FORMULA!$H$620 -> WITH TOXIWALL, YM 20.00kg | DN4: =FORMULA!$J$620 -> 0 | DO4: =FORMULA!$L$620 -> 0 | DP4: =FORMULA!$N$620 -> 0 | DQ4: =FORMULA!$P$620 -> 0 | DR4: =FORMULA!$R$620 -> 0 | DS4: =FORMULA!$T$620 -> 0 | DT4: =FORMULA!$V$620 -> 0 | DU4: =FORMULA!$X$620 -> 0 | DV4: =FORMULA!$Z$620 -> 0 | DW4: =FORMULA!$AB$620 -> 0 | DX4: =FORMULA!$AD$620 -> 0
A5: ='VAC & MED'!C6 -> 46023 | EB5: =FORMULA!$B$4 -> N01309AY | EC5: =FORMULA!$C$4 -> 0 | ED5: =FORMULA!$F$4 -> 0 | EE5: =FORMULA!$H$4 -> 0 | EF5: =FORMULA!$J$4 -> 0 | EG5: =FORMULA!$L$4 -> 0 | EH5: =FORMULA!$N$4 -> 0 | EI5: =FORMULA!$P$4 -> 0 | EJ5: =FORMULA!$R$4 -> 0 | EK5: =FORMULA!$T$4 -> 0 | EL5: =FORMULA!$V$4 -> 0 | EM5: =FORMULA!$X$4 -> 0 | EN5: =FORMULA!$Z$4 -> 0 | EO5: =FORMULA!$AB$4 -> 0 | EP5: =FORMULA!$AD$4 -> 0 | ER5: =FORMULA!$B$92 -> N025-06 | ES5: =FORMULA!$D$92 -> 0 | ET5: =FORMULA!$F$92 -> 0 | EU5: =FORMULA!$H$92 -> 0 | EV5: =FORMULA!$J$92 -> 0 | EW5: =FORMULA!$L$92 -> 0 | EX5: =FORMULA!$N$92 -> 0 | EY5: =FORMULA!$P$92 -> 0 | EZ5: =FORMULA!$R$92 -> 0 | FA5: =FORMULA!$T$92 -> 0 | FB5: =FORMULA!$V$92 -> 0 | FC5: =FORMULA!$X$92 -> 0 | FD5: =FORMULA!$Z$92 -> 0 | FE5: =FORMULA!$AB$92 -> 0 | FF5: =FORMULA!$AD$92 -> 0 | FH5: =FORMULA!$B$180 -> N035-06 | FI5: =FORMULA!$D$180 -> WITH 1103 TOP UP | FJ5: =FORMULA!$F$180 -> 0 | FK5: =FORMULA!$H$180 -> 0 | FL5: =FORMULA!$J$180 -> 0 | FM5: =FORMULA!$L$180 -> 0 | FN5: =FORMULA!$N$180 -> 0 | FO5: =FORMULA!$P$180 -> 0 | FP5: =FORMULA!$R$180 -> 0 | FQ5: =FORMULA!$T$180 -> 0 | FR5: =FORMULA!$V$180 -> 0 | FS5: =FORMULA!$X$180 -> 0 | FT5: =FORMULA!$Z$180 -> 0 | FU5: =FORMULA!$AB$180 -> 0 | FV5: =FORMULA!$AD$180 -> 0 | FX5: =FORMULA!$B$268 -> 0 | FY5: =FORMULA!$D$268 -> 0 | FZ5: =FORMULA!$F$268 -> 0 | GA5: =FORMULA!$H$268 -> 0 | GB5: =FORMULA!$J$268 -> 0 | GC5: =FORMULA!$L$268 -> 0 | GD5: =FORMULA!$N$268 -> 0 | GE5: =FORMULA!$P$268 -> 0 | GF5: =FORMULA!R$268 -> 0 | GG5: =FORMULA!$T$268 -> 0 | GH5: =FORMULA!$V$268 -> 0 | GI5: =FORMULA!$X$268 -> 0 | GJ5: =FORMULA!$Z$268 -> 0 | GK5: =FORMULA!AB$268 -> 0 | GL5: =FORMULA!AD$268 -> 0 | GN5: =FORMULA!$B$356 -> NR 14-04 | GO5: =FORMULA!$D$356 -> 0 | GP5: =FORMULA!$F$356 -> 0 | GQ5: =FORMULA!$H$356 -> NR 24-04Z | GR5: =FORMULA!$J$356 -> WITH BMD | GS5: =FORMULA!$L$356 -> 8102 Top Up&PM 8108 | GT5: =FORMULA!$N$356 -> 8102 Top Up&PM 8102 | GU5: =FORMULA!$P$356 -> 8102 Top Up&PM 8102 | GV5: =FORMULA!$R$356 -> 8102 Top Up&PM 8108 | GW5: =FORMULA!$T$356 -> 8103 Top Up&PM 8103 | GX5: =FORMULA!$V$356 -> 8103 Top Up&PM 8109 | GY5: =FORMULA!$X$356 -> NR 34-04 | GZ5: =FORMULA!$Z$356 -> NR 34-04 | HA5: =FORMULA!$AB$356 -> 8102 TOP UP | HB5: =FORMULA!$AD$356 -> 8103 TOP UP | HD5: =FORMULA!$B$444 -> SOYTIDE&TOXISORB | HE5: =FORMULA!$D$444 -> SOYTIDE&TOXIWALL | HF5: =FORMULA!$F$444 -> EP 200&TOXIWALL | HG5: =FORMULA!$H$444 -> 0 | HH5: =FORMULA!$J$444 -> 0 | HI5: =FORMULA!$L$444 -> 0 | HJ5: =FORMULA!$N$444 -> 0 | HK5: =FORMULA!$P$444 -> 0 | HL5: =FORMULA!$R$444 -> 0 | HM5: =FORMULA!$T$444 -> 0 | HN5: =FORMULA!$V$444 -> 0 | HO5: =FORMULA!$X$444 -> 0 | HP5: =FORMULA!$Z$444 -> 0 | HQ5: =FORMULA!$AB$444 -> 0 | HR5: =FORMULA!$AD$444 -> 0 | HT5: =FORMULA!$B$532 -> WITH TOXISORB | HU5: =FORMULA!$D$532 -> WITH TOXIWALL | HV5: =FORMULA!$F$532 -> WITH TOXIWALL, YM 20.50kg | HW5: =FORMULA!$H$532 -> 0 | HX5: =FORMULA!$J$532 -> 0 | HY5: =FORMULA!$L$532 -> 0 | HZ5: =FORMULA!$N$532 -> 0 | IA5: =FORMULA!$P$532 -> REDUCE CORN FOR 2MT | IB5: =FORMULA!$R$532 -> 0 | IC5: =FORMULA!$T$532 -> 0 | ID5: =FORMULA!$V$532 -> K20 | IE5: =FORMULA!$X$532 -> 0 | IF5: =FORMULA!$Z$532 -> ALREADY 2MT | IG5: =FORMULA!$AB$532 -> K21 | IH5: =FORMULA!$AD$532 -> 0 | IJ5: =FORMULA!$B$620 -> WITH TOXISORB | IK5: =FORMULA!$D$620 -> WITHOUT WHEAT POLLARD | IL5: =FORMULA!$F$620 -> WITH TOXIWALL | IM5: =FORMULA!$H$620 -> WITH TOXIWALL, YM 20.00kg | IN5: =FORMULA!$J$620 -> 0 | IO5: =FORMULA!$L$620 -> 0 | IP5: =FORMULA!$N$620 -> 0 | IQ5: =FORMULA!$P$620 -> 0 | IR5: =FORMULA!$R$620 -> 0 | IS5: =FORMULA!$T$620 -> 0 | IT5: =FORMULA!$V$620 -> 0 | IU5: =FORMULA!$X$620 -> 0 | IV5: =FORMULA!$Z$620 -> 0 | IW5: =FORMULA!$AB$620 -> 0 | IX5: =FORMULA!$AD$620 -> 0
A6: ='VAC & MED'!C7 -> 46024 | AH6: 40 | BQ6: 28 | EB6: =FORMULA!$B$4 -> N01309AY | EC6: =FORMULA!$B$4 -> N01309AY | ED6: =FORMULA!$B$4 -> N01309AY | EE6: =FORMULA!$H$4 -> 0 | EF6: =FORMULA!$J$4 -> 0 | EG6: =FORMULA!$L$4 -> 0 | EH6: =FORMULA!$N$4 -> 0 | EI6: =FORMULA!$P$4 -> 0 | EJ6: =FORMULA!$R$4 -> 0 | EK6: =FORMULA!$T$4 -> 0 | ER6: =FORMULA!$B$92 -> N025-06 | ES6: =FORMULA!$D$92 -> 0 | ET6: =FORMULA!$F$92 -> 0 | EU6: =FORMULA!$H$92 -> 0 | EV6: =FORMULA!$J$92 -> 0 | EW6: =FORMULA!$L$92 -> 0 | EX6: =FORMULA!$N$92 -> 0 | EY6: =FORMULA!$P$92 -> 0 | EZ6: =FORMULA!$R$92 -> 0 | FA6: =FORMULA!$R$92 -> 0 | FB6: =FORMULA!$R$92 -> 0 | FC6: =FORMULA!$R$92 -> 0 | FD6: =FORMULA!$R$92 -> 0 | FE6: =FORMULA!$R$92 -> 0 | FF6: =FORMULA!$T$92 -> 0 | FH6: =FORMULA!$B$92 -> N025-06 | FI6: =FORMULA!$D$92 -> 0 | FJ6: =FORMULA!$F$92 -> 0 | FK6: =FORMULA!$H$92 -> 0 | FL6: =FORMULA!$J$92 -> 0 | FM6: =FORMULA!$L$92 -> 0 | FN6: =FORMULA!$N$92 -> 0 | FO6: =FORMULA!$P$92 -> 0 | FP6: =FORMULA!$R$92 -> 0 | FQ6: =FORMULA!$R$92 -> 0 | FR6: =FORMULA!$R$92 -> 0 | FS6: =FORMULA!$R$92 -> 0 | FT6: =FORMULA!$R$92 -> 0 | FU6: =FORMULA!$R$92 -> 0 | FV6: =FORMULA!$T$92 -> 0 | FX6: =FORMULA!$B$268 -> 0 | FY6: =FORMULA!$D$268 -> 0 | FZ6: =FORMULA!$F$268 -> 0 | GA6: =FORMULA!$H$268 -> 0 | GB6: =FORMULA!$J$268 -> 0 | GC6: =FORMULA!$L$268 -> 0 | GD6: =FORMULA!$N$268 -> 0 | GE6: =FORMULA!$P$268 -> 0 | GF6: =FORMULA!$R$268 -> 0 | GG6: =FORMULA!$R$268 -> 0 | GH6: =FORMULA!$R$268 -> 0 | GI6: =FORMULA!$R$268 -> 0 | GJ6: =FORMULA!$R$268 -> 0 | GK6: =FORMULA!$R$268 -> 0 | GN6: =FORMULA!$B$268 -> 0 | GO6: =FORMULA!$D$268 -> 0 | GP6: =FORMULA!$F$268 -> 0 | GQ6: =FORMULA!$H$268 -> 0 | GR6: =FORMULA!$J$268 -> 0 | GS6: =FORMULA!$L$268 -> 0 | GT6: =FORMULA!$N$268 -> 0 | GU6: =FORMULA!$P$268 -> 0 | GV6: =FORMULA!$R$268 -> 0 | GW6: =FORMULA!$R$268 -> 0 | GX6: =FORMULA!$R$268 -> 0 | GY6: =FORMULA!$R$268 -> 0 | GZ6: =FORMULA!$R$268 -> 0 | HA6: =FORMULA!$R$268 -> 0 | HB6: =FORMULA!$R$268 -> 0 | HD6: =FORMULA!$B$268 -> 0 | HE6: =FORMULA!$D$268 -> 0 | HF6: =FORMULA!$F$268 -> 0 | HG6: =FORMULA!$H$268 -> 0 | HH6: =FORMULA!$J$268 -> 0 | HI6: =FORMULA!$L$268 -> 0 | HJ6: =FORMULA!$N$268 -> 0 | HK6: =FORMULA!$P$268 -> 0 | HL6: =FORMULA!$R$268 -> 0 | HM6: =FORMULA!$R$268 -> 0 | HN6: =FORMULA!$R$268 -> 0 | HO6: =FORMULA!$R$268 -> 0 | HP6: =FORMULA!$R$268 -> 0 | HQ6: =FORMULA!$R$268 -> 0 | HT6: =FORMULA!$B$268 -> 0 | HU6: =FORMULA!$D$268 -> 0 | HV6: =FORMULA!$F$268 -> 0 | HW6: =FORMULA!$H$268 -> 0 | HX6: =FORMULA!$J$268 -> 0 | HY6: =FORMULA!$L$268 -> 0 | HZ6: =FORMULA!$N$268 -> 0 | IA6: =FORMULA!$P$268 -> 0 | IB6: =FORMULA!$R$268 -> 0 | IC6: =FORMULA!$R$268 -> 0 | ID6: =FORMULA!$R$268 -> 0 | IE6: =FORMULA!$R$268 -> 0 | IF6: =FORMULA!$R$268 -> 0 | IG6: =FORMULA!$R$268 -> 0 | IJ6: =FORMULA!$B$268 -> 0 | IK6: =FORMULA!$D$268 -> 0 | IL6: =FORMULA!$F$268 -> 0 | IM6: =FORMULA!$H$268 -> 0 | IN6: =FORMULA!$J$268 -> 0 | IO6: =FORMULA!$L$268 -> 0 | IP6: =FORMULA!$N$268 -> 0 | IQ6: =FORMULA!$P$268 -> 0 | IR6: =FORMULA!$R$268 -> 0 | IS6: =FORMULA!$R$268 -> 0 | IT6: =FORMULA!$R$268 -> 0 | IU6: =FORMULA!$R$268 -> 0 | IV6: =FORMULA!$R$268 -> 0 | IW6: =FORMULA!$R$268 -> 0
A7: ='VAC & MED'!C8 -> 46025 | AH7: 50 | BQ7: 12 | BR7: 30 | EA7: =FORMULA!$A$6 -> MAIZE/CORN | EB7: =FORMULA!$C$6 -> 535.1 | EC7: =FORMULA!$E$6 -> 568.4 | ED7: =FORMULA!$G$6 -> 0 | EE7: =FORMULA!$I$6 -> 0 | EF7: =FORMULA!$K$6 -> 0 | EG7: =FORMULA!$M$6 -> 0 | EH7: =FORMULA!$O$6 -> 0 | EI7: =FORMULA!$Q$6 -> 0 | EJ7: =FORMULA!$S$6 -> 0 | EK7: =FORMULA!$U$6 -> 0 | EL7: =FORMULA!$W$6 -> 0 | EM7: =FORMULA!$Y$6 -> 0 | EN7: =FORMULA!$AA$6 -> 0 | EO7: =FORMULA!$AC$6 -> 0 | EP7: =FORMULA!$AE$6 -> 0 | ER7: =FORMULA!$C$94 -> 585.5 | ES7: =FORMULA!$E94 -> 0 | ET7: =FORMULA!$G94 -> 0 | EU7: =FORMULA!$I94 -> 0 | EV7: =FORMULA!$K94 -> 0 | EW7: =FORMULA!$M94 -> 0 | EX7: =FORMULA!$O94 -> 0 | EY7: =FORMULA!$Q94 -> 0 | EZ7: =FORMULA!$S94 -> 0 | FA7: =FORMULA!$U94 -> 0 | FB7: =FORMULA!$W94 -> 0 | FC7: =FORMULA!$Y94 -> 0 | FD7: =FORMULA!$AA94 -> 0 | FE7: =FORMULA!$AC94 -> 0 | FF7: =FORMULA!$AE94 -> 0 | FH7: =FORMULA!$C182 -> 627.5 | FI7: =FORMULA!$E182 -> 649.2 | FJ7: =FORMULA!$G182 -> 0 | FK7: =FORMULA!$I182 -> 0 | FL7: =FORMULA!$K182 -> 0 | FM7: =FORMULA!$M182 -> 0 | FN7: =FORMULA!$O182 -> 0 | FO7: =FORMULA!$Q182 -> 0 | FP7: =FORMULA!$S182 -> 0 | FQ7: =FORMULA!$U182 -> 0 | FR7: =FORMULA!$W182 -> 0 | FS7: =FORMULA!$Y182 -> 0 | FT7: =FORMULA!$AA182 -> 0 | FU7: =FORMULA!$AC182 -> 0 | FV7: =FORMULA!$AE182 -> 0 | FX7: =FORMULA!$C270 -> 0 | FY7: =FORMULA!$E270 -> 0 | FZ7: =FORMULA!$G270 -> 0 | GA7: =FORMULA!$I270 -> 0 | GB7: =FORMULA!$K270 -> 0 | GC7: =FORMULA!$M270 -> 0 | GD7: =FORMULA!$O270 -> 0 | GE7: =FORMULA!$Q270 -> 0 | GF7: =FORMULA!$S270 -> 0 | GG7: =FORMULA!$U270 -> 0 | GH7: =FORMULA!$W270 -> 0 | GI7: =FORMULA!$Y270 -> 0 | GJ7: =FORMULA!$AA270 -> 0 | GK7: =FORMULA!$AC270 -> 0 | GL7: =FORMULA!$AE270 -> 0 | GN7: =FORMULA!$C358 -> 539.1 | GO7: =FORMULA!$E358 -> 538.32 | GP7: =FORMULA!$G358 -> 0 | GQ7: =FORMULA!$I358 -> 537.5 | GR7: =FORMULA!$K358 -> 536.5 | GS7: =FORMULA!$M358 -> 506.38 | GT7: =FORMULA!$O358 -> 506.38 | GU7: =FORMULA!$Q358 -> 556.38 | GV7: =FORMULA!$S358 -> 556.38 | GW7: =FORMULA!$U358 -> 557.88 | GX7: =FORMULA!$W358 -> 557.88 | GY7: =FORMULA!$Y358 -> 620.25 | GZ7: =FORMULA!$AA358 -> 620.5 | HA7: =FORMULA!$AC358 -> 555.38 | HB7: =FORMULA!$AE358 -> 555.88 | HD7: =FORMULA!$C446 -> 515.55 | HE7: =FORMULA!$E446 -> 516.55 | HF7: =FORMULA!$G446 -> 519.065 | HG7: =FORMULA!$I446 -> 0 | HH7: =FORMULA!$K446 -> 0 | HI7: =FORMULA!$M446 -> 0 | HJ7: =FORMULA!$O446 -> 0 | HK7: =FORMULA!$Q446 -> 0 | HL7: =FORMULA!$S446 -> 0 | HM7: =FORMULA!$U446 -> 577 | HN7: =FORMULA!$W446 -> 616 | HO7: =FORMULA!$Y446 -> 0 | HP7: =FORMULA!$AA446 -> 0 | HQ7: =FORMULA!$AC446 -> 0 | HR7: =FORMULA!$AE446 -> 0 | HT7: =FORMULA!$C534 -> 501.35 | HU7: =FORMULA!$E534 -> 502.35 | HV7: =FORMULA!$G534 -> 501.35 | HW7: =FORMULA!$I534 -> 0 | HX7: =FORMULA!$K534 -> 0 | HY7: =FORMULA!$M534 -> 0 | HZ7: =FORMULA!$O534 -> 524.85 | IA7: =FORMULA!$Q534 -> 511.25 | IB7: =FORMULA!$S534 -> 0 | IC7: =FORMULA!$U534 -> 545.145 | ID7: =FORMULA!$W534 -> 543.95 | IE7: =FORMULA!$Y534 -> 0 | IF7: =FORMULA!$AA534 -> 614.4 | IG7: =FORMULA!$AC534 -> 606.7 | IH7: =FORMULA!$AE534 -> 0 | IJ7: =FORMULA!$C622 -> 534.6 | IK7: =FORMULA!$E622 -> 501.03 | IL7: =FORMULA!$G622 -> 535.6 | IM7: =FORMULA!$I622 -> 534.5 | IN7: =FORMULA!$K622 -> 0 | IO7: =FORMULA!$M622 -> 0 | IP7: =FORMULA!$O622 -> 0 | IQ7: =FORMULA!$Q622 -> 0 | IR7: =FORMULA!$S622 -> 0 | IS7: =FORMULA!$U622 -> 0 | IT7: =FORMULA!$W622 -> 0 | IU7: =FORMULA!$Y622 -> 0 | IV7: =FORMULA!$AA622 -> 0 | IW7: =FORMULA!$AC622 -> 0 | IX7: =FORMULA!$AE622 -> 0
A8: ='VAC & MED'!C9 -> 46026 | EA8: =FORMULA!$A$7 -> SOYBEAN MEAL (ARG) | EB8: =FORMULA!$C7 -> 326.25 | EC8: =FORMULA!$E7 -> 327.8 | ED8: =FORMULA!$G7 -> 0 | EE8: =FORMULA!$I7 -> 0 | EF8: =FORMULA!$K7 -> 0 | EG8: =FORMULA!$M7 -> 0 | EH8: =FORMULA!$O7 -> 0 | EI8: =FORMULA!$Q7 -> 0 | EJ8: =FORMULA!$S7 -> 0 | EK8: =FORMULA!$U7 -> 0 | EL8: =FORMULA!$W7 -> 0 | EM8: =FORMULA!$Y7 -> 0 | EN8: =FORMULA!$AA7 -> 0 | EO8: =FORMULA!$AC7 -> 0 | EP8: =FORMULA!$AE7 -> 0 | ER8: =FORMULA!$C95 -> 254 | ES8: =FORMULA!$E95 -> 0 | ET8: =FORMULA!$G95 -> 0 | EU8: =FORMULA!$I95 -> 0 | EV8: =FORMULA!$K95 -> 0 | EW8: =FORMULA!$M95 -> 0 | EX8: =FORMULA!$O95 -> 0 | EY8: =FORMULA!$Q95 -> 0 | EZ8: =FORMULA!$S95 -> 0 | FA8: =FORMULA!$U95 -> 0 | FB8: =FORMULA!$W95 -> 0 | FC8: =FORMULA!$Y95 -> 0 | FD8: =FORMULA!$AA95 -> 0 | FE8: =FORMULA!$AC95 -> 0 | FF8: =FORMULA!$AE95 -> 0 | FH8: =FORMULA!$C183 -> 136.5 | FI8: =FORMULA!$E183 -> 161.55 | FJ8: =FORMULA!$G183 -> 0 | FK8: =FORMULA!$I183 -> 0 | FL8: =FORMULA!$K183 -> 0 | FM8: =FORMULA!$M183 -> 0 | FN8: =FORMULA!$O183 -> 0 | FO8: =FORMULA!$Q183 -> 0 | FP8: =FORMULA!$S183 -> 0 | FQ8: =FORMULA!$U183 -> 0 | FR8: =FORMULA!$W183 -> 0 | FS8: =FORMULA!$Y183 -> 0 | FT8: =FORMULA!$AA183 -> 0 | FU8: =FORMULA!$AC183 -> 0 | FV8: =FORMULA!$AE183 -> 0 | FX8: =FORMULA!$C271 -> 0 | FY8: =FORMULA!$E271 -> 0 | FZ8: =FORMULA!$G271 -> 0 | GA8: =FORMULA!$I271 -> 0 | GB8: =FORMULA!$K271 -> 0 | GC8: =FORMULA!$M271 -> 0 | GD8: =FORMULA!$O271 -> 0 | GE8: =FORMULA!$Q271 -> 0 | GF8: =FORMULA!$S271 -> 0 | GG8: =FORMULA!$U271 -> 0 | GH8: =FORMULA!$W271 -> 0 | GI8: =FORMULA!$Y271 -> 0 | GJ8: =FORMULA!$AA271 -> 0 | GK8: =FORMULA!$AC271 -> 0 | GL8: =FORMULA!$AE271 -> 0 | GN8: =FORMULA!$C359 -> 302 | GO8: =FORMULA!$E359 -> 285.6 | GP8: =FORMULA!$G359 -> 0 | GQ8: =FORMULA!$I359 -> 279 | GR8: =FORMULA!$K359 -> 279 | GS8: =FORMULA!$M359 -> 317.2 | GT8: =FORMULA!$O359 -> 317.2 | GU8: =FORMULA!$Q359 -> 317.2 | GV8: =FORMULA!$S359 -> 317.2 | GW8: =FORMULA!$U359 -> 317.2 | GX8: =FORMULA!$W359 -> 317.2 | GY8: =FORMULA!$Y359 -> 201.75 | GZ8: =FORMULA!$AA359 -> 201.5 | HA8: =FORMULA!$AC359 -> 317.2 | HB8: =FORMULA!$AE359 -> 317.2 | HD8: =FORMULA!$C447 -> 238.5 | HE8: =FORMULA!$E447 -> 238.5 | HF8: =FORMULA!$G447 -> 232.335 | HG8: =FORMULA!$I447 -> 0 | HH8: =FORMULA!$K447 -> 0 | HI8: =FORMULA!$M447 -> 0 | HJ8: =FORMULA!$O447 -> 0 | HK8: =FORMULA!$Q447 -> 0 | HL8: =FORMULA!$S447 -> 0 | HM8: =FORMULA!$U447 -> 257 | HN8: =FORMULA!$W447 -> 200 | HO8: =FORMULA!$Y447 -> 0 | HP8: =FORMULA!$AA447 -> 0 | HQ8: =FORMULA!$AC447 -> 0 | HR8: =FORMULA!$AE447 -> 0 | HT8: =FORMULA!$C535 -> 205 | HU8: =FORMULA!$E535 -> 205 | HV8: =FORMULA!$G535 -> 205 | HW8: =FORMULA!$I535 -> 0 | HX8: =FORMULA!$K535 -> 0 | HY8: =FORMULA!$M535 -> 0 | HZ8: =FORMULA!$O535 -> 336.07 | IA8: =FORMULA!$Q535 -> 336.07 | IB8: =FORMULA!$S535 -> 0 | IC8: =FORMULA!$U535 -> 297.485 | ID8: =FORMULA!$W535 -> 297.5 | IE8: =FORMULA!$Y535 -> 0 | IF8: =FORMULA!$AA535 -> 223.8 | IG8: =FORMULA!$AC535 -> 215.6 | IH8: =FORMULA!$AE535 -> 0 | IJ8: =FORMULA!$C623 -> 171.5 | IK8: =FORMULA!$E623 -> 195 | IL8: =FORMULA!$G623 -> 171.5 | IM8: =FORMULA!$I623 -> 171.5 | IN8: =FORMULA!$K623 -> 0 | IO8: =FORMULA!$M623 -> 0 | IP8: =FORMULA!$O623 -> 0 | IQ8: =FORMULA!$Q623 -> 0 | IR8: =FORMULA!$S623 -> 0 | IS8: =FORMULA!$U623 -> 0 | IT8: =FORMULA!$W623 -> 0 | IU8: =FORMULA!$Y623 -> 0 | IV8: =FORMULA!$AA623 -> 0 | IW8: =FORMULA!$AC623 -> 0 | IX8: =FORMULA!$AE623 -> 0
A9: ='VAC & MED'!C10 -> 46027 | BY9: 120 | EA9: =FORMULA!$A$8 -> SOYBEAN FULL FAT | EB9: =FORMULA!$C8 -> 25 | EC9: =FORMULA!$E8 -> 25 | ED9: =FORMULA!$G8 -> 0 | EE9: =FORMULA!$I8 -> 0 | EF9: =FORMULA!$K8 -> 0 | EG9: =FORMULA!$M8 -> 0 | EH9: =FORMULA!$O8 -> 0 | EI9: =FORMULA!$Q8 -> 0 | EJ9: =FORMULA!$S8 -> 0 | EK9: =FORMULA!$U8 -> 0 | EL9: =FORMULA!$W8 -> 0 | EM9: =FORMULA!$Y8 -> 0 | EN9: =FORMULA!$AA8 -> 0 | EO9: =FORMULA!$AC8 -> 0 | EP9: =FORMULA!$AE8 -> 0 | ER9: =FORMULA!$C96 -> 25 | ES9: =FORMULA!$E96 -> 0 | ET9: =FORMULA!$G96 -> 0 | EU9: =FORMULA!$I96 -> 0 | EV9: =FORMULA!$K96 -> 0 | EW9: =FORMULA!$M96 -> 0 | EX9: =FORMULA!$O96 -> 0 | EY9: =FORMULA!$Q96 -> 0 | EZ9: =FORMULA!$S96 -> 0 | FA9: =FORMULA!$U96 -> 0 | FB9: =FORMULA!$W96 -> 0 | FC9: =FORMULA!$Y96 -> 0 | FD9: =FORMULA!$AA96 -> 0 | FE9: =FORMULA!$AC96 -> 0 | FF9: =FORMULA!$AE96 -> 0 | FH9: =FORMULA!$C184 -> 80 | FI9: =FORMULA!$E184 -> 75 | FJ9: =FORMULA!$G184 -> 0 | FK9: =FORMULA!$I184 -> 0 | FL9: =FORMULA!$K184 -> 0 | FM9: =FORMULA!$M184 -> 0 | FN9: =FORMULA!$O184 -> 0 | FO9: =FORMULA!$Q184 -> 0 | FP9: =FORMULA!$S184 -> 0 | FQ9: =FORMULA!$U184 -> 0 | FR9: =FORMULA!$W184 -> 0 | FS9: =FORMULA!$Y184 -> 0 | FT9: =FORMULA!$AA184 -> 0 | FU9: =FORMULA!$AC184 -> 0 | FV9: =FORMULA!$AE184 -> 0 | FX9: =FORMULA!$C272 -> 0 | FY9: =FORMULA!$E272 -> 0 | FZ9: =FORMULA!$G272 -> 0 | GA9: =FORMULA!$I272 -> 0 | GB9: =FORMULA!$K272 -> 0 | GC9: =FORMULA!$M272 -> 0 | GD9: =FORMULA!$O272 -> 0 | GE9: =FORMULA!$Q272 -> 0 | GF9: =FORMULA!$S272 -> 0 | GG9: =FORMULA!$U272 -> 0 | GH9: =FORMULA!$W272 -> 0 | GI9: =FORMULA!$Y272 -> 0 | GJ9: =FORMULA!$AA272 -> 0 | GK9: =FORMULA!$AC272 -> 0 | GL9: =FORMULA!$AE272 -> 0 | GN9: =FORMULA!$C360 -> 50 | GO9: =FORMULA!$E360 -> 50 | GP9: =FORMULA!$G360 -> 0 | GQ9: =FORMULA!$I360 -> 50 | GR9: =FORMULA!$K360 -> 50 | GS9: =FORMULA!$M360 -> 50 | GT9: =FORMULA!$O360 -> 50 | GU9: =FORMULA!$Q360 -> 50 | GV9: =FORMULA!$S360 -> 50 | GW9: =FORMULA!$U360 -> 50 | GX9: =FORMULA!$W360 -> 50 | GY9: =FORMULA!$Y360 -> 45 | GZ9: =FORMULA!$AA360 -> 45 | HA9: =FORMULA!$AC360 -> 50 | HB9: =FORMULA!$AE360 -> 50 | HD9: =FORMULA!$C448 -> 66.5 | HE9: =FORMULA!$E448 -> 66.5 | HF9: =FORMULA!$G448 -> 66.665 | HG9: =FORMULA!$I448 -> 0 | HH9: =FORMULA!$K448 -> 0 | HI9: =FORMULA!$M448 -> 0 | HJ9: =FORMULA!$O448 -> 0 | HK9: =FORMULA!$Q448 -> 0 | HL9: =FORMULA!$S448 -> 0 | HM9: =FORMULA!$U448 -> 30 | HN9: =FORMULA!$W448 -> 40 | HO9: =FORMULA!$Y448 -> 0 | HP9: =FORMULA!$AA448 -> 0 | HQ9: =FORMULA!$AC448 -> 0 | HR9: =FORMULA!$AE448 -> 0 | HT9: =FORMULA!$C536 -> 83.5 | HU9: =FORMULA!$E536 -> 83.5 | HV9: =FORMULA!$G536 -> 83.5 | HW9: =FORMULA!$I536 -> 0 | HX9: =FORMULA!$K536 -> 0 | HY9: =FORMULA!$M536 -> 0 | HZ9: =FORMULA!$O536 -> 50 | IA9: =FORMULA!$Q536 -> 50 | IB9: =FORMULA!$S536 -> 0 | IC9: =FORMULA!$U536 -> 60 | ID9: =FORMULA!$W536 -> 60 | IE9: =FORMULA!$Y536 -> 0 | IF9: =FORMULA!$AA536 -> 70 | IG9: =FORMULA!$AC536 -> 70 | IH9: =FORMULA!$AE536 -> 0 | IJ9: =FORMULA!$C624 -> 85 | IK9: =FORMULA!$E624 -> 100 | IL9: =FORMULA!$G624 -> 85 | IM9: =FORMULA!$I624 -> 85 | IN9: =FORMULA!$K624 -> 0 | IO9: =FORMULA!$M624 -> 0 | IP9: =FORMULA!$O624 -> 0 | IQ9: =FORMULA!$Q624 -> 0 | IR9: =FORMULA!$S624 -> 0 | IS9: =FORMULA!$U624 -> 0 | IT9: =FORMULA!$W624 -> 0 | IU9: =FORMULA!$Y624 -> 0 | IV9: =FORMULA!$AA624 -> 0 | IW9: =FORMULA!$AC624 -> 0 | IX9: =FORMULA!$AE624 -> 0
A10: ='VAC & MED'!C11 -> 46028 | BR10: 70 | BY10: 10 | EA10: =FORMULA!$A$9 -> WHEAT POLLARD | EB10: =FORMULA!$C9 -> 50 | EC10: =FORMULA!$E9 -> 0 | ED10: =FORMULA!$G9 -> 0 | EE10: =FORMULA!$I9 -> 0 | EF10: =FORMULA!$K9 -> 0 | EG10: =FORMULA!$M9 -> 0 | EH10: =FORMULA!$O9 -> 0 | EI10: =FORMULA!$Q9 -> 0 | EJ10: =FORMULA!$S9 -> 0 | EK10: =FORMULA!$U9 -> 0 | EL10: =FORMULA!$W9 -> 0 | EM10: =FORMULA!$Y9 -> 0 | EN10: =FORMULA!$AA9 -> 0 | EO10: =FORMULA!$AC9 -> 0 | EP10: =FORMULA!$AE9 -> 0 | ER10: =FORMULA!$C97 -> 50 | ES10: =FORMULA!$E97 -> 0 | ET10: =FORMULA!$G97 -> 0 | EU10: =FORMULA!$I97 -> 0 | EV10: =FORMULA!$K97 -> 0 | EW10: =FORMULA!$M97 -> 0 | EX10: =FORMULA!$O97 -> 0 | EY10: =FORMULA!$Q97 -> 0 | EZ10: =FORMULA!$S97 -> 0 | FA10: =FORMULA!$U97 -> 0 | FB10: =FORMULA!$W97 -> 0 | FC10: =FORMULA!$Y97 -> 0 | FD10: =FORMULA!$AA97 -> 0 | FE10: =FORMULA!$AC97 -> 0 | FF10: =FORMULA!$AE97 -> 0 | FH10: =FORMULA!$C185 -> 70 | FI10: =FORMULA!$E185 -> 0 | FJ10: =FORMULA!$G185 -> 0 | FK10: =FORMULA!$I185 -> 0 | FL10: =FORMULA!$K185 -> 0 | FM10: =FORMULA!$M185 -> 0 | FN10: =FORMULA!$O185 -> 0 | FO10: =FORMULA!$Q185 -> 0 | FP10: =FORMULA!$S185 -> 0 | FQ10: =FORMULA!$U185 -> 0 | FR10: =FORMULA!$W185 -> 0 | FS10: =FORMULA!$Y185 -> 0 | FT10: =FORMULA!$AA185 -> 0 | FU10: =FORMULA!$AC185 -> 0 | FV10: =FORMULA!$AE185 -> 0 | FX10: =FORMULA!$C273 -> 0 | FY10: =FORMULA!$E273 -> 0 | FZ10: =FORMULA!$G273 -> 0 | GA10: =FORMULA!$I273 -> 0 | GB10: =FORMULA!$K273 -> 0 | GC10: =FORMULA!$M273 -> 0 | GD10: =FORMULA!$O273 -> 0 | GE10: =FORMULA!$Q273 -> 0 | GF10: =FORMULA!$S273 -> 0 | GG10: =FORMULA!$U273 -> 0 | GH10: =FORMULA!$W273 -> 0 | GI10: =FORMULA!$Y273 -> 0 | GJ10: =FORMULA!$AA273 -> 0 | GK10: =FORMULA!$AC273 -> 0 | GL10: =FORMULA!$AE273 -> 0 | GN10: =FORMULA!$C361 -> 25 | GO10: =FORMULA!$E361 -> 0 | GP10: =FORMULA!$G361 -> 0 | GQ10: =FORMULA!$I361 -> 50 | GR10: =FORMULA!$K361 -> 50 | GS10: =FORMULA!$M361 -> 50 | GT10: =FORMULA!$O361 -> 50 | GU10: =FORMULA!$Q361 -> 0 | GV10: =FORMULA!$S361 -> 0 | GW10: =FORMULA!$U361 -> 0 | GX10: =FORMULA!$W361 -> 0 | GY10: =FORMULA!$Y361 -> 20 | GZ10: =FORMULA!$AA361 -> 20 | HA10: =FORMULA!$AC361 -> 0 | HB10: =FORMULA!$AE361 -> 0 | HD10: =FORMULA!$C449 -> 10 | HE10: =FORMULA!$E449 -> 10 | HF10: =FORMULA!$G449 -> 12 | HG10: =FORMULA!$I449 -> 0 | HH10: =FORMULA!$K449 -> 0 | HI10: =FORMULA!$M449 -> 0 | HJ10: =FORMULA!$O449 -> 0 | HK10: =FORMULA!$Q449 -> 0 | HL10: =FORMULA!$S449 -> 0 | HM10: =FORMULA!$U449 -> 20 | HN10: =FORMULA!$W449 -> 20 | HO10: =FORMULA!$Y449 -> 0 | HP10: =FORMULA!$AA449 -> 0 | HQ10: =FORMULA!$AC449 -> 0 | HR10: =FORMULA!$AE449 -> 0 | HT10: =FORMULA!$C537 -> 13 | HU10: =FORMULA!$E537 -> 13 | HV10: =FORMULA!$G537 -> 13 | HW10: =FORMULA!$I537 -> 0 | HX10: =FORMULA!$K537 -> 0 | HY10: =FORMULA!$M537 -> 0 | HZ10: =FORMULA!$O537 -> 0 | IA10: =FORMULA!$Q537 -> 0 | IB10: =FORMULA!$S537 -> 0 | IC10: =FORMULA!$U537 -> 0 | ID10: =FORMULA!$W537 -> 0 | IE10: =FORMULA!$Y537 -> 0 | IF10: =FORMULA!$AA537 -> 0 | IG10: =FORMULA!$AC537 -> 0 | IH10: =FORMULA!$AE537 -> 0 | IJ10: =FORMULA!$C625 -> 12 | IK10: =FORMULA!$E625 -> 0 | IL10: =FORMULA!$G625 -> 12 | IM10: =FORMULA!$I625 -> 12 | IN10: =FORMULA!$K625 -> 0 | IO10: =FORMULA!$M625 -> 0 | IP10: =FORMULA!$O625 -> 0 | IQ10: =FORMULA!$Q625 -> 0 | IR10: =FORMULA!$S625 -> 0 | IS10: =FORMULA!$U625 -> 0 | IT10: =FORMULA!$W625 -> 0 | IU10: =FORMULA!$Y625 -> 0 | IV10: =FORMULA!$AA625 -> 0 | IW10: =FORMULA!$AC625 -> 0 | IX10: =FORMULA!$AE625 -> 0
A11: ='VAC & MED'!C12 -> 46029 | AH11: 10 | BR11: 50 | BY11: 20 | EA11: =FORMULA!$A$10 -> WHEAT | EB11: =FORMULA!$C10 -> 0 | EC11: =FORMULA!$E10 -> 0 | ED11: =FORMULA!$G10 -> 0 | EE11: =FORMULA!$I10 -> 0 | EF11: =FORMULA!$K10 -> 0 | EG11: =FORMULA!$M10 -> 0 | EH11: =FORMULA!$O10 -> 0 | EI11: =FORMULA!$Q10 -> 0 | EJ11: =FORMULA!$S10 -> 0 | EK11: =FORMULA!$U10 -> 0 | EL11: =FORMULA!$W10 -> 0 | EM11: =FORMULA!$Y10 -> 0 | EN11: =FORMULA!$AA10 -> 0 | EO11: =FORMULA!$AC10 -> 0 | EP11: =FORMULA!$AE10 -> 0 | ER11: =FORMULA!$C98 -> 0 | ES11: =FORMULA!$E98 -> 0 | ET11: =FORMULA!$G98 -> 0 | EU11: =FORMULA!$I98 -> 0 | EV11: =FORMULA!$K98 -> 0 | EW11: =FORMULA!$M98 -> 0 | EX11: =FORMULA!$O98 -> 0 | EY11: =FORMULA!$Q98 -> 0 | EZ11: =FORMULA!$S98 -> 0 | FA11: =FORMULA!$U98 -> 0 | FB11: =FORMULA!$W98 -> 0 | FC11: =FORMULA!$Y98 -> 0 | FD11: =FORMULA!$AA98 -> 0 | FE11: =FORMULA!$AC98 -> 0 | FF11: =FORMULA!$AE98 -> 0 | FH11: =FORMULA!$C186 -> 0 | FI11: =FORMULA!$E186 -> 0 | FJ11: =FORMULA!$G186 -> 0 | FK11: =FORMULA!$I186 -> 0 | FL11: =FORMULA!$K186 -> 0 | FM11: =FORMULA!$M186 -> 0 | FN11: =FORMULA!$O186 -> 0 | FO11: =FORMULA!$Q186 -> 0 | FP11: =FORMULA!$S186 -> 0 | FQ11: =FORMULA!$U186 -> 0 | FR11: =FORMULA!$W186 -> 0 | FS11: =FORMULA!$Y186 -> 0 | FT11: =FORMULA!$AA186 -> 0 | FU11: =FORMULA!$AC186 -> 0 | FV11: =FORMULA!$AE186 -> 0 | FX11: =FORMULA!$C274 -> 0 | FY11: =FORMULA!$E274 -> 0 | FZ11: =FORMULA!$G274 -> 0 | GA11: =FORMULA!$I274 -> 0 | GB11: =FORMULA!$K274 -> 0 | GC11: =FORMULA!$M274 -> 0 | GD11: =FORMULA!$O274 -> 0 | GE11: =FORMULA!$Q274 -> 0 | GF11: =FORMULA!$S274 -> 0 | GG11: =FORMULA!$U274 -> 0 | GH11: =FORMULA!$W274 -> 0 | GI11: =FORMULA!$Y274 -> 0 | GJ11: =FORMULA!$AA274 -> 0 | GK11: =FORMULA!$AC274 -> 0 | GL11: =FORMULA!$AE274 -> 0 | GN11: =FORMULA!$C362 -> 0 | GO11: =FORMULA!$E362 -> 0 | GP11: =FORMULA!$G362 -> 0 | GQ11: =FORMULA!$I362 -> 0 | GR11: =FORMULA!$K362 -> 0 | GS11: =FORMULA!$M362 -> 0 | GT11: =FORMULA!$O362 -> 0 | GU11: =FORMULA!$Q362 -> 0 | GV11: =FORMULA!$S362 -> 0 | GW11: =FORMULA!$U362 -> 0 | GX11: =FORMULA!$W362 -> 0 | GY11: =FORMULA!$Y362 -> 0 | GZ11: =FORMULA!$AA362 -> 0 | HA11: =FORMULA!$AC362 -> 0 | HB11: =FORMULA!$AE362 -> 0 | HD11: =FORMULA!$C450 -> 0 | HE11: =FORMULA!$E450 -> 0 | HF11: =FORMULA!$G450 -> 0 | HG11: =FORMULA!$I450 -> 0 | HH11: =FORMULA!$K450 -> 0 | HI11: =FORMULA!$M450 -> 0 | HJ11: =FORMULA!$O450 -> 0 | HK11: =FORMULA!$Q450 -> 0 | HL11: =FORMULA!$S450 -> 0 | HM11: =FORMULA!$U450 -> 0 | HN11: =FORMULA!$W450 -> 0 | HO11: =FORMULA!$Y450 -> 0 | HP11: =FORMULA!$AA450 -> 0 | HQ11: =FORMULA!$AC450 -> 0 | HR11: =FORMULA!$AE450 -> 0 | HT11: =FORMULA!$C538 -> 0 | HU11: =FORMULA!$E538 -> 0 | HV11: =FORMULA!$G538 -> 0 | HW11: =FORMULA!$I538 -> 0 | HX11: =FORMULA!$K538 -> 0 | HY11: =FORMULA!$M538 -> 0 | HZ11: =FORMULA!$O538 -> 0 | IA11: =FORMULA!$Q538 -> 0 | IB11: =FORMULA!$S538 -> 0 | IC11: =FORMULA!$U538 -> 0 | ID11: =FORMULA!$W538 -> 0 | IE11: =FORMULA!$Y538 -> 0 | IF11: =FORMULA!$AA538 -> 0 | IG11: =FORMULA!$AC538 -> 0 | IH11: =FORMULA!$AE538 -> 0 | IJ11: =FORMULA!$C626 -> 0 | IK11: =FORMULA!$E626 -> 0 | IL11: =FORMULA!$G626 -> 0 | IM11: =FORMULA!$I626 -> 0 | IN11: =FORMULA!$K626 -> 0 | IO11: =FORMULA!$M626 -> 0 | IP11: =FORMULA!$O626 -> 0 | IQ11: =FORMULA!$Q626 -> 0 | IR11: =FORMULA!$S626 -> 0 | IS11: =FORMULA!$U626 -> 0 | IT11: =FORMULA!$W626 -> 0 | IU11: =FORMULA!$Y626 -> 0 | IV11: =FORMULA!$AA626 -> 0 | IW11: =FORMULA!$AC626 -> 0 | IX11: =FORMULA!$AE626 -> 0
A12: ='VAC & MED'!C13 -> 46030 | BR12: 30 | EA12: =FORMULA!$A$11 -> MEAT AND BONE MEAL | EB12: =FORMULA!$C11 -> 20 | EC12: =FORMULA!$E11 -> 20.2 | ED12: =FORMULA!$G11 -> 0 | EE12: =FORMULA!$I11 -> 0 | EF12: =FORMULA!$K11 -> 0 | EG12: =FORMULA!$M11 -> 0 | EH12: =FORMULA!$O11 -> 0 | EI12: =FORMULA!$Q11 -> 0 | EJ12: =FORMULA!$S11 -> 0 | EK12: =FORMULA!$U11 -> 0 | EL12: =FORMULA!$W11 -> 0 | EM12: =FORMULA!$Y11 -> 0 | EN12: =FORMULA!$AA11 -> 0 | EO12: =FORMULA!$AC11 -> 0 | EP12: =FORMULA!$AE11 -> 0 | ER12: =FORMULA!$C99 -> 10 | ES12: =FORMULA!$E99 -> 0 | ET12: =FORMULA!$G99 -> 0 | EU12: =FORMULA!$I99 -> 0 | EV12: =FORMULA!$K99 -> 0 | EW12: =FORMULA!$M99 -> 0 | EX12: =FORMULA!$O99 -> 0 | EY12: =FORMULA!$Q99 -> 0 | EZ12: =FORMULA!$S99 -> 0 | FA12: =FORMULA!$U99 -> 0 | FB12: =FORMULA!$W99 -> 0 | FC12: =FORMULA!$Y99 -> 0 | FD12: =FORMULA!$AA99 -> 0 | FE12: =FORMULA!$AC99 -> 0 | FF12: =FORMULA!$AE99 -> 0 | FH12: =FORMULA!$C187 -> 15.5 | FI12: =FORMULA!$E187 -> 15 | FJ12: =FORMULA!$G187 -> 0 | FK12: =FORMULA!$I187 -> 0 | FL12: =FORMULA!$K187 -> 0 | FM12: =FORMULA!$M187 -> 0 | FN12: =FORMULA!$O187 -> 0 | FO12: =FORMULA!$Q187 -> 0 | FP12: =FORMULA!$S187 -> 0 | FQ12: =FORMULA!$U187 -> 0 | FR12: =FORMULA!$W187 -> 0 | FS12: =FORMULA!$Y187 -> 0 | FT12: =FORMULA!$AA187 -> 0 | FU12: =FORMULA!$AC187 -> 0 | FV12: =FORMULA!$AE187 -> 0 | FX12: =FORMULA!$C275 -> 0 | FY12: =FORMULA!$E275 -> 0 | FZ12: =FORMULA!$G275 -> 0 | GA12: =FORMULA!$I275 -> 0 | GB12: =FORMULA!$K275 -> 0 | GC12: =FORMULA!$M275 -> 0 | GD12: =FORMULA!$O275 -> 0 | GE12: =FORMULA!$Q275 -> 0 | GF12: =FORMULA!$S275 -> 0 | GG12: =FORMULA!$U275 -> 0 | GH12: =FORMULA!$W275 -> 0 | GI12: =FORMULA!$Y275 -> 0 | GJ12: =FORMULA!$AA275 -> 0 | GK12: =FORMULA!$AC275 -> 0 | GL12: =FORMULA!$AE275 -> 0 | GN12: =FORMULA!$C363 -> 20 | GO12: =FORMULA!$E363 -> 20 | GP12: =FORMULA!$G363 -> 0 | GQ12: =FORMULA!$I363 -> 20 | GR12: =FORMULA!$K363 -> 20 | GS12: =FORMULA!$M363 -> 0 | GT12: =FORMULA!$O363 -> 0 | GU12: =FORMULA!$Q363 -> 0 | GV12: =FORMULA!$S363 -> 0 | GW12: =FORMULA!$U363 -> 0 | GX12: =FORMULA!$W363 -> 0 | GY12: =FORMULA!$Y363 -> 20 | GZ12: =FORMULA!$AA363 -> 20 | HA12: =FORMULA!$AC363 -> 0 | HB12: =FORMULA!$AE363 -> 0 | HD12: =FORMULA!$C451 -> 25 | HE12: =FORMULA!$E451 -> 25 | HF12: =FORMULA!$G451 -> 25 | HG12: =FORMULA!$I451 -> 0 | HH12: =FORMULA!$K451 -> 0 | HI12: =FORMULA!$M451 -> 0 | HJ12: =FORMULA!$O451 -> 0 | HK12: =FORMULA!$Q451 -> 0 | HL12: =FORMULA!$S451 -> 0 | HM12: =FORMULA!$U451 -> 75 | HN12: =FORMULA!$W451 -> 65 | HO12: =FORMULA!$Y451 -> 0 | HP12: =FORMULA!$AA451 -> 0 | HQ12: =FORMULA!$AC451 -> 0 | HR12: =FORMULA!$AE451 -> 0 | HT12: =FORMULA!$C539 -> 0 | HU12: =FORMULA!$E539 -> 0 | HV12: =FORMULA!$G539 -> 0 | HW12: =FORMULA!$I539 -> 0 | HX12: =FORMULA!$K539 -> 0 | HY12: =FORMULA!$M539 -> 0 | HZ12: =FORMULA!$O539 -> 0 | IA12: =FORMULA!$Q539 -> 0 | IB12: =FORMULA!$S539 -> 0 | IC12: =FORMULA!$U539 -> 0 | ID12: =FORMULA!$W539 -> 0 | IE12: =FORMULA!$Y539 -> 0 | IF12: =FORMULA!$AA539 -> 0 | IG12: =FORMULA!$AC539 -> 0 | IH12: =FORMULA!$AE539 -> 0 | IJ12: =FORMULA!$C627 -> 0 | IK12: =FORMULA!$E627 -> 0 | IL12: =FORMULA!$G627 -> 0 | IM12: =FORMULA!$I627 -> 0 | IN12: =FORMULA!$K627 -> 0 | IO12: =FORMULA!$M627 -> 0 | IP12: =FORMULA!$O627 -> 0 | IQ12: =FORMULA!$Q627 -> 0 | IR12: =FORMULA!$S627 -> 0 | IS12: =FORMULA!$U627 -> 0 | IT12: =FORMULA!$W627 -> 0 | IU12: =FORMULA!$Y627 -> 0 | IV12: =FORMULA!$AA627 -> 0 | IW12: =FORMULA!$AC627 -> 0 | IX12: =FORMULA!$AE627 -> 0
A13: ='VAC & MED'!C14 -> 46031 | BR13: 40 | EA13: =FORMULA!$A$12 -> CORN GLUTEN MEAL | EB13: =FORMULA!$C12 -> 0 | EC13: =FORMULA!$E12 -> 0 | ED13: =FORMULA!$G12 -> 0 | EE13: =FORMULA!$I12 -> 0 | EF13: =FORMULA!$K12 -> 0 | EG13: =FORMULA!$M12 -> 0 | EH13: =FORMULA!$O12 -> 0 | EI13: =FORMULA!$Q12 -> 0 | EJ13: =FORMULA!$S12 -> 0 | EK13: =FORMULA!$U12 -> 0 | EL13: =FORMULA!$W12 -> 0 | EM13: =FORMULA!$Y12 -> 0 | EN13: =FORMULA!$AA12 -> 0 | EO13: =FORMULA!$AC12 -> 0 | EP13: =FORMULA!$AE12 -> 0 | ER13: =FORMULA!$C100 -> 25 | ES13: =FORMULA!$E100 -> 0 | ET13: =FORMULA!$G100 -> 0 | EU13: =FORMULA!$I100 -> 0 | EV13: =FORMULA!$K100 -> 0 | EW13: =FORMULA!$M100 -> 0 | EX13: =FORMULA!$O100 -> 0 | EY13: =FORMULA!$Q100 -> 0 | EZ13: =FORMULA!$S100 -> 0 | FA13: =FORMULA!$U100 -> 0 | FB13: =FORMULA!$W100 -> 0 | FC13: =FORMULA!$Y100 -> 0 | FD13: =FORMULA!$AA100 -> 0 | FE13: =FORMULA!$AC100 -> 0 | FF13: =FORMULA!$AE100 -> 0 | FH13: =FORMULA!$C188 -> 25 | FI13: =FORMULA!$E188 -> 20 | FJ13: =FORMULA!$G188 -> 0 | FK13: =FORMULA!$I188 -> 0 | FL13: =FORMULA!$K188 -> 0 | FM13: =FORMULA!$M188 -> 0 | FN13: =FORMULA!$O188 -> 0 | FO13: =FORMULA!$Q188 -> 0 | FP13: =FORMULA!$S188 -> 0 | FQ13: =FORMULA!$U188 -> 0 | FR13: =FORMULA!$W188 -> 0 | FS13: =FORMULA!$Y188 -> 0 | FT13: =FORMULA!$AA188 -> 0 | FU13: =FORMULA!$AC188 -> 0 | FV13: =FORMULA!$AE188 -> 0 | FX13: =FORMULA!$C276 -> 0 | FY13: =FORMULA!$E276 -> 0 | FZ13: =FORMULA!$G276 -> 0 | GA13: =FORMULA!$I276 -> 0 | GB13: =FORMULA!$K276 -> 0 | GC13: =FORMULA!$M276 -> 0 | GD13: =FORMULA!$O276 -> 0 | GE13: =FORMULA!$Q276 -> 0 | GF13: =FORMULA!$S276 -> 0 | GG13: =FORMULA!$U276 -> 0 | GH13: =FORMULA!$W276 -> 0 | GI13: =FORMULA!$Y276 -> 0 | GJ13: =FORMULA!$AA276 -> 0 | GK13: =FORMULA!$AC276 -> 0 | GL13: =FORMULA!$AE276 -> 0 | GN13: =FORMULA!$C364 -> 20 | GO13: =FORMULA!$E364 -> 15 | GP13: =FORMULA!$G364 -> 0 | GQ13: =FORMULA!$I364 -> 20 | GR13: =FORMULA!$K364 -> 20 | GS13: =FORMULA!$M364 -> 19.5 | GT13: =FORMULA!$O364 -> 19.5 | GU13: =FORMULA!$Q364 -> 19.5 | GV13: =FORMULA!$S364 -> 19.5 | GW13: =FORMULA!$U364 -> 19.5 | GX13: =FORMULA!$W364 -> 19.5 | GY13: =FORMULA!$Y364 -> 20 | GZ13: =FORMULA!$AA364 -> 20 | HA13: =FORMULA!$AC364 -> 19.5 | HB13: =FORMULA!$AE364 -> 19.5 | HD13: =FORMULA!$C452 -> 28 | HE13: =FORMULA!$E452 -> 28 | HF13: =FORMULA!$G452 -> 34 | HG13: =FORMULA!$I452 -> 0 | HH13: =FORMULA!$K452 -> 0 | HI13: =FORMULA!$M452 -> 0 | HJ13: =FORMULA!$O452 -> 0 | HK13: =FORMULA!$Q452 -> 0 | HL13: =FORMULA!$S452 -> 0 | HM13: =FORMULA!$U452 -> 0 | HN13: =FORMULA!$W452 -> 10 | HO13: =FORMULA!$Y452 -> 0 | HP13: =FORMULA!$AA452 -> 0 | HQ13: =FORMULA!$AC452 -> 0 | HR13: =FORMULA!$AE452 -> 0 | HT13: =FORMULA!$C540 -> 42 | HU13: =FORMULA!$E540 -> 42 | HV13: =FORMULA!$G540 -> 42 | HW13: =FORMULA!$I540 -> 0 | HX13: =FORMULA!$K540 -> 0 | HY13: =FORMULA!$M540 -> 0 | HZ13: =FORMULA!$O540 -> 0 | IA13: =FORMULA!$Q540 -> 0 | IB13: =FORMULA!$S540 -> 0 | IC13: =FORMULA!$U540 -> 0 | ID13: =FORMULA!$W540 -> 0 | IE13: =FORMULA!$Y540 -> 0 | IF13: =FORMULA!$AA540 -> 10 | IG13: =FORMULA!$AC540 -> 10 | IH13: =FORMULA!$AE540 -> 0 | IJ13: =FORMULA!$C628 -> 45 | IK13: =FORMULA!$E628 -> 0 | IL13: =FORMULA!$G628 -> 45 | IM13: =FORMULA!$I628 -> 45 | IN13: =FORMULA!$K628 -> 0 | IO13: =FORMULA!$M628 -> 0 | IP13: =FORMULA!$O628 -> 0 | IQ13: =FORMULA!$Q628 -> 0 | IR13: =FORMULA!$S628 -> 0 | IS13: =FORMULA!$U628 -> 0 | IT13: =FORMULA!$W628 -> 0 | IU13: =FORMULA!$Y628 -> 0 | IV13: =FORMULA!$AA628 -> 0 | IW13: =FORMULA!$AC628 -> 0 | IX13: =FORMULA!$AE628 -> 0
A14: ='VAC & MED'!C15 -> 46032 | BN14: 22 | EA14: =FORMULA!$A$13 -> MEGAFAT (HARUMI) | EB14: =FORMULA!$C13 -> 20 | EC14: =FORMULA!$E13 -> 11.5 | ED14: =FORMULA!$G13 -> 0 | EE14: =FORMULA!$I13 -> 0 | EF14: =FORMULA!$K13 -> 0 | EG14: =FORMULA!$M13 -> 0 | EH14: =FORMULA!$O13 -> 0 | EI14: =FORMULA!$Q13 -> 0 | EJ14: =FORMULA!$S13 -> 0 | EK14: =FORMULA!$U13 -> 0 | EL14: =FORMULA!$W13 -> 0 | EM14: =FORMULA!$Y13 -> 0 | EN14: =FORMULA!$AA13 -> 0 | EO14: =FORMULA!$AC13 -> 0 | EP14: =FORMULA!$AE13 -> 0 | ER14: =FORMULA!$C101 -> 25 | ES14: =FORMULA!$E101 -> 0 | ET14: =FORMULA!$G101 -> 0 | EU14: =FORMULA!$I101 -> 0 | EV14: =FORMULA!$K101 -> 0 | EW14: =FORMULA!$M101 -> 0 | EX14: =FORMULA!$O101 -> 0 | EY14: =FORMULA!$Q101 -> 0 | EZ14: =FORMULA!$S101 -> 0 | FA14: =FORMULA!$U101 -> 0 | FB14: =FORMULA!$W101 -> 0 | FC14: =FORMULA!$Y101 -> 0 | FD14: =FORMULA!$AA101 -> 0 | FE14: =FORMULA!$AC101 -> 0 | FF14: =FORMULA!$AE101 -> 0 | FH14: =FORMULA!$C189 -> 25 | FI14: =FORMULA!$E189 -> 27 | FJ14: =FORMULA!$G189 -> 0 | FK14: =FORMULA!$I189 -> 0 | FL14: =FORMULA!$K189 -> 0 | FM14: =FORMULA!$M189 -> 0 | FN14: =FORMULA!$O189 -> 0 | FO14: =FORMULA!$Q189 -> 0 | FP14: =FORMULA!$S189 -> 0 | FQ14: =FORMULA!$U189 -> 0 | FR14: =FORMULA!$W189 -> 0 | FS14: =FORMULA!$Y189 -> 0 | FT14: =FORMULA!$AA189 -> 0 | FU14: =FORMULA!$AC189 -> 0 | FV14: =FORMULA!$AE189 -> 0 | FX14: =FORMULA!$C277 -> 0 | FY14: =FORMULA!$E277 -> 0 | FZ14: =FORMULA!$G277 -> 0 | GA14: =FORMULA!$I277 -> 0 | GB14: =FORMULA!$K277 -> 0 | GC14: =FORMULA!$M277 -> 0 | GD14: =FORMULA!$O277 -> 0 | GE14: =FORMULA!$Q277 -> 0 | GF14: =FORMULA!$S277 -> 0 | GG14: =FORMULA!$U277 -> 0 | GH14: =FORMULA!$W277 -> 0 | GI14: =FORMULA!$Y277 -> 0 | GJ14: =FORMULA!$AA277 -> 0 | GK14: =FORMULA!$AC277 -> 0 | GL14: =FORMULA!$AE277 -> 0 | GN14: =FORMULA!$C365 -> 13 | GO14: =FORMULA!$E365 -> 10 | GP14: =FORMULA!$G365 -> 0 | GQ14: =FORMULA!$I365 -> 20 | GR14: =FORMULA!$K365 -> 20 | GS14: =FORMULA!$M365 -> 23.5 | GT14: =FORMULA!$O365 -> 23.5 | GU14: =FORMULA!$Q365 -> 23.5 | GV14: =FORMULA!$S365 -> 23.5 | GW14: =FORMULA!$U365 -> 23.5 | GX14: =FORMULA!$W365 -> 23.5 | GY14: =FORMULA!$Y365 -> 15 | GZ14: =FORMULA!$AA365 -> 15 | HA14: =FORMULA!$AC365 -> 23.5 | HB14: =FORMULA!$AE365 -> 23.5 | HD14: =FORMULA!$C453 -> 15 | HE14: =FORMULA!$E453 -> 15 | HF14: =FORMULA!$G453 -> 14.665 | HG14: =FORMULA!$I453 -> 0 | HH14: =FORMULA!$K453 -> 0 | HI14: =FORMULA!$M453 -> 0 | HJ14: =FORMULA!$O453 -> 0 | HK14: =FORMULA!$Q453 -> 0 | HL14: =FORMULA!$S453 -> 0 | HM14: =FORMULA!$U453 -> 13 | HN14: =FORMULA!$W453 -> 23 | HO14: =FORMULA!$Y453 -> 0 | HP14: =FORMULA!$AA453 -> 0 | HQ14: =FORMULA!$AC453 -> 0 | HR14: =FORMULA!$AE453 -> 0 | HT14: =FORMULA!$C541 -> 20 | HU14: =FORMULA!$E541 -> 20 | HV14: =FORMULA!$G541 -> 20 | HW14: =FORMULA!$I541 -> 0 | HX14: =FORMULA!$K541 -> 0 | HY14: =FORMULA!$M541 -> 0 | HZ14: =FORMULA!$O541 -> 0 | IA14: =FORMULA!$Q541 -> 0 | IB14: =FORMULA!$S541 -> 0 | IC14: =FORMULA!$U541 -> 5 | ID14: =FORMULA!$W541 -> 5 | IE14: =FORMULA!$Y541 -> 0 | IF14: =FORMULA!$AA541 -> 5 | IG14: =FORMULA!$AC541 -> 5 | IH14: =FORMULA!$AE541 -> 0 | IJ14: =FORMULA!$C629 -> 19.5 | IK14: =FORMULA!$E629 -> 25 | IL14: =FORMULA!$G629 -> 19.5 | IM14: =FORMULA!$I629 -> 19.5 | IN14: =FORMULA!$K629 -> 0 | IO14: =FORMULA!$M629 -> 0 | IP14: =FORMULA!$O629 -> 0 | IQ14: =FORMULA!$Q629 -> 0 | IR14: =FORMULA!$S629 -> 0 | IS14: =FORMULA!$U629 -> 0 | IT14: =FORMULA!$W629 -> 0 | IU14: =FORMULA!$Y629 -> 0 | IV14: =FORMULA!$AA629 -> 0 | IW14: =FORMULA!$AC629 -> 0 | IX14: =FORMULA!$AE629 -> 0
A15: ='VAC & MED'!C16 -> 46033 | EA15: =FORMULA!$A$14 -> DCP 18% | EB15: =FORMULA!$C14 -> 2.25 | EC15: =FORMULA!$E14 -> 0 | ED15: =FORMULA!$G14 -> 0 | EE15: =FORMULA!$I14 -> 0 | EF15: =FORMULA!$K14 -> 0 | EG15: =FORMULA!$M14 -> 0 | EH15: =FORMULA!$O14 -> 0 | EI15: =FORMULA!$Q14 -> 0 | EJ15: =FORMULA!$S14 -> 0 | EK15: =FORMULA!$U14 -> 0 | EL15: =FORMULA!$W14 -> 0 | EM15: =FORMULA!$Y14 -> 0 | EN15: =FORMULA!$AA14 -> 0 | EO15: =FORMULA!$AC14 -> 0 | EP15: =FORMULA!$AE14 -> 0 | ER15: =FORMULA!$C102 -> 0 | ES15: =FORMULA!$E102 -> 0 | ET15: =FORMULA!$G102 -> 0 | EU15: =FORMULA!$I102 -> 0 | EV15: =FORMULA!$K102 -> 0 | EW15: =FORMULA!$M102 -> 0 | EX15: =FORMULA!$O102 -> 0 | EY15: =FORMULA!$Q102 -> 0 | EZ15: =FORMULA!$S102 -> 0 | FA15: =FORMULA!$U102 -> 0 | FB15: =FORMULA!$W102 -> 0 | FC15: =FORMULA!$Y102 -> 0 | FD15: =FORMULA!$AA102 -> 0 | FE15: =FORMULA!$AC102 -> 0 | FF15: =FORMULA!$AE102 -> 0 | FH15: =FORMULA!$C190 -> 0 | FI15: =FORMULA!$E190 -> 0 | FJ15: =FORMULA!$G190 -> 0 | FK15: =FORMULA!$I190 -> 0 | FL15: =FORMULA!$K190 -> 0 | FM15: =FORMULA!$M190 -> 0 | FN15: =FORMULA!$O190 -> 0 | FO15: =FORMULA!$Q190 -> 0 | FP15: =FORMULA!$S190 -> 0 | FQ15: =FORMULA!$U190 -> 0 | FR15: =FORMULA!$W190 -> 0 | FS15: =FORMULA!$Y190 -> 0 | FT15: =FORMULA!$AA190 -> 0 | FU15: =FORMULA!$AC190 -> 0 | FV15: =FORMULA!$AE190 -> 0 | FX15: =FORMULA!$C278 -> 0 | FY15: =FORMULA!$E278 -> 0 | FZ15: =FORMULA!$G278 -> 0 | GA15: =FORMULA!$I278 -> 0 | GB15: =FORMULA!$K278 -> 0 | GC15: =FORMULA!$M278 -> 0 | GD15: =FORMULA!$O278 -> 0 | GE15: =FORMULA!$Q278 -> 0 | GF15: =FORMULA!$S278 -> 0 | GG15: =FORMULA!$U278 -> 0 | GH15: =FORMULA!$W278 -> 0 | GI15: =FORMULA!$Y278 -> 0 | GJ15: =FORMULA!$AA278 -> 0 | GK15: =FORMULA!$AC278 -> 0 | GL15: =FORMULA!$AE278 -> 0 | GN15: =FORMULA!$C366 -> 1.5 | GO15: =FORMULA!$E366 -> 1.5 | GP15: =FORMULA!$G366 -> 0 | GQ15: =FORMULA!$I366 -> 0 | GR15: =FORMULA!$K366 -> 0 | GS15: =FORMULA!$M366 -> 0 | GT15: =FORMULA!$O366 -> 0 | GU15: =FORMULA!$Q366 -> 0 | GV15: =FORMULA!$S366 -> 0 | GW15: =FORMULA!$U366 -> 0 | GX15: =FORMULA!$W366 -> 0 | GY15: =FORMULA!$Y366 -> 0 | GZ15: =FORMULA!$AA366 -> 0 | HA15: =FORMULA!$AC366 -> 0 | HB15: =FORMULA!$AE366 -> 0 | HD15: =FORMULA!$C454 -> 4.5 | HE15: =FORMULA!$E454 -> 4.5 | HF15: =FORMULA!$G454 -> 4 | HG15: =FORMULA!$I454 -> 0 | HH15: =FORMULA!$K454 -> 0 | HI15: =FORMULA!$M454 -> 0 | HJ15: =FORMULA!$O454 -> 0 | HK15: =FORMULA!$Q454 -> 0 | HL15: =FORMULA!$S454 -> 0 | HM15: =FORMULA!$U454 -> 0 | HN15: =FORMULA!$W454 -> 0 | HO15: =FORMULA!$Y454 -> 0 | HP15: =FORMULA!$AA454 -> 0 | HQ15: =FORMULA!$AC454 -> 0 | HR15: =FORMULA!$AE454 -> 0 | HT15: =FORMULA!$C542 -> 6.65 | HU15: =FORMULA!$E542 -> 6.65 | HV15: =FORMULA!$G542 -> 6.65 | HW15: =FORMULA!$I542 -> 0 | HX15: =FORMULA!$K542 -> 0 | HY15: =FORMULA!$M542 -> 0 | HZ15: =FORMULA!$O542 -> 11.775 | IA15: =FORMULA!$Q542 -> 11.775 | IB15: =FORMULA!$S542 -> 0 | IC15: =FORMULA!$U542 -> 7.355 | ID15: =FORMULA!$W542 -> 7.355 | IE15: =FORMULA!$Y542 -> 0 | IF15: =FORMULA!$AA542 -> 4.305 | IG15: =FORMULA!$AC542 -> 4.305 | IH15: =FORMULA!$AE542 -> 0 | IJ15: =FORMULA!$C630 -> 5.5 | IK15: =FORMULA!$E630 -> 5.5 | IL15: =FORMULA!$G630 -> 5.5 | IM15: =FORMULA!$I630 -> 5.5 | IN15: =FORMULA!$K630 -> 0 | IO15: =FORMULA!$M630 -> 0 | IP15: =FORMULA!$O630 -> 0 | IQ15: =FORMULA!$Q630 -> 0 | IR15: =FORMULA!$S630 -> 0 | IS15: =FORMULA!$U630 -> 0 | IT15: =FORMULA!$W630 -> 0 | IU15: =FORMULA!$Y630 -> 0 | IV15: =FORMULA!$AA630 -> 0 | IW15: =FORMULA!$AC630 -> 0 | IX15: =FORMULA!$AE630 -> 0
A16: ='VAC & MED'!C17 -> 46034 | AH16: 30 | BR16: 26 | BY16: 20 | EA16: =FORMULA!$A$15 -> LIMESTONE POWDER (HARUMI) | EB16: =FORMULA!$C15 -> 0.9 | EC16: =FORMULA!$E15 -> 0 | ED16: =FORMULA!$G15 -> 0 | EE16: =FORMULA!$I15 -> 0 | EF16: =FORMULA!$K15 -> 0 | EG16: =FORMULA!$M15 -> 0 | EH16: =FORMULA!$O15 -> 0 | EI16: =FORMULA!$Q15 -> 0 | EJ16: =FORMULA!$S15 -> 0 | EK16: =FORMULA!$U15 -> 0 | EL16: =FORMULA!$W15 -> 0 | EM16: =FORMULA!$Y15 -> 0 | EN16: =FORMULA!$AA15 -> 0 | EO16: =FORMULA!$AC15 -> 0 | EP16: =FORMULA!$AE15 -> 0 | ER16: =FORMULA!$C103 -> 5 | ES16: =FORMULA!$E103 -> 0 | ET16: =FORMULA!$G103 -> 0 | EU16: =FORMULA!$I103 -> 0 | EV16: =FORMULA!$K103 -> 0 | EW16: =FORMULA!$M103 -> 0 | EX16: =FORMULA!$O103 -> 0 | EY16: =FORMULA!$Q103 -> 0 | EZ16: =FORMULA!$S103 -> 0 | FA16: =FORMULA!$U103 -> 0 | FB16: =FORMULA!$W103 -> 0 | FC16: =FORMULA!$Y103 -> 0 | FD16: =FORMULA!$AA103 -> 0 | FE16: =FORMULA!$AC103 -> 0 | FF16: =FORMULA!$AE103 -> 0 | FH16: =FORMULA!$C191 -> 0 | FI16: =FORMULA!$E191 -> 0.25 | FJ16: =FORMULA!$G191 -> 0 | FK16: =FORMULA!$I191 -> 0 | FL16: =FORMULA!$K191 -> 0 | FM16: =FORMULA!$M191 -> 0 | FN16: =FORMULA!$O191 -> 0 | FO16: =FORMULA!$Q191 -> 0 | FP16: =FORMULA!$S191 -> 0 | FQ16: =FORMULA!$U191 -> 0 | FR16: =FORMULA!$W191 -> 0 | FS16: =FORMULA!$Y191 -> 0 | FT16: =FORMULA!$AA191 -> 0 | FU16: =FORMULA!$AC191 -> 0 | FV16: =FORMULA!$AE191 -> 0 | FX16: =FORMULA!$C279 -> 0 | FY16: =FORMULA!$E279 -> 0 | FZ16: =FORMULA!$G279 -> 0 | GA16: =FORMULA!$I279 -> 0 | GB16: =FORMULA!$K279 -> 0 | GC16: =FORMULA!$M279 -> 0 | GD16: =FORMULA!$O279 -> 0 | GE16: =FORMULA!$Q279 -> 0 | GF16: =FORMULA!$S279 -> 0 | GG16: =FORMULA!$U279 -> 0 | GH16: =FORMULA!$W279 -> 0 | GI16: =FORMULA!$Y279 -> 0 | GJ16: =FORMULA!$AA279 -> 0 | GK16: =FORMULA!$AC279 -> 0 | GL16: =FORMULA!$AE279 -> 0 | GN16: =FORMULA!$C367 -> 5.9 | GO16: =FORMULA!$E367 -> 6.08 | GP16: =FORMULA!$G367 -> 0 | GQ16: =FORMULA!$I367 -> 0 | GR16: =FORMULA!$K367 -> 0 | GS16: =FORMULA!$M367 -> 6.42 | GT16: =FORMULA!$O367 -> 6.42 | GU16: =FORMULA!$Q367 -> 6.42 | GV16: =FORMULA!$S367 -> 6.42 | GW16: =FORMULA!$U367 -> 6.42 | GX16: =FORMULA!$W367 -> 6.42 | GY16: =FORMULA!$Y367 -> 0 | GZ16: =FORMULA!$AA367 -> 0 | HA16: =FORMULA!$AC367 -> 6.42 | HB16: =FORMULA!$AE367 -> 6.42 | HD16: =FORMULA!$C455 -> 7 | HE16: =FORMULA!$E455 -> 7 | HF16: =FORMULA!$G455 -> 7 | HG16: =FORMULA!$I455 -> 0 | HH16: =FORMULA!$K455 -> 0 | HI16: =FORMULA!$M455 -> 0 | HJ16: =FORMULA!$O455 -> 0 | HK16: =FORMULA!$Q455 -> 0 | HL16: =FORMULA!$S455 -> 0 | HM16: =FORMULA!$U455 -> 0 | HN16: =FORMULA!$W455 -> 0 | HO16: =FORMULA!$Y455 -> 0 | HP16: =FORMULA!$AA455 -> 0 | HQ16: =FORMULA!$AC455 -> 0 | HR16: =FORMULA!$AE455 -> 0 | HT16: =FORMULA!$C543 -> 10 | HU16: =FORMULA!$E543 -> 10 | HV16: =FORMULA!$G543 -> 10 | HW16: =FORMULA!$I543 -> 0 | HX16: =FORMULA!$K543 -> 0 | HY16: =FORMULA!$M543 -> 0 | HZ16: =FORMULA!$O543 -> 0 | IA16: =FORMULA!$Q543 -> 0 | IB16: =FORMULA!$S543 -> 0 | IC16: =FORMULA!$U543 -> 0 | ID16: =FORMULA!$W543 -> 0 | IE16: =FORMULA!$Y543 -> 0 | IF16: =FORMULA!$AA543 -> 0 | IG16: =FORMULA!$AC543 -> 0 | IH16: =FORMULA!$AE543 -> 0 | IJ16: =FORMULA!$C631 -> 9 | IK16: =FORMULA!$E631 -> 9 | IL16: =FORMULA!$G631 -> 9 | IM16: =FORMULA!$I631 -> 9 | IN16: =FORMULA!$K631 -> 0 | IO16: =FORMULA!$M631 -> 0 | IP16: =FORMULA!$O631 -> 0 | IQ16: =FORMULA!$Q631 -> 0 | IR16: =FORMULA!$S631 -> 0 | IS16: =FORMULA!$U631 -> 0 | IT16: =FORMULA!$W631 -> 0 | IU16: =FORMULA!$Y631 -> 0 | IV16: =FORMULA!$AA631 -> 0 | IW16: =FORMULA!$AC631 -> 0 | IX16: =FORMULA!$AE631 -> 0
A17: ='VAC & MED'!C18 -> 46035 | AH17: 56 | BR17: 28 | EA17: =FORMULA!$A$16 -> CHOLINE CHLORIDE 60% | EB17: =FORMULA!$C16 -> 0 | EC17: =FORMULA!$E16 -> 0 | ED17: =FORMULA!$G16 -> 0 | EE17: =FORMULA!$I16 -> 0 | EF17: =FORMULA!$K16 -> 0 | EG17: =FORMULA!$M16 -> 0 | EH17: =FORMULA!$O16 -> 0 | EI17: =FORMULA!$Q16 -> 0 | EJ17: =FORMULA!$S16 -> 0 | EK17: =FORMULA!$U16 -> 0 | EL17: =FORMULA!$W16 -> 0 | EM17: =FORMULA!$Y16 -> 0 | EN17: =FORMULA!$AA16 -> 0 | EO17: =FORMULA!$AC16 -> 0 | EP17: =FORMULA!$AE16 -> 0 | ER17: =FORMULA!$C104 -> 0 | ES17: =FORMULA!$E104 -> 0 | ET17: =FORMULA!$G104 -> 0 | EU17: =FORMULA!$I104 -> 0 | EV17: =FORMULA!$K104 -> 0 | EW17: =FORMULA!$M104 -> 0 | EX17: =FORMULA!$O104 -> 0 | EY17: =FORMULA!$Q104 -> 0 | EZ17: =FORMULA!$S104 -> 0 | FA17: =FORMULA!$U104 -> 0 | FB17: =FORMULA!$W104 -> 0 | FC17: =FORMULA!$Y104 -> 0 | FD17: =FORMULA!$AA104 -> 0 | FE17: =FORMULA!$AC104 -> 0 | FF17: =FORMULA!$AE104 -> 0 | FH17: =FORMULA!$C192 -> 0 | FI17: =FORMULA!$E192 -> 0 | FJ17: =FORMULA!$G192 -> 0 | FK17: =FORMULA!$I192 -> 0 | FL17: =FORMULA!$K192 -> 0 | FM17: =FORMULA!$M192 -> 0 | FN17: =FORMULA!$O192 -> 0 | FO17: =FORMULA!$Q192 -> 0 | FP17: =FORMULA!$S192 -> 0 | FQ17: =FORMULA!$U192 -> 0 | FR17: =FORMULA!$W192 -> 0 | FS17: =FORMULA!$Y192 -> 0 | FT17: =FORMULA!$AA192 -> 0 | FU17: =FORMULA!$AC192 -> 0 | FV17: =FORMULA!$AE192 -> 0 | FX17: =FORMULA!$C280 -> 0 | FY17: =FORMULA!$E280 -> 0 | FZ17: =FORMULA!$G280 -> 0 | GA17: =FORMULA!$I280 -> 0 | GB17: =FORMULA!$K280 -> 0 | GC17: =FORMULA!$M280 -> 0 | GD17: =FORMULA!$O280 -> 0 | GE17: =FORMULA!$Q280 -> 0 | GF17: =FORMULA!$S280 -> 0 | GG17: =FORMULA!$U280 -> 0 | GH17: =FORMULA!$W280 -> 0 | GI17: =FORMULA!$Y280 -> 0 | GJ17: =FORMULA!$AA280 -> 0 | GK17: =FORMULA!$AC280 -> 0 | GL17: =FORMULA!$AE280 -> 0 | GN17: =FORMULA!$C368 -> 0 | GO17: =FORMULA!$E368 -> 0 | GP17: =FORMULA!$G368 -> 0 | GQ17: =FORMULA!$I368 -> 0 | GR17: =FORMULA!$K368 -> 0 | GS17: =FORMULA!$M368 -> 0 | GT17: =FORMULA!$O368 -> 0 | GU17: =FORMULA!$Q368 -> 0 | GV17: =FORMULA!$S368 -> 0 | GW17: =FORMULA!$U368 -> 0 | GX17: =FORMULA!$W368 -> 0 | GY17: =FORMULA!$Y368 -> 0 | GZ17: =FORMULA!$AA368 -> 0 | HA17: =FORMULA!$AC368 -> 0 | HB17: =FORMULA!$AE368 -> 0 | HD17: =FORMULA!$C456 -> 0 | HE17: =FORMULA!$E456 -> 0 | HF17: =FORMULA!$G456 -> 0 | HG17: =FORMULA!$I456 -> 0 | HH17: =FORMULA!$K456 -> 0 | HI17: =FORMULA!$M456 -> 0 | HJ17: =FORMULA!$O456 -> 0 | HK17: =FORMULA!$Q456 -> 0 | HL17: =FORMULA!$S456 -> 0 | HM17: =FORMULA!$U456 -> 0 | HN17: =FORMULA!$W456 -> 0 | HO17: =FORMULA!$Y456 -> 0 | HP17: =FORMULA!$AA456 -> 0 | HQ17: =FORMULA!$AC456 -> 0 | HR17: =FORMULA!$AE456 -> 0 | HT17: =FORMULA!$C544 -> 0 | HU17: =FORMULA!$E544 -> 0 | HV17: =FORMULA!$G544 -> 0 | HW17: =FORMULA!$I544 -> 0 | HX17: =FORMULA!$K544 -> 0 | HY17: =FORMULA!$M544 -> 0 | HZ17: =FORMULA!$O544 -> 0 | IA17: =FORMULA!$Q544 -> 0 | IB17: =FORMULA!$S544 -> 0 | IC17: =FORMULA!$U544 -> 0 | ID17: =FORMULA!$W544 -> 0 | IE17: =FORMULA!$Y544 -> 0 | IF17: =FORMULA!$AA544 -> 0 | IG17: =FORMULA!$AC544 -> 0 | IH17: =FORMULA!$AE544 -> 0 | IJ17: =FORMULA!$C632 -> 0 | IK17: =FORMULA!$E632 -> 0 | IL17: =FORMULA!$G632 -> 0 | IM17: =FORMULA!$I632 -> 0 | IN17: =FORMULA!$K632 -> 0 | IO17: =FORMULA!$M632 -> 0 | IP17: =FORMULA!$O632 -> 0 | IQ17: =FORMULA!$Q632 -> 0 | IR17: =FORMULA!$S632 -> 0 | IS17: =FORMULA!$U632 -> 0 | IT17: =FORMULA!$W632 -> 0 | IU17: =FORMULA!$Y632 -> 0 | IV17: =FORMULA!$AA632 -> 0 | IW17: =FORMULA!$AC632 -> 0 | IX17: =FORMULA!$AE632 -> 0
A18: ='VAC & MED'!C19 -> 46036 | EA18: =FORMULA!$A$17 -> INDUSTRY FLOUR | EB18: =FORMULA!$C17 -> 0 | EC18: =FORMULA!$E17 -> 0 | ED18: =FORMULA!$G17 -> 0 | EE18: =FORMULA!$I17 -> 0 | EF18: =FORMULA!$K17 -> 0 | EG18: =FORMULA!$M17 -> 0 | EH18: =FORMULA!$O17 -> 0 | EI18: =FORMULA!$Q17 -> 0 | EJ18: =FORMULA!$S17 -> 0 | EK18: =FORMULA!$U17 -> 0 | EL18: =FORMULA!$W17 -> 0 | EM18: =FORMULA!$Y17 -> 0 | EN18: =FORMULA!$AA17 -> 0 | EO18: =FORMULA!$AC17 -> 0 | EP18: =FORMULA!$AE17 -> 0 | ER18: =FORMULA!$C105 -> 0 | ES18: =FORMULA!$E105 -> 0 | ET18: =FORMULA!$G105 -> 0 | EU18: =FORMULA!$I105 -> 0 | EV18: =FORMULA!$K105 -> 0 | EW18: =FORMULA!$M105 -> 0 | EX18: =FORMULA!$O105 -> 0 | EY18: =FORMULA!$Q105 -> 0 | EZ18: =FORMULA!$S105 -> 0 | FA18: =FORMULA!$U105 -> 0 | FB18: =FORMULA!$W105 -> 0 | FC18: =FORMULA!$Y105 -> 0 | FD18: =FORMULA!$AA105 -> 0 | FE18: =FORMULA!$AC105 -> 0 | FF18: =FORMULA!$AE105 -> 0 | FH18: =FORMULA!$C193 -> 0 | FI18: =FORMULA!$E193 -> 0 | FJ18: =FORMULA!$G193 -> 0 | FK18: =FORMULA!$I193 -> 0 | FL18: =FORMULA!$K193 -> 0 | FM18: =FORMULA!$M193 -> 0 | FN18: =FORMULA!$O193 -> 0 | FO18: =FORMULA!$Q193 -> 0 | FP18: =FORMULA!$S193 -> 0 | FQ18: =FORMULA!$U193 -> 0 | FR18: =FORMULA!$W193 -> 0 | FS18: =FORMULA!$Y193 -> 0 | FT18: =FORMULA!$AA193 -> 0 | FU18: =FORMULA!$AC193 -> 0 | FV18: =FORMULA!$AE193 -> 0 | FX18: =FORMULA!$C281 -> 0 | FY18: =FORMULA!$E281 -> 0 | FZ18: =FORMULA!$G281 -> 0 | GA18: =FORMULA!$I281 -> 0 | GB18: =FORMULA!$K281 -> 0 | GC18: =FORMULA!$M281 -> 0 | GD18: =FORMULA!$O281 -> 0 | GE18: =FORMULA!$Q281 -> 0 | GF18: =FORMULA!$S281 -> 0 | GG18: =FORMULA!$U281 -> 0 | GH18: =FORMULA!$W281 -> 0 | GI18: =FORMULA!$Y281 -> 0 | GJ18: =FORMULA!$AA281 -> 0 | GK18: =FORMULA!$AC281 -> 0 | GL18: =FORMULA!$AE281 -> 0 | GN18: =FORMULA!$C369 -> 0 | GO18: =FORMULA!$E369 -> 0 | GP18: =FORMULA!$G369 -> 0 | GQ18: =FORMULA!$I369 -> 0 | GR18: =FORMULA!$K369 -> 0 | GS18: =FORMULA!$M369 -> 0 | GT18: =FORMULA!$O369 -> 0 | GU18: =FORMULA!$Q369 -> 0 | GV18: =FORMULA!$S369 -> 0 | GW18: =FORMULA!$U369 -> 0 | GX18: =FORMULA!$W369 -> 0 | GY18: =FORMULA!$Y369 -> 0 | GZ18: =FORMULA!$AA369 -> 0 | HA18: =FORMULA!$AC369 -> 0 | HB18: =FORMULA!$AE369 -> 0 | HD18: =FORMULA!$C457 -> 33.5 | HE18: =FORMULA!$E457 -> 33.5 | HF18: =FORMULA!$G457 -> 33.335 | HG18: =FORMULA!$I457 -> 0 | HH18: =FORMULA!$K457 -> 0 | HI18: =FORMULA!$M457 -> 0 | HJ18: =FORMULA!$O457 -> 0 | HK18: =FORMULA!$Q457 -> 0 | HL18: =FORMULA!$S457 -> 0 | HM18: =FORMULA!$U457 -> 0 | HN18: =FORMULA!$W457 -> 0 | HO18: =FORMULA!$Y457 -> 0 | HP18: =FORMULA!$AA457 -> 0 | HQ18: =FORMULA!$AC457 -> 0 | HR18: =FORMULA!$AE457 -> 0 | HT18: =FORMULA!$C545 -> 50 | HU18: =FORMULA!$E545 -> 50 | HV18: =FORMULA!$G545 -> 50 | HW18: =FORMULA!$I545 -> 0 | HX18: =FORMULA!$K545 -> 0 | HY18: =FORMULA!$M545 -> 0 | HZ18: =FORMULA!$O545 -> 20 | IA18: =FORMULA!$Q545 -> 20 | IB18: =FORMULA!$S545 -> 0 | IC18: =FORMULA!$U545 -> 20 | ID18: =FORMULA!$W545 -> 20 | IE18: =FORMULA!$Y545 -> 0 | IF18: =FORMULA!$AA545 -> 20 | IG18: =FORMULA!$AC545 -> 20 | IH18: =FORMULA!$AE545 -> 0 | IJ18: =FORMULA!$C633 -> 50 | IK18: =FORMULA!$E633 -> 97 | IL18: =FORMULA!$G633 -> 50 | IM18: =FORMULA!$I633 -> 50 | IN18: =FORMULA!$K633 -> 0 | IO18: =FORMULA!$M633 -> 0 | IP18: =FORMULA!$O633 -> 0 | IQ18: =FORMULA!$Q633 -> 0 | IR18: =FORMULA!$S633 -> 0 | IS18: =FORMULA!$U633 -> 0 | IT18: =FORMULA!$W633 -> 0 | IU18: =FORMULA!$Y633 -> 0 | IV18: =FORMULA!$AA633 -> 0 | IW18: =FORMULA!$AC633 -> 0 | IX18: =FORMULA!$AE633 -> 0
A19: ='VAC & MED'!C20 -> 46037 | AH19: 30 | BN19: 10 | BQ19: 18 | BR19: 16 | EA19: =FORMULA!$A$18 -> RICE BRAN | EB19: =FORMULA!$C18 -> 0 | EC19: =FORMULA!$E18 -> 25 | ED19: =FORMULA!$G18 -> 0 | EE19: =FORMULA!$I18 -> 0 | EF19: =FORMULA!$K18 -> 0 | EG19: =FORMULA!$M18 -> 0 | EH19: =FORMULA!$O18 -> 0 | EI19: =FORMULA!$Q18 -> 0 | EJ19: =FORMULA!$S18 -> 0 | EK19: =FORMULA!$U18 -> 0 | EL19: =FORMULA!$W18 -> 0 | EM19: =FORMULA!$Y18 -> 0 | EN19: =FORMULA!$AA18 -> 0 | EO19: =FORMULA!$AC18 -> 0 | EP19: =FORMULA!$AE18 -> 0 | ER19: =FORMULA!$C106 -> 0 | ES19: =FORMULA!$E106 -> 0 | ET19: =FORMULA!$G106 -> 0 | EU19: =FORMULA!$I106 -> 0 | EV19: =FORMULA!$K106 -> 0 | EW19: =FORMULA!$M106 -> 0 | EX19: =FORMULA!$O106 -> 0 | EY19: =FORMULA!$Q106 -> 0 | EZ19: =FORMULA!$S106 -> 0 | FA19: =FORMULA!$U106 -> 0 | FB19: =FORMULA!$W106 -> 0 | FC19: =FORMULA!$Y106 -> 0 | FD19: =FORMULA!$AA106 -> 0 | FE19: =FORMULA!$AC106 -> 0 | FF19: =FORMULA!$AE106 -> 0 | FH19: =FORMULA!$C194 -> 0 | FI19: =FORMULA!$E194 -> 30 | FJ19: =FORMULA!$G194 -> 0 | FK19: =FORMULA!$I194 -> 0 | FL19: =FORMULA!$K194 -> 0 | FM19: =FORMULA!$M194 -> 0 | FN19: =FORMULA!$O194 -> 0 | FO19: =FORMULA!$Q194 -> 0 | FP19: =FORMULA!$S194 -> 0 | FQ19: =FORMULA!$U194 -> 0 | FR19: =FORMULA!$W194 -> 0 | FS19: =FORMULA!$Y194 -> 0 | FT19: =FORMULA!$AA194 -> 0 | FU19: =FORMULA!$AC194 -> 0 | FV19: =FORMULA!$AE194 -> 0 | FX19: =FORMULA!$C282 -> 0 | FY19: =FORMULA!$E282 -> 0 | FZ19: =FORMULA!$G282 -> 0 | GA19: =FORMULA!$I282 -> 0 | GB19: =FORMULA!$K282 -> 0 | GC19: =FORMULA!$M282 -> 0 | GD19: =FORMULA!$O282 -> 0 | GE19: =FORMULA!$Q282 -> 0 | GF19: =FORMULA!$S282 -> 0 | GG19: =FORMULA!$U282 -> 0 | GH19: =FORMULA!$W282 -> 0 | GI19: =FORMULA!$Y282 -> 0 | GJ19: =FORMULA!$AA282 -> 0 | GK19: =FORMULA!$AC282 -> 0 | GL19: =FORMULA!$AE282 -> 0 | GN19: =FORMULA!$C370 -> 0 | GO19: =FORMULA!$E370 -> 50 | GP19: =FORMULA!$G370 -> 0 | GQ19: =FORMULA!$I370 -> 0 | GR19: =FORMULA!$K370 -> 0 | GS19: =FORMULA!$M370 -> 0 | GT19: =FORMULA!$O370 -> 0 | GU19: =FORMULA!$Q370 -> 0 | GV19: =FORMULA!$S370 -> 0 | GW19: =FORMULA!$U370 -> 0 | GX19: =FORMULA!$W370 -> 0 | GY19: =FORMULA!$Y370 -> 35 | GZ19: =FORMULA!$AA370 -> 35 | HA19: =FORMULA!$AC370 -> 0 | HB19: =FORMULA!$AE370 -> 0 | HD19: =FORMULA!$C458 -> 3.5 | HE19: =FORMULA!$E458 -> 3.5 | HF19: =FORMULA!$G458 -> 0 | HG19: =FORMULA!$I458 -> 0 | HH19: =FORMULA!$K458 -> 0 | HI19: =FORMULA!$M458 -> 0 | HJ19: =FORMULA!$O458 -> 0 | HK19: =FORMULA!$Q458 -> 0 | HL19: =FORMULA!$S458 -> 0 | HM19: =FORMULA!$U458 -> 0 | HN19: =FORMULA!$W458 -> 0 | HO19: =FORMULA!$Y458 -> 0 | HP19: =FORMULA!$AA458 -> 0 | HQ19: =FORMULA!$AC458 -> 0 | HR19: =FORMULA!$AE458 -> 0 | HT19: =FORMULA!$C546 -> 40 | HU19: =FORMULA!$E546 -> 40 | HV19: =FORMULA!$G546 -> 40 | HW19: =FORMULA!$I546 -> 0 | HX19: =FORMULA!$K546 -> 0 | HY19: =FORMULA!$M546 -> 0 | HZ19: =FORMULA!$O546 -> 0 | IA19: =FORMULA!$Q546 -> 0 | IB19: =FORMULA!$S546 -> 0 | IC19: =FORMULA!$U546 -> 0 | ID19: =FORMULA!$W546 -> 0 | IE19: =FORMULA!$Y546 -> 0 | IF19: =FORMULA!$AA546 -> 0 | IG19: =FORMULA!$AC546 -> 0 | IH19: =FORMULA!$AE546 -> 0 | IJ19: =FORMULA!$C634 -> 40 | IK19: =FORMULA!$E634 -> 40 | IL19: =FORMULA!$G634 -> 40 | IM19: =FORMULA!$I634 -> 40 | IN19: =FORMULA!$K634 -> 0 | IO19: =FORMULA!$M634 -> 0 | IP19: =FORMULA!$O634 -> 0 | IQ19: =FORMULA!$Q634 -> 0 | IR19: =FORMULA!$S634 -> 0 | IS19: =FORMULA!$U634 -> 0 | IT19: =FORMULA!$W634 -> 0 | IU19: =FORMULA!$Y634 -> 0 | IV19: =FORMULA!$AA634 -> 0 | IW19: =FORMULA!$AC634 -> 0 | IX19: =FORMULA!$AE634 -> 0
A20: ='VAC & MED'!C21 -> 46038 | BN20: 20 | BQ20: 10 | BR20: 20 | BY20: 14 | EA20: =FORMULA!$A$19 -> EP 200 | EB20: =FORMULA!$C19 -> 0 | EC20: =FORMULA!$E19 -> 0 | ED20: =FORMULA!$G19 -> 0 | EE20: =FORMULA!$I19 -> 0 | EF20: =FORMULA!$K19 -> 0 | EG20: =FORMULA!$M19 -> 0 | EH20: =FORMULA!$O19 -> 0 | EI20: =FORMULA!$Q19 -> 0 | EJ20: =FORMULA!$S19 -> 0 | EK20: =FORMULA!$U19 -> 0 | EL20: =FORMULA!$W19 -> 0 | EM20: =FORMULA!$Y19 -> 0 | EN20: =FORMULA!$AA19 -> 0 | EO20: =FORMULA!$AC19 -> 0 | EP20: =FORMULA!$AE19 -> 0 | ER20: =FORMULA!$C107 -> 0 | ES20: =FORMULA!$E107 -> 0 | ET20: =FORMULA!$G107 -> 0 | EU20: =FORMULA!$I107 -> 0 | EV20: =FORMULA!$K107 -> 0 | EW20: =FORMULA!$M107 -> 0 | EX20: =FORMULA!$O107 -> 0 | EY20: =FORMULA!$Q107 -> 0 | EZ20: =FORMULA!$S107 -> 0 | FA20: =FORMULA!$U107 -> 0 | FB20: =FORMULA!$W107 -> 0 | FC20: =FORMULA!$Y107 -> 0 | FD20: =FORMULA!$AA107 -> 0 | FE20: =FORMULA!$AC107 -> 0 | FF20: =FORMULA!$AE107 -> 0 | FH20: =FORMULA!$C195 -> 0 | FI20: =FORMULA!$E195 -> 0 | FJ20: =FORMULA!$G195 -> 0 | FK20: =FORMULA!$I195 -> 0 | FL20: =FORMULA!$K195 -> 0 | FM20: =FORMULA!$M195 -> 0 | FN20: =FORMULA!$O195 -> 0 | FO20: =FORMULA!$Q195 -> 0 | FP20: =FORMULA!$S195 -> 0 | FQ20: =FORMULA!$U195 -> 0 | FR20: =FORMULA!$W195 -> 0 | FS20: =FORMULA!$Y195 -> 0 | FT20: =FORMULA!$AA195 -> 0 | FU20: =FORMULA!$AC195 -> 0 | FV20: =FORMULA!$AE195 -> 0 | FX20: =FORMULA!$C283 -> 0 | FY20: =FORMULA!$E283 -> 0 | FZ20: =FORMULA!$G283 -> 0 | GA20: =FORMULA!$I283 -> 0 | GB20: =FORMULA!$K283 -> 0 | GC20: =FORMULA!$M283 -> 0 | GD20: =FORMULA!$O283 -> 0 | GE20: =FORMULA!$Q283 -> 0 | GF20: =FORMULA!$S283 -> 0 | GG20: =FORMULA!$U283 -> 0 | GH20: =FORMULA!$W283 -> 0 | GI20: =FORMULA!$Y283 -> 0 | GJ20: =FORMULA!$AA283 -> 0 | GK20: =FORMULA!$AC283 -> 0 | GL20: =FORMULA!$AE283 -> 0 | GN20: =FORMULA!$C371 -> 0 | GO20: =FORMULA!$E371 -> 0 | GP20: =FORMULA!$G371 -> 0 | GQ20: =FORMULA!$I371 -> 0 | GR20: =FORMULA!$K371 -> 0 | GS20: =FORMULA!$M371 -> 0 | GT20: =FORMULA!$O371 -> 0 | GU20: =FORMULA!$Q371 -> 0 | GV20: =FORMULA!$S371 -> 0 | GW20: =FORMULA!$U371 -> 0 | GX20: =FORMULA!$W371 -> 0 | GY20: =FORMULA!$Y371 -> 0 | GZ20: =FORMULA!$AA371 -> 0 | HA20: =FORMULA!$AC371 -> 0 | HB20: =FORMULA!$AE371 -> 0 | HD20: =FORMULA!$C459 -> 0 | HE20: =FORMULA!$E459 -> 0 | HF20: =FORMULA!$G459 -> 25 | HG20: =FORMULA!$I459 -> 0 | HH20: =FORMULA!$K459 -> 0 | HI20: =FORMULA!$M459 -> 0 | HJ20: =FORMULA!$O459 -> 0 | HK20: =FORMULA!$Q459 -> 0 | HL20: =FORMULA!$S459 -> 0 | HM20: =FORMULA!$U459 -> 0 | HN20: =FORMULA!$W459 -> 0 | HO20: =FORMULA!$Y459 -> 0 | HP20: =FORMULA!$AA459 -> 0 | HQ20: =FORMULA!$AC459 -> 0 | HR20: =FORMULA!$AE459 -> 0 | HT20: =FORMULA!$C547 -> 0 | HU20: =FORMULA!$E547 -> 0 | HV20: =FORMULA!$G547 -> 0 | HW20: =FORMULA!$I547 -> 0 | HX20: =FORMULA!$K547 -> 0 | HY20: =FORMULA!$M547 -> 0 | HZ20: =FORMULA!$O547 -> 0 | IA20: =FORMULA!$Q547 -> 0 | IB20: =FORMULA!$S547 -> 0 | IC20: =FORMULA!$U547 -> 0 | ID20: =FORMULA!$W547 -> 0 | IE20: =FORMULA!$Y547 -> 0 | IF20: =FORMULA!$AA547 -> 0 | IG20: =FORMULA!$AC547 -> 0 | IH20: =FORMULA!$AE547 -> 0 | IJ20: =FORMULA!$C635 -> 0 | IK20: =FORMULA!$E635 -> 0 | IL20: =FORMULA!$G635 -> 0 | IM20: =FORMULA!$I635 -> 0 | IN20: =FORMULA!$K635 -> 0 | IO20: =FORMULA!$M635 -> 0 | IP20: =FORMULA!$O635 -> 0 | IQ20: =FORMULA!$Q635 -> 0 | IR20: =FORMULA!$S635 -> 0 | IS20: =FORMULA!$U635 -> 0 | IT20: =FORMULA!$W635 -> 0 | IU20: =FORMULA!$Y635 -> 0 | IV20: =FORMULA!$AA635 -> 0 | IW20: =FORMULA!$AC635 -> 0 | IX20: =FORMULA!$AE635 -> 0
A21: ='VAC & MED'!C22 -> 46039 | BQ21: 26 | EA21: =FORMULA!$A$20 -> SOYTIDE | EB21: =FORMULA!$C20 -> 0 | EC21: =FORMULA!$E20 -> 0 | ED21: =FORMULA!$G20 -> 0 | EE21: =FORMULA!$I20 -> 0 | EF21: =FORMULA!$K20 -> 0 | EG21: =FORMULA!$M20 -> 0 | EH21: =FORMULA!$O20 -> 0 | EI21: =FORMULA!$Q20 -> 0 | EJ21: =FORMULA!$S20 -> 0 | EK21: =FORMULA!$U20 -> 0 | EL21: =FORMULA!$W20 -> 0 | EM21: =FORMULA!$Y20 -> 0 | EN21: =FORMULA!$AA20 -> 0 | EO21: =FORMULA!$AC20 -> 0 | EP21: =FORMULA!$AE20 -> 0 | ER21: =FORMULA!$C108 -> 0 | ES21: =FORMULA!$E108 -> 0 | ET21: =FORMULA!$G108 -> 0 | EU21: =FORMULA!$I108 -> 0 | EV21: =FORMULA!$K108 -> 0 | EW21: =FORMULA!$M108 -> 0 | EX21: =FORMULA!$O108 -> 0 | EY21: =FORMULA!$Q108 -> 0 | EZ21: =FORMULA!$S108 -> 0 | FA21: =FORMULA!$U108 -> 0 | FB21: =FORMULA!$W108 -> 0 | FC21: =FORMULA!$Y108 -> 0 | FD21: =FORMULA!$AA108 -> 0 | FE21: =FORMULA!$AC108 -> 0 | FF21: =FORMULA!$AE108 -> 0 | FH21: =FORMULA!$C196 -> 0 | FI21: =FORMULA!$E196 -> 0 | FJ21: =FORMULA!$G196 -> 0 | FK21: =FORMULA!$I196 -> 0 | FL21: =FORMULA!$K196 -> 0 | FM21: =FORMULA!$M196 -> 0 | FN21: =FORMULA!$O196 -> 0 | FO21: =FORMULA!$Q196 -> 0 | FP21: =FORMULA!$S196 -> 0 | FQ21: =FORMULA!$U196 -> 0 | FR21: =FORMULA!$W196 -> 0 | FS21: =FORMULA!$Y196 -> 0 | FT21: =FORMULA!$AA196 -> 0 | FU21: =FORMULA!$AC196 -> 0 | FV21: =FORMULA!$AE196 -> 0 | FX21: =FORMULA!$C284 -> 0 | FY21: =FORMULA!$E284 -> 0 | FZ21: =FORMULA!$G284 -> 0 | GA21: =FORMULA!$I284 -> 0 | GB21: =FORMULA!$K284 -> 0 | GC21: =FORMULA!$M284 -> 0 | GD21: =FORMULA!$O284 -> 0 | GE21: =FORMULA!$Q284 -> 0 | GF21: =FORMULA!$S284 -> 0 | GG21: =FORMULA!$U284 -> 0 | GH21: =FORMULA!$W284 -> 0 | GI21: =FORMULA!$Y284 -> 0 | GJ21: =FORMULA!$AA284 -> 0 | GK21: =FORMULA!$AC284 -> 0 | GL21: =FORMULA!$AE284 -> 0 | GN21: =FORMULA!$C372 -> 0 | GO21: =FORMULA!$E372 -> 0 | GP21: =FORMULA!$G372 -> 0 | GQ21: =FORMULA!$I372 -> 0 | GR21: =FORMULA!$K372 -> 0 | GS21: =FORMULA!$M372 -> 0 | GT21: =FORMULA!$O372 -> 0 | GU21: =FORMULA!$Q372 -> 0 | GV21: =FORMULA!$S372 -> 0 | GW21: =FORMULA!$U372 -> 0 | GX21: =FORMULA!$W372 -> 0 | GY21: =FORMULA!$Y372 -> 0 | GZ21: =FORMULA!$AA372 -> 0 | HA21: =FORMULA!$AC372 -> 0 | HB21: =FORMULA!$AE372 -> 0 | HD21: =FORMULA!$C460 -> 25 | HE21: =FORMULA!$E460 -> 25 | HF21: =FORMULA!$G460 -> 0 | HG21: =FORMULA!$I460 -> 0 | HH21: =FORMULA!$K460 -> 0 | HI21: =FORMULA!$M460 -> 0 | HJ21: =FORMULA!$O460 -> 0 | HK21: =FORMULA!$Q460 -> 0 | HL21: =FORMULA!$S460 -> 0 | HM21: =FORMULA!$U460 -> 0 | HN21: =FORMULA!$W460 -> 0 | HO21: =FORMULA!$Y460 -> 0 | HP21: =FORMULA!$AA460 -> 0 | HQ21: =FORMULA!$AC460 -> 0 | HR21: =FORMULA!$AE460 -> 0 | HT21: =FORMULA!$C548 -> 0 | HU21: =FORMULA!$E548 -> 0 | HV21: =FORMULA!$G548 -> 0 | HW21: =FORMULA!$I548 -> 0 | HX21: =FORMULA!$K548 -> 0 | HY21: =FORMULA!$M548 -> 0 | HZ21: =FORMULA!$O548 -> 0 | IA21: =FORMULA!$Q548 -> 0 | IB21: =FORMULA!$S548 -> 0 | IC21: =FORMULA!$U548 -> 0 | ID21: =FORMULA!$W548 -> 0 | IE21: =FORMULA!$Y548 -> 0 | IF21: =FORMULA!$AA548 -> 0 | IG21: =FORMULA!$AC548 -> 0 | IH21: =FORMULA!$AE548 -> 0 | IJ21: =FORMULA!$C636 -> 0 | IK21: =FORMULA!$E636 -> 0 | IL21: =FORMULA!$G636 -> 0 | IM21: =FORMULA!$I636 -> 0 | IN21: =FORMULA!$K636 -> 0 | IO21: =FORMULA!$M636 -> 0 | IP21: =FORMULA!$O636 -> 0 | IQ21: =FORMULA!$Q636 -> 0 | IR21: =FORMULA!$S636 -> 0 | IS21: =FORMULA!$U636 -> 0 | IT21: =FORMULA!$W636 -> 0 | IU21: =FORMULA!$Y636 -> 0 | IV21: =FORMULA!$AA636 -> 0 | IW21: =FORMULA!$AC636 -> 0 | IX21: =FORMULA!$AE636 -> 0
A22: ='VAC & MED'!C23 -> 46040 | EA22: =FORMULA!$A$21 -> DCP 18% (HARUMI) | EB22: =FORMULA!$C21 -> 0 | EC22: =FORMULA!$E21 -> 0 | ED22: =FORMULA!$G21 -> 0 | EE22: =FORMULA!$I21 -> 0 | EF22: =FORMULA!$K21 -> 0 | EG22: =FORMULA!$M21 -> 0 | EH22: =FORMULA!$O21 -> 0 | EI22: =FORMULA!$Q21 -> 0 | EJ22: =FORMULA!$S21 -> 0 | EK22: =FORMULA!$U21 -> 0 | EL22: =FORMULA!$W21 -> 0 | EM22: =FORMULA!$Y21 -> 0 | EN22: =FORMULA!$AA21 -> 0 | EO22: =FORMULA!$AC21 -> 0 | EP22: =FORMULA!$AE21 -> 0 | ER22: =FORMULA!$C109 -> 0 | ES22: =FORMULA!$E109 -> 0 | ET22: =FORMULA!$G109 -> 0 | EU22: =FORMULA!$I109 -> 0 | EV22: =FORMULA!$K109 -> 0 | EW22: =FORMULA!$M109 -> 0 | EX22: =FORMULA!$O109 -> 0 | EY22: =FORMULA!$Q109 -> 0 | EZ22: =FORMULA!$S109 -> 0 | FA22: =FORMULA!$U109 -> 0 | FB22: =FORMULA!$W109 -> 0 | FC22: =FORMULA!$Y109 -> 0 | FD22: =FORMULA!$AA109 -> 0 | FE22: =FORMULA!$AC109 -> 0 | FF22: =FORMULA!$AE109 -> 0 | FH22: =FORMULA!$C197 -> 0 | FI22: =FORMULA!$E197 -> 0 | FJ22: =FORMULA!$G197 -> 0 | FK22: =FORMULA!$I197 -> 0 | FL22: =FORMULA!$K197 -> 0 | FM22: =FORMULA!$M197 -> 0 | FN22: =FORMULA!$O197 -> 0 | FO22: =FORMULA!$Q197 -> 0 | FP22: =FORMULA!$S197 -> 0 | FQ22: =FORMULA!$U197 -> 0 | FR22: =FORMULA!$W197 -> 0 | FS22: =FORMULA!$Y197 -> 0 | FT22: =FORMULA!$AA197 -> 0 | FU22: =FORMULA!$AC197 -> 0 | FV22: =FORMULA!$AE197 -> 0 | FX22: =FORMULA!$C285 -> 0 | FY22: =FORMULA!$E285 -> 0 | FZ22: =FORMULA!$G285 -> 0 | GA22: =FORMULA!$I285 -> 0 | GB22: =FORMULA!$K285 -> 0 | GC22: =FORMULA!$M285 -> 0 | GD22: =FORMULA!$O285 -> 0 | GE22: =FORMULA!$Q285 -> 0 | GF22: =FORMULA!$S285 -> 0 | GG22: =FORMULA!$U285 -> 0 | GH22: =FORMULA!$W285 -> 0 | GI22: =FORMULA!$Y285 -> 0 | GJ22: =FORMULA!$AA285 -> 0 | GK22: =FORMULA!$AC285 -> 0 | GL22: =FORMULA!$AE285 -> 0 | GN22: =FORMULA!$C373 -> 0 | GO22: =FORMULA!$E373 -> 0 | GP22: =FORMULA!$G373 -> 0 | GQ22: =FORMULA!$I373 -> 0 | GR22: =FORMULA!$K373 -> 0 | GS22: =FORMULA!$M373 -> 0 | GT22: =FORMULA!$O373 -> 0 | GU22: =FORMULA!$Q373 -> 0 | GV22: =FORMULA!$S373 -> 0 | GW22: =FORMULA!$U373 -> 0 | GX22: =FORMULA!$W373 -> 0 | GY22: =FORMULA!$Y373 -> 0 | GZ22: =FORMULA!$AA373 -> 0 | HA22: =FORMULA!$AC373 -> 0 | HB22: =FORMULA!$AE373 -> 0 | HD22: =FORMULA!$C461 -> 0 | HE22: =FORMULA!$E461 -> 0 | HF22: =FORMULA!$G461 -> 0 | HG22: =FORMULA!$I461 -> 0 | HH22: =FORMULA!$K461 -> 0 | HI22: =FORMULA!$M461 -> 0 | HJ22: =FORMULA!$O461 -> 0 | HK22: =FORMULA!$Q461 -> 0 | HL22: =FORMULA!$S461 -> 0 | HM22: =FORMULA!$U461 -> 0 | HN22: =FORMULA!$W461 -> 0 | HO22: =FORMULA!$Y461 -> 0 | HP22: =FORMULA!$AA461 -> 0 | HQ22: =FORMULA!$AC461 -> 0 | HR22: =FORMULA!$AE461 -> 0 | HT22: =FORMULA!$C549 -> 0 | HU22: =FORMULA!$E549 -> 0 | HV22: =FORMULA!$G549 -> 0 | HW22: =FORMULA!$I549 -> 0 | HX22: =FORMULA!$K549 -> 0 | HY22: =FORMULA!$M549 -> 0 | HZ22: =FORMULA!$O549 -> 0 | IA22: =FORMULA!$Q549 -> 0 | IB22: =FORMULA!$S549 -> 0 | IC22: =FORMULA!$U549 -> 0 | ID22: =FORMULA!$W549 -> 0 | IE22: =FORMULA!$Y549 -> 0 | IF22: =FORMULA!$AA549 -> 0 | IG22: =FORMULA!$AC549 -> 0 | IH22: =FORMULA!$AE549 -> 0 | IJ22: =FORMULA!$C637 -> 0 | IK22: =FORMULA!$E637 -> 0 | IL22: =FORMULA!$G637 -> 0 | IM22: =FORMULA!$I637 -> 0 | IN22: =FORMULA!$K637 -> 0 | IO22: =FORMULA!$M637 -> 0 | IP22: =FORMULA!$O637 -> 0 | IQ22: =FORMULA!$Q637 -> 0 | IR22: =FORMULA!$S637 -> 0 | IS22: =FORMULA!$U637 -> 0 | IT22: =FORMULA!$W637 -> 0 | IU22: =FORMULA!$Y637 -> 0 | IV22: =FORMULA!$AA637 -> 0 | IW22: =FORMULA!$AC637 -> 0 | IX22: =FORMULA!$AE637 -> 0
A23: ='VAC & MED'!C24 -> 46041 | BN23: 30 | BQ23: 32 | BY23: 20 | EA23: =FORMULA!$A$22 -> 1 | EB23: =FORMULA!$C22 -> 0 | EC23: =FORMULA!$E22 -> 0 | ED23: =FORMULA!$G22 -> 0 | EE23: =FORMULA!$I22 -> 0 | EF23: =FORMULA!$K22 -> 0 | EG23: =FORMULA!$M22 -> 0 | EH23: =FORMULA!$O22 -> 0 | EI23: =FORMULA!$Q22 -> 0 | EJ23: =FORMULA!$S22 -> 0 | EK23: =FORMULA!$U22 -> 0 | EL23: =FORMULA!$W22 -> 0 | EM23: =FORMULA!$Y22 -> 0 | EN23: =FORMULA!$AA22 -> 0 | EO23: =FORMULA!$AC22 -> 0 | EP23: =FORMULA!$AE22 -> 0 | ER23: =FORMULA!$C110 -> 0 | ES23: =FORMULA!$E110 -> 0 | ET23: =FORMULA!$G110 -> 0 | EU23: =FORMULA!$I110 -> 0 | EV23: =FORMULA!$K110 -> 0 | EW23: =FORMULA!$M110 -> 0 | EX23: =FORMULA!$O110 -> 0 | EY23: =FORMULA!$Q110 -> 0 | EZ23: =FORMULA!$S110 -> 0 | FA23: =FORMULA!$U110 -> 0 | FB23: =FORMULA!$W110 -> 0 | FC23: =FORMULA!$Y110 -> 0 | FD23: =FORMULA!$AA110 -> 0 | FE23: =FORMULA!$AC110 -> 0 | FF23: =FORMULA!$AE110 -> 0 | FH23: =FORMULA!$C198 -> 0 | FI23: =FORMULA!$E198 -> 0 | FJ23: =FORMULA!$G198 -> 0 | FK23: =FORMULA!$I198 -> 0 | FL23: =FORMULA!$K198 -> 0 | FM23: =FORMULA!$M198 -> 0 | FN23: =FORMULA!$O198 -> 0 | FO23: =FORMULA!$Q198 -> 0 | FP23: =FORMULA!$S198 -> 0 | FQ23: =FORMULA!$U198 -> 0 | FR23: =FORMULA!$W198 -> 0 | FS23: =FORMULA!$Y198 -> 0 | FT23: =FORMULA!$AA198 -> 0 | FU23: =FORMULA!$AC198 -> 0 | FV23: =FORMULA!$AE198 -> 0 | FX23: =FORMULA!$C286 -> 0 | FY23: =FORMULA!$E286 -> 0 | FZ23: =FORMULA!$G286 -> 0 | GA23: =FORMULA!$I286 -> 0 | GB23: =FORMULA!$K286 -> 0 | GC23: =FORMULA!$M286 -> 0 | GD23: =FORMULA!$O286 -> 0 | GE23: =FORMULA!$Q286 -> 0 | GF23: =FORMULA!$S286 -> 0 | GG23: =FORMULA!$U286 -> 0 | GH23: =FORMULA!$W286 -> 0 | GI23: =FORMULA!$Y286 -> 0 | GJ23: =FORMULA!$AA286 -> 0 | GK23: =FORMULA!$AC286 -> 0 | GL23: =FORMULA!$AE286 -> 0 | GN23: =FORMULA!$C374 -> 0 | GO23: =FORMULA!$E374 -> 0 | GP23: =FORMULA!$G374 -> 0 | GQ23: =FORMULA!$I374 -> 0 | GR23: =FORMULA!$K374 -> 0 | GS23: =FORMULA!$M374 -> 0 | GT23: =FORMULA!$O374 -> 0 | GU23: =FORMULA!$Q374 -> 0 | GV23: =FORMULA!$S374 -> 0 | GW23: =FORMULA!$U374 -> 0 | GX23: =FORMULA!$W374 -> 0 | GY23: =FORMULA!$Y374 -> 0 | GZ23: =FORMULA!$AA374 -> 0 | HA23: =FORMULA!$AC374 -> 0 | HB23: =FORMULA!$AE374 -> 0 | HD23: =FORMULA!$C462 -> 0 | HE23: =FORMULA!$E462 -> 0 | HF23: =FORMULA!$G462 -> 0 | HG23: =FORMULA!$I462 -> 0 | HH23: =FORMULA!$K462 -> 0 | HI23: =FORMULA!$M462 -> 0 | HJ23: =FORMULA!$O462 -> 0 | HK23: =FORMULA!$Q462 -> 0 | HL23: =FORMULA!$S462 -> 0 | HM23: =FORMULA!$U462 -> 0 | HN23: =FORMULA!$W462 -> 0 | HO23: =FORMULA!$Y462 -> 0 | HP23: =FORMULA!$AA462 -> 0 | HQ23: =FORMULA!$AC462 -> 0 | HR23: =FORMULA!$AE462 -> 0 | HT23: =FORMULA!$C550 -> 0 | HU23: =FORMULA!$E550 -> 0 | HV23: =FORMULA!$G550 -> 0 | HW23: =FORMULA!$I550 -> 0 | HX23: =FORMULA!$K550 -> 0 | HY23: =FORMULA!$M550 -> 0 | HZ23: =FORMULA!$O550 -> 0 | IA23: =FORMULA!$Q550 -> 0 | IB23: =FORMULA!$S550 -> 0 | IC23: =FORMULA!$U550 -> 0 | ID23: =FORMULA!$W550 -> 0 | IE23: =FORMULA!$Y550 -> 0 | IF23: =FORMULA!$AA550 -> 0 | IG23: =FORMULA!$AC550 -> 0 | IH23: =FORMULA!$AE550 -> 0 | IJ23: =FORMULA!$C638 -> 0 | IK23: =FORMULA!$E638 -> 0 | IL23: =FORMULA!$G638 -> 0 | IM23: =FORMULA!$I638 -> 0 | IN23: =FORMULA!$K638 -> 0 | IO23: =FORMULA!$M638 -> 0 | IP23: =FORMULA!$O638 -> 0 | IQ23: =FORMULA!$Q638 -> 0 | IR23: =FORMULA!$S638 -> 0 | IS23: =FORMULA!$U638 -> 0 | IT23: =FORMULA!$W638 -> 0 | IU23: =FORMULA!$Y638 -> 0 | IV23: =FORMULA!$AA638 -> 0 | IW23: =FORMULA!$AC638 -> 0 | IX23: =FORMULA!$AE638 -> 0
A24: ='VAC & MED'!C25 -> 46042 | AH24: 50 | EA24: =FORMULA!$A$23 -> 2 | EB24: =FORMULA!$C23 -> 0 | EC24: =FORMULA!$E23 -> 0 | ED24: =FORMULA!$G23 -> 0 | EE24: =FORMULA!$I23 -> 0 | EF24: =FORMULA!$K23 -> 0 | EG24: =FORMULA!$M23 -> 0 | EH24: =FORMULA!$O23 -> 0 | EI24: =FORMULA!$Q23 -> 0 | EJ24: =FORMULA!$S23 -> 0 | EK24: =FORMULA!$U23 -> 0 | EL24: =FORMULA!$W23 -> 0 | EM24: =FORMULA!$Y23 -> 0 | EN24: =FORMULA!$AA23 -> 0 | EO24: =FORMULA!$AC23 -> 0 | EP24: =FORMULA!$AE23 -> 0 | ER24: =FORMULA!$C111 -> 0 | ES24: =FORMULA!$E111 -> 0 | ET24: =FORMULA!$G111 -> 0 | EU24: =FORMULA!$I111 -> 0 | EV24: =FORMULA!$K111 -> 0 | EW24: =FORMULA!$M111 -> 0 | EX24: =FORMULA!$O111 -> 0 | EY24: =FORMULA!$Q111 -> 0 | EZ24: =FORMULA!$S111 -> 0 | FA24: =FORMULA!$U111 -> 0 | FB24: =FORMULA!$W111 -> 0 | FC24: =FORMULA!$Y111 -> 0 | FD24: =FORMULA!$AA111 -> 0 | FE24: =FORMULA!$AC111 -> 0 | FF24: =FORMULA!$AE111 -> 0 | FH24: =FORMULA!$C199 -> 0 | FI24: =FORMULA!$E199 -> 0 | FJ24: =FORMULA!$G199 -> 0 | FK24: =FORMULA!$I199 -> 0 | FL24: =FORMULA!$K199 -> 0 | FM24: =FORMULA!$M199 -> 0 | FN24: =FORMULA!$O199 -> 0 | FO24: =FORMULA!$Q199 -> 0 | FP24: =FORMULA!$S199 -> 0 | FQ24: =FORMULA!$U199 -> 0 | FR24: =FORMULA!$W199 -> 0 | FS24: =FORMULA!$Y199 -> 0 | FT24: =FORMULA!$AA199 -> 0 | FU24: =FORMULA!$AC199 -> 0 | FV24: =FORMULA!$AE199 -> 0 | FX24: =FORMULA!$C287 -> 0 | FY24: =FORMULA!$E287 -> 0 | FZ24: =FORMULA!$G287 -> 0 | GA24: =FORMULA!$I287 -> 0 | GB24: =FORMULA!$K287 -> 0 | GC24: =FORMULA!$M287 -> 0 | GD24: =FORMULA!$O287 -> 0 | GE24: =FORMULA!$Q287 -> 0 | GF24: =FORMULA!$S287 -> 0 | GG24: =FORMULA!$U287 -> 0 | GH24: =FORMULA!$W287 -> 0 | GI24: =FORMULA!$Y287 -> 0 | GJ24: =FORMULA!$AA287 -> 0 | GK24: =FORMULA!$AC287 -> 0 | GL24: =FORMULA!$AE287 -> 0 | GN24: =FORMULA!$C375 -> 0 | GO24: =FORMULA!$E375 -> 0 | GP24: =FORMULA!$G375 -> 0 | GQ24: =FORMULA!$I375 -> 0 | GR24: =FORMULA!$K375 -> 0 | GS24: =FORMULA!$M375 -> 0 | GT24: =FORMULA!$O375 -> 0 | GU24: =FORMULA!$Q375 -> 0 | GV24: =FORMULA!$S375 -> 0 | GW24: =FORMULA!$U375 -> 0 | GX24: =FORMULA!$W375 -> 0 | GY24: =FORMULA!$Y375 -> 0 | GZ24: =FORMULA!$AA375 -> 0 | HA24: =FORMULA!$AC375 -> 0 | HB24: =FORMULA!$AE375 -> 0 | HD24: =FORMULA!$C463 -> 0 | HE24: =FORMULA!$E463 -> 0 | HF24: =FORMULA!$G463 -> 0 | HG24: =FORMULA!$I463 -> 0 | HH24: =FORMULA!$K463 -> 0 | HI24: =FORMULA!$M463 -> 0 | HJ24: =FORMULA!$O463 -> 0 | HK24: =FORMULA!$Q463 -> 0 | HL24: =FORMULA!$S463 -> 0 | HM24: =FORMULA!$U463 -> 0 | HN24: =FORMULA!$W463 -> 0 | HO24: =FORMULA!$Y463 -> 0 | HP24: =FORMULA!$AA463 -> 0 | HQ24: =FORMULA!$AC463 -> 0 | HR24: =FORMULA!$AE463 -> 0 | HT24: =FORMULA!$C551 -> 0 | HU24: =FORMULA!$E551 -> 0 | HV24: =FORMULA!$G551 -> 0 | HW24: =FORMULA!$I551 -> 0 | HX24: =FORMULA!$K551 -> 0 | HY24: =FORMULA!$M551 -> 0 | HZ24: =FORMULA!$O551 -> 0 | IA24: =FORMULA!$Q551 -> 0 | IB24: =FORMULA!$S551 -> 0 | IC24: =FORMULA!$U551 -> 0 | ID24: =FORMULA!$W551 -> 0 | IE24: =FORMULA!$Y551 -> 0 | IF24: =FORMULA!$AA551 -> 0 | IG24: =FORMULA!$AC551 -> 0 | IH24: =FORMULA!$AE551 -> 0 | IJ24: =FORMULA!$C639 -> 0 | IK24: =FORMULA!$E639 -> 0 | IL24: =FORMULA!$G639 -> 0 | IM24: =FORMULA!$I639 -> 0 | IN24: =FORMULA!$K639 -> 0 | IO24: =FORMULA!$M639 -> 0 | IP24: =FORMULA!$O639 -> 0 | IQ24: =FORMULA!$Q639 -> 0 | IR24: =FORMULA!$S639 -> 0 | IS24: =FORMULA!$U639 -> 0 | IT24: =FORMULA!$W639 -> 0 | IU24: =FORMULA!$Y639 -> 0 | IV24: =FORMULA!$AA639 -> 0 | IW24: =FORMULA!$AC639 -> 0 | IX24: =FORMULA!$AE639 -> 0
A25: ='VAC & MED'!C26 -> 46043 | AH25: 14 | BY25: 18 | EA25: =FORMULA!$A$24 -> 3 | EB25: =FORMULA!$C24 -> 0 | EC25: =FORMULA!$E24 -> 0 | ED25: =FORMULA!$G24 -> 0 | EE25: =FORMULA!$I24 -> 0 | EF25: =FORMULA!$K24 -> 0 | EG25: =FORMULA!$M24 -> 0 | EH25: =FORMULA!$O24 -> 0 | EI25: =FORMULA!$Q24 -> 0 | EJ25: =FORMULA!$S24 -> 0 | EK25: =FORMULA!$U24 -> 0 | EL25: =FORMULA!$W24 -> 0 | EM25: =FORMULA!$Y24 -> 0 | EN25: =FORMULA!$AA24 -> 0 | EO25: =FORMULA!$AC24 -> 0 | EP25: =FORMULA!$AE24 -> 0 | ER25: =FORMULA!$C112 -> 0 | ES25: =FORMULA!$E112 -> 0 | ET25: =FORMULA!$G112 -> 0 | EU25: =FORMULA!$I112 -> 0 | EV25: =FORMULA!$K112 -> 0 | EW25: =FORMULA!$M112 -> 0 | EX25: =FORMULA!$O112 -> 0 | EY25: =FORMULA!$Q112 -> 0 | EZ25: =FORMULA!$S112 -> 0 | FA25: =FORMULA!$U112 -> 0 | FB25: =FORMULA!$W112 -> 0 | FC25: =FORMULA!$Y112 -> 0 | FD25: =FORMULA!$AA112 -> 0 | FE25: =FORMULA!$AC112 -> 0 | FF25: =FORMULA!$AE112 -> 0 | FH25: =FORMULA!$C200 -> 0 | FI25: =FORMULA!$E200 -> 0 | FJ25: =FORMULA!$G200 -> 0 | FK25: =FORMULA!$I200 -> 0 | FL25: =FORMULA!$K200 -> 0 | FM25: =FORMULA!$M200 -> 0 | FN25: =FORMULA!$O200 -> 0 | FO25: =FORMULA!$Q200 -> 0 | FP25: =FORMULA!$S200 -> 0 | FQ25: =FORMULA!$U200 -> 0 | FR25: =FORMULA!$W200 -> 0 | FS25: =FORMULA!$Y200 -> 0 | FT25: =FORMULA!$AA200 -> 0 | FU25: =FORMULA!$AC200 -> 0 | FV25: =FORMULA!$AE200 -> 0 | FX25: =FORMULA!$C288 -> 0 | FY25: =FORMULA!$E288 -> 0 | FZ25: =FORMULA!$G288 -> 0 | GA25: =FORMULA!$I288 -> 0 | GB25: =FORMULA!$K288 -> 0 | GC25: =FORMULA!$M288 -> 0 | GD25: =FORMULA!$O288 -> 0 | GE25: =FORMULA!$Q288 -> 0 | GF25: =FORMULA!$S288 -> 0 | GG25: =FORMULA!$U288 -> 0 | GH25: =FORMULA!$W288 -> 0 | GI25: =FORMULA!$Y288 -> 0 | GJ25: =FORMULA!$AA288 -> 0 | GK25: =FORMULA!$AC288 -> 0 | GL25: =FORMULA!$AE288 -> 0 | GN25: =FORMULA!$C376 -> 0 | GO25: =FORMULA!$E376 -> 0 | GP25: =FORMULA!$G376 -> 0 | GQ25: =FORMULA!$I376 -> 0 | GR25: =FORMULA!$K376 -> 0 | GS25: =FORMULA!$M376 -> 0 | GT25: =FORMULA!$O376 -> 0 | GU25: =FORMULA!$Q376 -> 0 | GV25: =FORMULA!$S376 -> 0 | GW25: =FORMULA!$U376 -> 0 | GX25: =FORMULA!$W376 -> 0 | GY25: =FORMULA!$Y376 -> 0 | GZ25: =FORMULA!$AA376 -> 0 | HA25: =FORMULA!$AC376 -> 0 | HB25: =FORMULA!$AE376 -> 0 | HD25: =FORMULA!$C464 -> 0 | HE25: =FORMULA!$E464 -> 0 | HF25: =FORMULA!$G464 -> 0 | HG25: =FORMULA!$I464 -> 0 | HH25: =FORMULA!$K464 -> 0 | HI25: =FORMULA!$M464 -> 0 | HJ25: =FORMULA!$O464 -> 0 | HK25: =FORMULA!$Q464 -> 0 | HL25: =FORMULA!$S464 -> 0 | HM25: =FORMULA!$U464 -> 0 | HN25: =FORMULA!$W464 -> 0 | HO25: =FORMULA!$Y464 -> 0 | HP25: =FORMULA!$AA464 -> 0 | HQ25: =FORMULA!$AC464 -> 0 | HR25: =FORMULA!$AE464 -> 0 | HT25: =FORMULA!$C552 -> 0 | HU25: =FORMULA!$E552 -> 0 | HV25: =FORMULA!$G552 -> 0 | HW25: =FORMULA!$I552 -> 0 | HX25: =FORMULA!$K552 -> 0 | HY25: =FORMULA!$M552 -> 0 | HZ25: =FORMULA!$O552 -> 0 | IA25: =FORMULA!$Q552 -> 0 | IB25: =FORMULA!$S552 -> 0 | IC25: =FORMULA!$U552 -> 0 | ID25: =FORMULA!$W552 -> 0 | IE25: =FORMULA!$Y552 -> 0 | IF25: =FORMULA!$AA552 -> 0 | IG25: =FORMULA!$AC552 -> 0 | IH25: =FORMULA!$AE552 -> 0 | IJ25: =FORMULA!$C640 -> 0 | IK25: =FORMULA!$E640 -> 0 | IL25: =FORMULA!$G640 -> 0 | IM25: =FORMULA!$I640 -> 0 | IN25: =FORMULA!$K640 -> 0 | IO25: =FORMULA!$M640 -> 0 | IP25: =FORMULA!$O640 -> 0 | IQ25: =FORMULA!$Q640 -> 0 | IR25: =FORMULA!$S640 -> 0 | IS25: =FORMULA!$U640 -> 0 | IT25: =FORMULA!$W640 -> 0 | IU25: =FORMULA!$Y640 -> 0 | IV25: =FORMULA!$AA640 -> 0 | IW25: =FORMULA!$AC640 -> 0 | IX25: =FORMULA!$AE640 -> 0
A26: ='VAC & MED'!C27 -> 46044 | BQ26: 40 | EA26: =FORMULA!$A$25 -> PREMIX 1101 (20KG) | EB26: =FORMULA!$C25 -> 20 | EC26: =FORMULA!$E25 -> 0 | ED26: =FORMULA!$G25 -> 0 | EE26: =FORMULA!$I25 -> 0 | EF26: =FORMULA!$K25 -> 0 | EG26: =FORMULA!$M25 -> 0 | EH26: =FORMULA!$O25 -> 0 | EI26: =FORMULA!$Q25 -> 0 | EJ26: =FORMULA!$S25 -> 0 | EK26: =FORMULA!$U25 -> 0 | EL26: =FORMULA!$W25 -> 0 | EM26: =FORMULA!$Y25 -> 0 | EN26: =FORMULA!$AA25 -> 0 | EO26: =FORMULA!$AC25 -> 0 | EP26: =FORMULA!$AE25 -> 0 | ER26: =FORMULA!$C113 -> 0 | ES26: =FORMULA!$E113 -> 0 | ET26: =FORMULA!$G113 -> 0 | EU26: =FORMULA!$I113 -> 0 | EV26: =FORMULA!$K113 -> 0 | EW26: =FORMULA!$M113 -> 0 | EX26: =FORMULA!$O113 -> 0 | EY26: =FORMULA!$Q113 -> 0 | EZ26: =FORMULA!$S113 -> 0 | FA26: =FORMULA!$U113 -> 0 | FB26: =FORMULA!$W113 -> 0 | FC26: =FORMULA!$Y113 -> 0 | FD26: =FORMULA!$AA113 -> 0 | FE26: =FORMULA!$AC113 -> 0 | FF26: =FORMULA!$AE113 -> 0 | FH26: =FORMULA!$C201 -> 0 | FI26: =FORMULA!$E201 -> 0 | FJ26: =FORMULA!$G201 -> 0 | FK26: =FORMULA!$I201 -> 0 | FL26: =FORMULA!$K201 -> 0 | FM26: =FORMULA!$M201 -> 0 | FN26: =FORMULA!$O201 -> 0 | FO26: =FORMULA!$Q201 -> 0 | FP26: =FORMULA!$S201 -> 0 | FQ26: =FORMULA!$U201 -> 0 | FR26: =FORMULA!$W201 -> 0 | FS26: =FORMULA!$Y201 -> 0 | FT26: =FORMULA!$AA201 -> 0 | FU26: =FORMULA!$AC201 -> 0 | FV26: =FORMULA!$AE201 -> 0 | FX26: =FORMULA!$C289 -> 0 | FY26: =FORMULA!$E289 -> 0 | FZ26: =FORMULA!$G289 -> 0 | GA26: =FORMULA!$I289 -> 0 | GB26: =FORMULA!$K289 -> 0 | GC26: =FORMULA!$M289 -> 0 | GD26: =FORMULA!$O289 -> 0 | GE26: =FORMULA!$Q289 -> 0 | GF26: =FORMULA!$S289 -> 0 | GG26: =FORMULA!$U289 -> 0 | GH26: =FORMULA!$W289 -> 0 | GI26: =FORMULA!$Y289 -> 0 | GJ26: =FORMULA!$AA289 -> 0 | GK26: =FORMULA!$AC289 -> 0 | GL26: =FORMULA!$AE289 -> 0 | GN26: =FORMULA!$C377 -> 0 | GO26: =FORMULA!$E377 -> 0 | GP26: =FORMULA!$G377 -> 0 | GQ26: =FORMULA!$I377 -> 0 | GR26: =FORMULA!$K377 -> 0 | GS26: =FORMULA!$M377 -> 0 | GT26: =FORMULA!$O377 -> 0 | GU26: =FORMULA!$Q377 -> 0 | GV26: =FORMULA!$S377 -> 0 | GW26: =FORMULA!$U377 -> 0 | GX26: =FORMULA!$W377 -> 0 | GY26: =FORMULA!$Y377 -> 0 | GZ26: =FORMULA!$AA377 -> 0 | HA26: =FORMULA!$AC377 -> 0 | HB26: =FORMULA!$AE377 -> 0 | HD26: =FORMULA!$C465 -> 0 | HE26: =FORMULA!$E465 -> 0 | HF26: =FORMULA!$G465 -> 0 | HG26: =FORMULA!$I465 -> 0 | HH26: =FORMULA!$K465 -> 0 | HI26: =FORMULA!$M465 -> 0 | HJ26: =FORMULA!$O465 -> 0 | HK26: =FORMULA!$Q465 -> 0 | HL26: =FORMULA!$S465 -> 0 | HM26: =FORMULA!$U465 -> 0 | HN26: =FORMULA!$W465 -> 0 | HO26: =FORMULA!$Y465 -> 0 | HP26: =FORMULA!$AA465 -> 0 | HQ26: =FORMULA!$AC465 -> 0 | HR26: =FORMULA!$AE465 -> 0 | HT26: =FORMULA!$C553 -> 0 | HU26: =FORMULA!$E553 -> 0 | HV26: =FORMULA!$G553 -> 0 | HW26: =FORMULA!$I553 -> 0 | HX26: =FORMULA!$K553 -> 0 | HY26: =FORMULA!$M553 -> 0 | HZ26: =FORMULA!$O553 -> 0 | IA26: =FORMULA!$Q553 -> 0 | IB26: =FORMULA!$S553 -> 0 | IC26: =FORMULA!$U553 -> 0 | ID26: =FORMULA!$W553 -> 0 | IE26: =FORMULA!$Y553 -> 0 | IF26: =FORMULA!$AA553 -> 0 | IG26: =FORMULA!$AC553 -> 0 | IH26: =FORMULA!$AE553 -> 0 | IJ26: =FORMULA!$C641 -> 0 | IK26: =FORMULA!$E641 -> 0 | IL26: =FORMULA!$G641 -> 0 | IM26: =FORMULA!$I641 -> 0 | IN26: =FORMULA!$K641 -> 0 | IO26: =FORMULA!$M641 -> 0 | IP26: =FORMULA!$O641 -> 0 | IQ26: =FORMULA!$Q641 -> 0 | IR26: =FORMULA!$S641 -> 0 | IS26: =FORMULA!$U641 -> 0 | IT26: =FORMULA!$W641 -> 0 | IU26: =FORMULA!$Y641 -> 0 | IV26: =FORMULA!$AA641 -> 0 | IW26: =FORMULA!$AC641 -> 0 | IX26: =FORMULA!$AE641 -> 0
A27: ='VAC & MED'!C28 -> 46045 | AH27: 24 | BN27: 44 | EA27: =FORMULA!$A$26 -> PREMIX 1102 (20KG) | EB27: =FORMULA!$C26 -> 0 | EC27: =FORMULA!$E26 -> 0 | ED27: =FORMULA!$G26 -> 0 | EE27: =FORMULA!$I26 -> 0 | EF27: =FORMULA!$K26 -> 0 | EG27: =FORMULA!$M26 -> 0 | EH27: =FORMULA!$O26 -> 0 | EI27: =FORMULA!$Q26 -> 0 | EJ27: =FORMULA!$S26 -> 0 | EK27: =FORMULA!$U26 -> 0 | EL27: =FORMULA!$W26 -> 0 | EM27: =FORMULA!$Y26 -> 0 | EN27: =FORMULA!$AA26 -> 0 | EO27: =FORMULA!$AC26 -> 0 | EP27: =FORMULA!$AE26 -> 0 | ER27: =FORMULA!$C114 -> 20 | ES27: =FORMULA!$E114 -> 0 | ET27: =FORMULA!$G114 -> 0 | EU27: =FORMULA!$I114 -> 0 | EV27: =FORMULA!$K114 -> 0 | EW27: =FORMULA!$M114 -> 0 | EX27: =FORMULA!$O114 -> 0 | EY27: =FORMULA!$Q114 -> 0 | EZ27: =FORMULA!$S114 -> 0 | FA27: =FORMULA!$U114 -> 0 | FB27: =FORMULA!$W114 -> 0 | FC27: =FORMULA!$Y114 -> 0 | FD27: =FORMULA!$AA114 -> 0 | FE27: =FORMULA!$AC114 -> 0 | FF27: =FORMULA!$AE114 -> 0 | FH27: =FORMULA!$C202 -> 0 | FI27: =FORMULA!$E202 -> 0 | FJ27: =FORMULA!$G202 -> 0 | FK27: =FORMULA!$I202 -> 0 | FL27: =FORMULA!$K202 -> 0 | FM27: =FORMULA!$M202 -> 0 | FN27: =FORMULA!$O202 -> 0 | FO27: =FORMULA!$Q202 -> 0 | FP27: =FORMULA!$S202 -> 0 | FQ27: =FORMULA!$U202 -> 0 | FR27: =FORMULA!$W202 -> 0 | FS27: =FORMULA!$Y202 -> 0 | FT27: =FORMULA!$AA202 -> 0 | FU27: =FORMULA!$AC202 -> 0 | FV27: =FORMULA!$AE202 -> 0 | FX27: =FORMULA!$C290 -> 0 | FY27: =FORMULA!$E290 -> 0 | FZ27: =FORMULA!$G290 -> 0 | GA27: =FORMULA!$I290 -> 0 | GB27: =FORMULA!$K290 -> 0 | GC27: =FORMULA!$M290 -> 0 | GD27: =FORMULA!$O290 -> 0 | GE27: =FORMULA!$Q290 -> 0 | GF27: =FORMULA!$S290 -> 0 | GG27: =FORMULA!$U290 -> 0 | GH27: =FORMULA!$W290 -> 0 | GI27: =FORMULA!$Y290 -> 0 | GJ27: =FORMULA!$AA290 -> 0 | GK27: =FORMULA!$AC290 -> 0 | GL27: =FORMULA!$AE290 -> 0 | GN27: =FORMULA!$C378 -> 0 | GO27: =FORMULA!$E378 -> 0 | GP27: =FORMULA!$G378 -> 0 | GQ27: =FORMULA!$I378 -> 0 | GR27: =FORMULA!$K378 -> 0 | GS27: =FORMULA!$M378 -> 0 | GT27: =FORMULA!$O378 -> 0 | GU27: =FORMULA!$Q378 -> 0 | GV27: =FORMULA!$S378 -> 0 | GW27: =FORMULA!$U378 -> 0 | GX27: =FORMULA!$W378 -> 0 | GY27: =FORMULA!$Y378 -> 0 | GZ27: =FORMULA!$AA378 -> 0 | HA27: =FORMULA!$AC378 -> 0 | HB27: =FORMULA!$AE378 -> 0 | HD27: =FORMULA!$C466 -> 0 | HE27: =FORMULA!$E466 -> 0 | HF27: =FORMULA!$G466 -> 0 | HG27: =FORMULA!$I466 -> 0 | HH27: =FORMULA!$K466 -> 0 | HI27: =FORMULA!$M466 -> 0 | HJ27: =FORMULA!$O466 -> 0 | HK27: =FORMULA!$Q466 -> 0 | HL27: =FORMULA!$S466 -> 0 | HM27: =FORMULA!$U466 -> 0 | HN27: =FORMULA!$W466 -> 0 | HO27: =FORMULA!$Y466 -> 0 | HP27: =FORMULA!$AA466 -> 0 | HQ27: =FORMULA!$AC466 -> 0 | HR27: =FORMULA!$AE466 -> 0 | HT27: =FORMULA!$C554 -> 0 | HU27: =FORMULA!$E554 -> 0 | HV27: =FORMULA!$G554 -> 0 | HW27: =FORMULA!$I554 -> 0 | HX27: =FORMULA!$K554 -> 0 | HY27: =FORMULA!$M554 -> 0 | HZ27: =FORMULA!$O554 -> 0 | IA27: =FORMULA!$Q554 -> 0 | IB27: =FORMULA!$S554 -> 0 | IC27: =FORMULA!$U554 -> 0 | ID27: =FORMULA!$W554 -> 0 | IE27: =FORMULA!$Y554 -> 0 | IF27: =FORMULA!$AA554 -> 0 | IG27: =FORMULA!$AC554 -> 0 | IH27: =FORMULA!$AE554 -> 0 | IJ27: =FORMULA!$C642 -> 0 | IK27: =FORMULA!$E642 -> 0 | IL27: =FORMULA!$G642 -> 0 | IM27: =FORMULA!$I642 -> 0 | IN27: =FORMULA!$K642 -> 0 | IO27: =FORMULA!$M642 -> 0 | IP27: =FORMULA!$O642 -> 0 | IQ27: =FORMULA!$Q642 -> 0 | IR27: =FORMULA!$S642 -> 0 | IS27: =FORMULA!$U642 -> 0 | IT27: =FORMULA!$W642 -> 0 | IU27: =FORMULA!$Y642 -> 0 | IV27: =FORMULA!$AA642 -> 0 | IW27: =FORMULA!$AC642 -> 0 | IX27: =FORMULA!$AE642 -> 0
A28: ='VAC & MED'!C29 -> 46046 | BQ28: 26 | EA28: =FORMULA!$A$27 -> PREMIX 1103 (20KG) | EB28: =FORMULA!$C27 -> 0 | EC28: =FORMULA!$E27 -> 0 | ED28: =FORMULA!$G27 -> 0 | EE28: =FORMULA!$I27 -> 0 | EF28: =FORMULA!$K27 -> 0 | EG28: =FORMULA!$M27 -> 0 | EH28: =FORMULA!$O27 -> 0 | EI28: =FORMULA!$Q27 -> 0 | EJ28: =FORMULA!$S27 -> 0 | EK28: =FORMULA!$U27 -> 0 | EL28: =FORMULA!$W27 -> 0 | EM28: =FORMULA!$Y27 -> 0 | EN28: =FORMULA!$AA27 -> 0 | EO28: =FORMULA!$AC27 -> 0 | EP28: =FORMULA!$AE27 -> 0 | ER28: =FORMULA!$C115 -> 0 | ES28: =FORMULA!$E115 -> 0 | ET28: =FORMULA!$G115 -> 0 | EU28: =FORMULA!$I115 -> 0 | EV28: =FORMULA!$K115 -> 0 | EW28: =FORMULA!$M115 -> 0 | EX28: =FORMULA!$O115 -> 0 | EY28: =FORMULA!$Q115 -> 0 | EZ28: =FORMULA!$S115 -> 0 | FA28: =FORMULA!$U115 -> 0 | FB28: =FORMULA!$W115 -> 0 | FC28: =FORMULA!$Y115 -> 0 | FD28: =FORMULA!$AA115 -> 0 | FE28: =FORMULA!$AC115 -> 0 | FF28: =FORMULA!$AE115 -> 0 | FH28: =FORMULA!$C203 -> 20 | FI28: =FORMULA!$E203 -> 20 | FJ28: =FORMULA!$G203 -> 0 | FK28: =FORMULA!$I203 -> 0 | FL28: =FORMULA!$K203 -> 0 | FM28: =FORMULA!$M203 -> 0 | FN28: =FORMULA!$O203 -> 0 | FO28: =FORMULA!$Q203 -> 0 | FP28: =FORMULA!$S203 -> 0 | FQ28: =FORMULA!$U203 -> 0 | FR28: =FORMULA!$W203 -> 0 | FS28: =FORMULA!$Y203 -> 0 | FT28: =FORMULA!$AA203 -> 0 | FU28: =FORMULA!$AC203 -> 0 | FV28: =FORMULA!$AE203 -> 0 | FX28: =FORMULA!$C291 -> 0 | FY28: =FORMULA!$E291 -> 0 | FZ28: =FORMULA!$G291 -> 0 | GA28: =FORMULA!$I291 -> 0 | GB28: =FORMULA!$K291 -> 0 | GC28: =FORMULA!$M291 -> 0 | GD28: =FORMULA!$O291 -> 0 | GE28: =FORMULA!$Q291 -> 0 | GF28: =FORMULA!$S291 -> 0 | GG28: =FORMULA!$U291 -> 0 | GH28: =FORMULA!$W291 -> 0 | GI28: =FORMULA!$Y291 -> 0 | GJ28: =FORMULA!$AA291 -> 0 | GK28: =FORMULA!$AC291 -> 0 | GL28: =FORMULA!$AE291 -> 0 | GN28: =FORMULA!$C379 -> 0 | GO28: =FORMULA!$E379 -> 0 | GP28: =FORMULA!$G379 -> 0 | GQ28: =FORMULA!$I379 -> 0 | GR28: =FORMULA!$K379 -> 0 | GS28: =FORMULA!$M379 -> 0 | GT28: =FORMULA!$O379 -> 0 | GU28: =FORMULA!$Q379 -> 0 | GV28: =FORMULA!$S379 -> 0 | GW28: =FORMULA!$U379 -> 0 | GX28: =FORMULA!$W379 -> 0 | GY28: =FORMULA!$Y379 -> 0 | GZ28: =FORMULA!$AA379 -> 0 | HA28: =FORMULA!$AC379 -> 0 | HB28: =FORMULA!$AE379 -> 0 | HD28: =FORMULA!$C467 -> 0 | HE28: =FORMULA!$E467 -> 0 | HF28: =FORMULA!$G467 -> 0 | HG28: =FORMULA!$I467 -> 0 | HH28: =FORMULA!$K467 -> 0 | HI28: =FORMULA!$M467 -> 0 | HJ28: =FORMULA!$O467 -> 0 | HK28: =FORMULA!$Q467 -> 0 | HL28: =FORMULA!$S467 -> 0 | HM28: =FORMULA!$U467 -> 0 | HN28: =FORMULA!$W467 -> 0 | HO28: =FORMULA!$Y467 -> 0 | HP28: =FORMULA!$AA467 -> 0 | HQ28: =FORMULA!$AC467 -> 0 | HR28: =FORMULA!$AE467 -> 0 | HT28: =FORMULA!$C555 -> 0 | HU28: =FORMULA!$E555 -> 0 | HV28: =FORMULA!$G555 -> 0 | HW28: =FORMULA!$I555 -> 0 | HX28: =FORMULA!$K555 -> 0 | HY28: =FORMULA!$M555 -> 0 | HZ28: =FORMULA!$O555 -> 0 | IA28: =FORMULA!$Q555 -> 0 | IB28: =FORMULA!$S555 -> 0 | IC28: =FORMULA!$U555 -> 0 | ID28: =FORMULA!$W555 -> 0 | IE28: =FORMULA!$Y555 -> 0 | IF28: =FORMULA!$AA555 -> 0 | IG28: =FORMULA!$AC555 -> 0 | IH28: =FORMULA!$AE555 -> 0 | IJ28: =FORMULA!$C643 -> 0 | IK28: =FORMULA!$E643 -> 0 | IL28: =FORMULA!$G643 -> 0 | IM28: =FORMULA!$I643 -> 0 | IN28: =FORMULA!$K643 -> 0 | IO28: =FORMULA!$M643 -> 0 | IP28: =FORMULA!$O643 -> 0 | IQ28: =FORMULA!$Q643 -> 0 | IR28: =FORMULA!$S643 -> 0 | IS28: =FORMULA!$U643 -> 0 | IT28: =FORMULA!$W643 -> 0 | IU28: =FORMULA!$Y643 -> 0 | IV28: =FORMULA!$AA643 -> 0 | IW28: =FORMULA!$AC643 -> 0 | IX28: =FORMULA!$AE643 -> 0
A29: ='VAC & MED'!C30 -> 46047 | EA29: =FORMULA!$A$28 -> PREMIX 311 (20KG) | EB29: =FORMULA!$C28 -> 0 | EC29: =FORMULA!$E28 -> 0 | ED29: =FORMULA!$G28 -> 0 | EE29: =FORMULA!$I28 -> 0 | EF29: =FORMULA!$K28 -> 0 | EG29: =FORMULA!$M28 -> 0 | EH29: =FORMULA!$O28 -> 0 | EI29: =FORMULA!$Q28 -> 0 | EJ29: =FORMULA!$S28 -> 0 | EK29: =FORMULA!$U28 -> 0 | EL29: =FORMULA!$W28 -> 0 | EM29: =FORMULA!$Y28 -> 0 | EN29: =FORMULA!$AA28 -> 0 | EO29: =FORMULA!$AC28 -> 0 | EP29: =FORMULA!$AE28 -> 0 | ER29: =FORMULA!$C116 -> 0 | ES29: =FORMULA!$E116 -> 0 | ET29: =FORMULA!$G116 -> 0 | EU29: =FORMULA!$I116 -> 0 | EV29: =FORMULA!$K116 -> 0 | EW29: =FORMULA!$M116 -> 0 | EX29: =FORMULA!$O116 -> 0 | EY29: =FORMULA!$Q116 -> 0 | EZ29: =FORMULA!$S116 -> 0 | FA29: =FORMULA!$U116 -> 0 | FB29: =FORMULA!$W116 -> 0 | FC29: =FORMULA!$Y116 -> 0 | FD29: =FORMULA!$AA116 -> 0 | FE29: =FORMULA!$AC116 -> 0 | FF29: =FORMULA!$AE116 -> 0 | FH29: =FORMULA!$C204 -> 0 | FI29: =FORMULA!$E204 -> 0 | FJ29: =FORMULA!$G204 -> 0 | FK29: =FORMULA!$I204 -> 0 | FL29: =FORMULA!$K204 -> 0 | FM29: =FORMULA!$M204 -> 0 | FN29: =FORMULA!$O204 -> 0 | FO29: =FORMULA!$Q204 -> 0 | FP29: =FORMULA!$S204 -> 0 | FQ29: =FORMULA!$U204 -> 0 | FR29: =FORMULA!$W204 -> 0 | FS29: =FORMULA!$Y204 -> 0 | FT29: =FORMULA!$AA204 -> 0 | FU29: =FORMULA!$AC204 -> 0 | FV29: =FORMULA!$AE204 -> 0 | FX29: =FORMULA!$C292 -> 0 | FY29: =FORMULA!$E292 -> 0 | FZ29: =FORMULA!$G292 -> 0 | GA29: =FORMULA!$I292 -> 0 | GB29: =FORMULA!$K292 -> 0 | GC29: =FORMULA!$M292 -> 0 | GD29: =FORMULA!$O292 -> 0 | GE29: =FORMULA!$Q292 -> 0 | GF29: =FORMULA!$S292 -> 0 | GG29: =FORMULA!$U292 -> 0 | GH29: =FORMULA!$W292 -> 0 | GI29: =FORMULA!$Y292 -> 0 | GJ29: =FORMULA!$AA292 -> 0 | GK29: =FORMULA!$AC292 -> 0 | GL29: =FORMULA!$AE292 -> 0 | GN29: =FORMULA!$C380 -> 0 | GO29: =FORMULA!$E380 -> 0 | GP29: =FORMULA!$G380 -> 0 | GQ29: =FORMULA!$I380 -> 0 | GR29: =FORMULA!$K380 -> 0 | GS29: =FORMULA!$M380 -> 0 | GT29: =FORMULA!$O380 -> 0 | GU29: =FORMULA!$Q380 -> 0 | GV29: =FORMULA!$S380 -> 0 | GW29: =FORMULA!$U380 -> 0 | GX29: =FORMULA!$W380 -> 0 | GY29: =FORMULA!$Y380 -> 0 | GZ29: =FORMULA!$AA380 -> 0 | HA29: =FORMULA!$AC380 -> 0 | HB29: =FORMULA!$AE380 -> 0 | HD29: =FORMULA!$C468 -> 0 | HE29: =FORMULA!$E468 -> 0 | HF29: =FORMULA!$G468 -> 0 | HG29: =FORMULA!$I468 -> 0 | HH29: =FORMULA!$K468 -> 0 | HI29: =FORMULA!$M468 -> 0 | HJ29: =FORMULA!$O468 -> 0 | HK29: =FORMULA!$Q468 -> 0 | HL29: =FORMULA!$S468 -> 0 | HM29: =FORMULA!$U468 -> 20 | HN29: =FORMULA!$W468 -> 0 | HO29: =FORMULA!$Y468 -> 0 | HP29: =FORMULA!$AA468 -> 0 | HQ29: =FORMULA!$AC468 -> 0 | HR29: =FORMULA!$AE468 -> 0 | HT29: =FORMULA!$C556 -> 0 | HU29: =FORMULA!$E556 -> 0 | HV29: =FORMULA!$G556 -> 0 | HW29: =FORMULA!$I556 -> 0 | HX29: =FORMULA!$K556 -> 0 | HY29: =FORMULA!$M556 -> 0 | HZ29: =FORMULA!$O556 -> 0 | IA29: =FORMULA!$Q556 -> 0 | IB29: =FORMULA!$S556 -> 0 | IC29: =FORMULA!$U556 -> 0 | ID29: =FORMULA!$W556 -> 0 | IE29: =FORMULA!$Y556 -> 0 | IF29: =FORMULA!$AA556 -> 0 | IG29: =FORMULA!$AC556 -> 0 | IH29: =FORMULA!$AE556 -> 0 | IJ29: =FORMULA!$C644 -> 0 | IK29: =FORMULA!$E644 -> 0 | IL29: =FORMULA!$G644 -> 0 | IM29: =FORMULA!$I644 -> 0 | IN29: =FORMULA!$K644 -> 0 | IO29: =FORMULA!$M644 -> 0 | IP29: =FORMULA!$O644 -> 0 | IQ29: =FORMULA!$Q644 -> 0 | IR29: =FORMULA!$S644 -> 0 | IS29: =FORMULA!$U644 -> 0 | IT29: =FORMULA!$W644 -> 0 | IU29: =FORMULA!$Y644 -> 0 | IV29: =FORMULA!$AA644 -> 0 | IW29: =FORMULA!$AC644 -> 0 | IX29: =FORMULA!$AE644 -> 0
A30: ='VAC & MED'!C31 -> 46048 | B30: 16 | BY30: 40 | EA30: =FORMULA!$A$29 -> PREMIX 312 (20KG) | EB30: =FORMULA!$C29 -> 0 | EC30: =FORMULA!$E29 -> 0 | ED30: =FORMULA!$G29 -> 0 | EE30: =FORMULA!$I29 -> 0 | EF30: =FORMULA!$K29 -> 0 | EG30: =FORMULA!$M29 -> 0 | EH30: =FORMULA!$O29 -> 0 | EI30: =FORMULA!$Q29 -> 0 | EJ30: =FORMULA!$S29 -> 0 | EK30: =FORMULA!$U29 -> 0 | EL30: =FORMULA!$W29 -> 0 | EM30: =FORMULA!$Y29 -> 0 | EN30: =FORMULA!$AA29 -> 0 | EO30: =FORMULA!$AC29 -> 0 | EP30: =FORMULA!$AE29 -> 0 | ER30: =FORMULA!$C117 -> 0 | ES30: =FORMULA!$E117 -> 0 | ET30: =FORMULA!$G117 -> 0 | EU30: =FORMULA!$I117 -> 0 | EV30: =FORMULA!$K117 -> 0 | EW30: =FORMULA!$M117 -> 0 | EX30: =FORMULA!$O117 -> 0 | EY30: =FORMULA!$Q117 -> 0 | EZ30: =FORMULA!$S117 -> 0 | FA30: =FORMULA!$U117 -> 0 | FB30: =FORMULA!$W117 -> 0 | FC30: =FORMULA!$Y117 -> 0 | FD30: =FORMULA!$AA117 -> 0 | FE30: =FORMULA!$AC117 -> 0 | FF30: =FORMULA!$AE117 -> 0 | FH30: =FORMULA!$C205 -> 0 | FI30: =FORMULA!$E205 -> 0 | FJ30: =FORMULA!$G205 -> 0 | FK30: =FORMULA!$I205 -> 0 | FL30: =FORMULA!$K205 -> 0 | FM30: =FORMULA!$M205 -> 0 | FN30: =FORMULA!$O205 -> 0 | FO30: =FORMULA!$Q205 -> 0 | FP30: =FORMULA!$S205 -> 0 | FQ30: =FORMULA!$U205 -> 0 | FR30: =FORMULA!$W205 -> 0 | FS30: =FORMULA!$Y205 -> 0 | FT30: =FORMULA!$AA205 -> 0 | FU30: =FORMULA!$AC205 -> 0 | FV30: =FORMULA!$AE205 -> 0 | FX30: =FORMULA!$C293 -> 0 | FY30: =FORMULA!$E293 -> 0 | FZ30: =FORMULA!$G293 -> 0 | GA30: =FORMULA!$I293 -> 0 | GB30: =FORMULA!$K293 -> 0 | GC30: =FORMULA!$M293 -> 0 | GD30: =FORMULA!$O293 -> 0 | GE30: =FORMULA!$Q293 -> 0 | GF30: =FORMULA!$S293 -> 0 | GG30: =FORMULA!$U293 -> 0 | GH30: =FORMULA!$W293 -> 0 | GI30: =FORMULA!$Y293 -> 0 | GJ30: =FORMULA!$AA293 -> 0 | GK30: =FORMULA!$AC293 -> 0 | GL30: =FORMULA!$AE293 -> 0 | GN30: =FORMULA!$C381 -> 0 | GO30: =FORMULA!$E381 -> 0 | GP30: =FORMULA!$G381 -> 0 | GQ30: =FORMULA!$I381 -> 0 | GR30: =FORMULA!$K381 -> 0 | GS30: =FORMULA!$M381 -> 0 | GT30: =FORMULA!$O381 -> 0 | GU30: =FORMULA!$Q381 -> 0 | GV30: =FORMULA!$S381 -> 0 | GW30: =FORMULA!$U381 -> 0 | GX30: =FORMULA!$W381 -> 0 | GY30: =FORMULA!$Y381 -> 0 | GZ30: =FORMULA!$AA381 -> 0 | HA30: =FORMULA!$AC381 -> 0 | HB30: =FORMULA!$AE381 -> 0 | HD30: =FORMULA!$C469 -> 0 | HE30: =FORMULA!$E469 -> 0 | HF30: =FORMULA!$G469 -> 0 | HG30: =FORMULA!$I469 -> 0 | HH30: =FORMULA!$K469 -> 0 | HI30: =FORMULA!$M469 -> 0 | HJ30: =FORMULA!$O469 -> 0 | HK30: =FORMULA!$Q469 -> 0 | HL30: =FORMULA!$S469 -> 0 | HM30: =FORMULA!$U469 -> 0 | HN30: =FORMULA!$W469 -> 20 | HO30: =FORMULA!$Y469 -> 0 | HP30: =FORMULA!$AA469 -> 0 | HQ30: =FORMULA!$AC469 -> 0 | HR30: =FORMULA!$AE469 -> 0 | HT30: =FORMULA!$C557 -> 0 | HU30: =FORMULA!$E557 -> 0 | HV30: =FORMULA!$G557 -> 0 | HW30: =FORMULA!$I557 -> 0 | HX30: =FORMULA!$K557 -> 0 | HY30: =FORMULA!$M557 -> 0 | HZ30: =FORMULA!$O557 -> 0 | IA30: =FORMULA!$Q557 -> 0 | IB30: =FORMULA!$S557 -> 0 | IC30: =FORMULA!$U557 -> 0 | ID30: =FORMULA!$W557 -> 0 | IE30: =FORMULA!$Y557 -> 0 | IF30: =FORMULA!$AA557 -> 0 | IG30: =FORMULA!$AC557 -> 0 | IH30: =FORMULA!$AE557 -> 0 | IJ30: =FORMULA!$C645 -> 0 | IK30: =FORMULA!$E645 -> 0 | IL30: =FORMULA!$G645 -> 0 | IM30: =FORMULA!$I645 -> 0 | IN30: =FORMULA!$K645 -> 0 | IO30: =FORMULA!$M645 -> 0 | IP30: =FORMULA!$O645 -> 0 | IQ30: =FORMULA!$Q645 -> 0 | IR30: =FORMULA!$S645 -> 0 | IS30: =FORMULA!$U645 -> 0 | IT30: =FORMULA!$W645 -> 0 | IU30: =FORMULA!$Y645 -> 0 | IV30: =FORMULA!$AA645 -> 0 | IW30: =FORMULA!$AC645 -> 0 | IX30: =FORMULA!$AE645 -> 0
A31: ='VAC & MED'!C32 -> 46049 | AH31: 44 | BQ31: 40 | EA31: =FORMULA!$A$30 -> 1 | EB31: =FORMULA!$C30 -> 0 | EC31: =FORMULA!$E30 -> 0 | ED31: =FORMULA!$G30 -> 0 | EE31: =FORMULA!$I30 -> 0 | EF31: =FORMULA!$K30 -> 0 | EG31: =FORMULA!$M30 -> 0 | EH31: =FORMULA!$O30 -> 0 | EI31: =FORMULA!$Q30 -> 0 | EJ31: =FORMULA!$S30 -> 0 | EK31: =FORMULA!$U30 -> 0 | EL31: =FORMULA!$W30 -> 0 | EM31: =FORMULA!$Y30 -> 0 | EN31: =FORMULA!$AA30 -> 0 | EO31: =FORMULA!$AC30 -> 0 | EP31: =FORMULA!$AE30 -> 0 | ER31: =FORMULA!$C118 -> 0 | ES31: =FORMULA!$E118 -> 0 | ET31: =FORMULA!$G118 -> 0 | EU31: =FORMULA!$I118 -> 0 | EV31: =FORMULA!$K118 -> 0 | EW31: =FORMULA!$M118 -> 0 | EX31: =FORMULA!$O118 -> 0 | EY31: =FORMULA!$Q118 -> 0 | EZ31: =FORMULA!$S118 -> 0 | FA31: =FORMULA!$U118 -> 0 | FB31: =FORMULA!$W118 -> 0 | FC31: =FORMULA!$Y118 -> 0 | FD31: =FORMULA!$AA118 -> 0 | FE31: =FORMULA!$AC118 -> 0 | FF31: =FORMULA!$AE118 -> 0 | FH31: =FORMULA!$C206 -> 0 | FI31: =FORMULA!$E206 -> 0 | FJ31: =FORMULA!$G206 -> 0 | FK31: =FORMULA!$I206 -> 0 | FL31: =FORMULA!$K206 -> 0 | FM31: =FORMULA!$M206 -> 0 | FN31: =FORMULA!$O206 -> 0 | FO31: =FORMULA!$Q206 -> 0 | FP31: =FORMULA!$S206 -> 0 | FQ31: =FORMULA!$U206 -> 0 | FR31: =FORMULA!$W206 -> 0 | FS31: =FORMULA!$Y206 -> 0 | FT31: =FORMULA!$AA206 -> 0 | FU31: =FORMULA!$AC206 -> 0 | FV31: =FORMULA!$AE206 -> 0 | FX31: =FORMULA!$C294 -> 0 | FY31: =FORMULA!$E294 -> 0 | FZ31: =FORMULA!$G294 -> 0 | GA31: =FORMULA!$I294 -> 0 | GB31: =FORMULA!$K294 -> 0 | GC31: =FORMULA!$M294 -> 0 | GD31: =FORMULA!$O294 -> 0 | GE31: =FORMULA!$Q294 -> 0 | GF31: =FORMULA!$S294 -> 0 | GG31: =FORMULA!$U294 -> 0 | GH31: =FORMULA!$W294 -> 0 | GI31: =FORMULA!$Y294 -> 0 | GJ31: =FORMULA!$AA294 -> 0 | GK31: =FORMULA!$AC294 -> 0 | GL31: =FORMULA!$AE294 -> 0 | GN31: =FORMULA!$C382 -> 0 | GO31: =FORMULA!$E382 -> 0 | GP31: =FORMULA!$G382 -> 0 | GQ31: =FORMULA!$I382 -> 0 | GR31: =FORMULA!$K382 -> 0 | GS31: =FORMULA!$M382 -> 0 | GT31: =FORMULA!$O382 -> 0 | GU31: =FORMULA!$Q382 -> 0 | GV31: =FORMULA!$S382 -> 0 | GW31: =FORMULA!$U382 -> 0 | GX31: =FORMULA!$W382 -> 0 | GY31: =FORMULA!$Y382 -> 0 | GZ31: =FORMULA!$AA382 -> 0 | HA31: =FORMULA!$AC382 -> 0 | HB31: =FORMULA!$AE382 -> 0 | HD31: =FORMULA!$C470 -> 0 | HE31: =FORMULA!$E470 -> 0 | HF31: =FORMULA!$G470 -> 0 | HG31: =FORMULA!$I470 -> 0 | HH31: =FORMULA!$K470 -> 0 | HI31: =FORMULA!$M470 -> 0 | HJ31: =FORMULA!$O470 -> 0 | HK31: =FORMULA!$Q470 -> 0 | HL31: =FORMULA!$S470 -> 0 | HM31: =FORMULA!$U470 -> 0 | HN31: =FORMULA!$W470 -> 0 | HO31: =FORMULA!$Y470 -> 0 | HP31: =FORMULA!$AA470 -> 0 | HQ31: =FORMULA!$AC470 -> 0 | HR31: =FORMULA!$AE470 -> 0 | HT31: =FORMULA!$C558 -> 0 | HU31: =FORMULA!$E558 -> 0 | HV31: =FORMULA!$G558 -> 0 | HW31: =FORMULA!$I558 -> 0 | HX31: =FORMULA!$K558 -> 0 | HY31: =FORMULA!$M558 -> 0 | HZ31: =FORMULA!$O558 -> 0 | IA31: =FORMULA!$Q558 -> 0 | IB31: =FORMULA!$S558 -> 0 | IC31: =FORMULA!$U558 -> 0 | ID31: =FORMULA!$W558 -> 0 | IE31: =FORMULA!$Y558 -> 0 | IF31: =FORMULA!$AA558 -> 0 | IG31: =FORMULA!$AC558 -> 0 | IH31: =FORMULA!$AE558 -> 0 | IJ31: =FORMULA!$C646 -> 0 | IK31: =FORMULA!$E646 -> 0 | IL31: =FORMULA!$G646 -> 0 | IM31: =FORMULA!$I646 -> 0 | IN31: =FORMULA!$K646 -> 0 | IO31: =FORMULA!$M646 -> 0 | IP31: =FORMULA!$O646 -> 0 | IQ31: =FORMULA!$Q646 -> 0 | IR31: =FORMULA!$S646 -> 0 | IS31: =FORMULA!$U646 -> 0 | IT31: =FORMULA!$W646 -> 0 | IU31: =FORMULA!$Y646 -> 0 | IV31: =FORMULA!$AA646 -> 0 | IW31: =FORMULA!$AC646 -> 0 | IX31: =FORMULA!$AE646 -> 0
A32: ='VAC & MED'!C33 -> 46050 | BQ32: 14 | BR32: 20 | EA32: =FORMULA!$A$31 -> PREMIX 8100 (20KG) | EB32: =FORMULA!$C31 -> 0 | EC32: =FORMULA!$E31 -> 0 | ED32: =FORMULA!$G31 -> 0 | EE32: =FORMULA!$I31 -> 0 | EF32: =FORMULA!$K31 -> 0 | EG32: =FORMULA!$M31 -> 0 | EH32: =FORMULA!$O31 -> 0 | EI32: =FORMULA!$Q31 -> 0 | EJ32: =FORMULA!$S31 -> 0 | EK32: =FORMULA!$U31 -> 0 | EL32: =FORMULA!$W31 -> 0 | EM32: =FORMULA!$Y31 -> 0 | EN32: =FORMULA!$AA31 -> 0 | EO32: =FORMULA!$AC31 -> 0 | EP32: =FORMULA!$AE31 -> 0 | ER32: =FORMULA!$C119 -> 0 | ES32: =FORMULA!$E119 -> 0 | ET32: =FORMULA!$G119 -> 0 | EU32: =FORMULA!$I119 -> 0 | EV32: =FORMULA!$K119 -> 0 | EW32: =FORMULA!$M119 -> 0 | EX32: =FORMULA!$O119 -> 0 | EY32: =FORMULA!$Q119 -> 0 | EZ32: =FORMULA!$S119 -> 0 | FA32: =FORMULA!$U119 -> 0 | FB32: =FORMULA!$W119 -> 0 | FC32: =FORMULA!$Y119 -> 0 | FD32: =FORMULA!$AA119 -> 0 | FE32: =FORMULA!$AC119 -> 0 | FF32: =FORMULA!$AE119 -> 0 | FH32: =FORMULA!$C207 -> 0 | FI32: =FORMULA!$E207 -> 0 | FJ32: =FORMULA!$G207 -> 0 | FK32: =FORMULA!$I207 -> 0 | FL32: =FORMULA!$K207 -> 0 | FM32: =FORMULA!$M207 -> 0 | FN32: =FORMULA!$O207 -> 0 | FO32: =FORMULA!$Q207 -> 0 | FP32: =FORMULA!$S207 -> 0 | FQ32: =FORMULA!$U207 -> 0 | FR32: =FORMULA!$W207 -> 0 | FS32: =FORMULA!$Y207 -> 0 | FT32: =FORMULA!$AA207 -> 0 | FU32: =FORMULA!$AC207 -> 0 | FV32: =FORMULA!$AE207 -> 0 | FX32: =FORMULA!$C295 -> 0 | FY32: =FORMULA!$E295 -> 0 | FZ32: =FORMULA!$G295 -> 0 | GA32: =FORMULA!$I295 -> 0 | GB32: =FORMULA!$K295 -> 0 | GC32: =FORMULA!$M295 -> 0 | GD32: =FORMULA!$O295 -> 0 | GE32: =FORMULA!$Q295 -> 0 | GF32: =FORMULA!$S295 -> 0 | GG32: =FORMULA!$U295 -> 0 | GH32: =FORMULA!$W295 -> 0 | GI32: =FORMULA!$Y295 -> 0 | GJ32: =FORMULA!$AA295 -> 0 | GK32: =FORMULA!$AC295 -> 0 | GL32: =FORMULA!$AE295 -> 0 | GN32: =FORMULA!$C383 -> 20 | GO32: =FORMULA!$E383 -> 20 | GP32: =FORMULA!$G383 -> 0 | GQ32: =FORMULA!$I383 -> 0 | GR32: =FORMULA!$K383 -> 0 | GS32: =FORMULA!$M383 -> 0 | GT32: =FORMULA!$O383 -> 0 | GU32: =FORMULA!$Q383 -> 0 | GV32: =FORMULA!$S383 -> 0 | GW32: =FORMULA!$U383 -> 0 | GX32: =FORMULA!$W383 -> 0 | GY32: =FORMULA!$Y383 -> 0 | GZ32: =FORMULA!$AA383 -> 0 | HA32: =FORMULA!$AC383 -> 0 | HB32: =FORMULA!$AE383 -> 0 | HD32: =FORMULA!$C471 -> 0 | HE32: =FORMULA!$E471 -> 0 | HF32: =FORMULA!$G471 -> 0 | HG32: =FORMULA!$I471 -> 0 | HH32: =FORMULA!$K471 -> 0 | HI32: =FORMULA!$M471 -> 0 | HJ32: =FORMULA!$O471 -> 0 | HK32: =FORMULA!$Q471 -> 0 | HL32: =FORMULA!$S471 -> 0 | HM32: =FORMULA!$U471 -> 0 | HN32: =FORMULA!$W471 -> 0 | HO32: =FORMULA!$Y471 -> 0 | HP32: =FORMULA!$AA471 -> 0 | HQ32: =FORMULA!$AC471 -> 0 | HR32: =FORMULA!$AE471 -> 0 | HT32: =FORMULA!$C559 -> 0 | HU32: =FORMULA!$E559 -> 0 | HV32: =FORMULA!$G559 -> 0 | HW32: =FORMULA!$I559 -> 0 | HX32: =FORMULA!$K559 -> 0 | HY32: =FORMULA!$M559 -> 0 | HZ32: =FORMULA!$O559 -> 0 | IA32: =FORMULA!$Q559 -> 0 | IB32: =FORMULA!$S559 -> 0 | IC32: =FORMULA!$U559 -> 0 | ID32: =FORMULA!$W559 -> 0 | IE32: =FORMULA!$Y559 -> 0 | IF32: =FORMULA!$AA559 -> 0 | IG32: =FORMULA!$AC559 -> 0 | IH32: =FORMULA!$AE559 -> 0 | IJ32: =FORMULA!$C647 -> 0 | IK32: =FORMULA!$E647 -> 0 | IL32: =FORMULA!$G647 -> 0 | IM32: =FORMULA!$I647 -> 0 | IN32: =FORMULA!$K647 -> 0 | IO32: =FORMULA!$M647 -> 0 | IP32: =FORMULA!$O647 -> 0 | IQ32: =FORMULA!$Q647 -> 0 | IR32: =FORMULA!$S647 -> 0 | IS32: =FORMULA!$U647 -> 0 | IT32: =FORMULA!$W647 -> 0 | IU32: =FORMULA!$Y647 -> 0 | IV32: =FORMULA!$AA647 -> 0 | IW32: =FORMULA!$AC647 -> 0 | IX32: =FORMULA!$AE647 -> 0
A33: ='VAC & MED'!C34 -> 46051 | EA33: =FORMULA!$A$32 -> PREMIX 8101 (20KG) | EB33: =FORMULA!$C32 -> 0 | EC33: =FORMULA!$E32 -> 0 | ED33: =FORMULA!$G32 -> 0 | EE33: =FORMULA!$I32 -> 0 | EF33: =FORMULA!$K32 -> 0 | EG33: =FORMULA!$M32 -> 0 | EH33: =FORMULA!$O32 -> 0 | EI33: =FORMULA!$Q32 -> 0 | EJ33: =FORMULA!$S32 -> 0 | EK33: =FORMULA!$U32 -> 0 | EL33: =FORMULA!$W32 -> 0 | EM33: =FORMULA!$Y32 -> 0 | EN33: =FORMULA!$AA32 -> 0 | EO33: =FORMULA!$AC32 -> 0 | EP33: =FORMULA!$AE32 -> 0 | ER33: =FORMULA!$C120 -> 0 | ES33: =FORMULA!$E120 -> 0 | ET33: =FORMULA!$G120 -> 0 | EU33: =FORMULA!$I120 -> 0 | EV33: =FORMULA!$K120 -> 0 | EW33: =FORMULA!$M120 -> 0 | EX33: =FORMULA!$O120 -> 0 | EY33: =FORMULA!$Q120 -> 0 | EZ33: =FORMULA!$S120 -> 0 | FA33: =FORMULA!$U120 -> 0 | FB33: =FORMULA!$W120 -> 0 | FC33: =FORMULA!$Y120 -> 0 | FD33: =FORMULA!$AA120 -> 0 | FE33: =FORMULA!$AC120 -> 0 | FF33: =FORMULA!$AE120 -> 0 | FH33: =FORMULA!$C208 -> 0 | FI33: =FORMULA!$E208 -> 0 | FJ33: =FORMULA!$G208 -> 0 | FK33: =FORMULA!$I208 -> 0 | FL33: =FORMULA!$K208 -> 0 | FM33: =FORMULA!$M208 -> 0 | FN33: =FORMULA!$O208 -> 0 | FO33: =FORMULA!$Q208 -> 0 | FP33: =FORMULA!$S208 -> 0 | FQ33: =FORMULA!$U208 -> 0 | FR33: =FORMULA!$W208 -> 0 | FS33: =FORMULA!$Y208 -> 0 | FT33: =FORMULA!$AA208 -> 0 | FU33: =FORMULA!$AC208 -> 0 | FV33: =FORMULA!$AE208 -> 0 | FX33: =FORMULA!$C296 -> 0 | FY33: =FORMULA!$E296 -> 0 | FZ33: =FORMULA!$G296 -> 0 | GA33: =FORMULA!$I296 -> 0 | GB33: =FORMULA!$K296 -> 0 | GC33: =FORMULA!$M296 -> 0 | GD33: =FORMULA!$O296 -> 0 | GE33: =FORMULA!$Q296 -> 0 | GF33: =FORMULA!$S296 -> 0 | GG33: =FORMULA!$U296 -> 0 | GH33: =FORMULA!$W296 -> 0 | GI33: =FORMULA!$Y296 -> 0 | GJ33: =FORMULA!$AA296 -> 0 | GK33: =FORMULA!$AC296 -> 0 | GL33: =FORMULA!$AE296 -> 0 | GN33: =FORMULA!$C384 -> 0 | GO33: =FORMULA!$E384 -> 0 | GP33: =FORMULA!$G384 -> 0 | GQ33: =FORMULA!$I384 -> 0 | GR33: =FORMULA!$K384 -> 0 | GS33: =FORMULA!$M384 -> 0 | GT33: =FORMULA!$O384 -> 0 | GU33: =FORMULA!$Q384 -> 0 | GV33: =FORMULA!$S384 -> 0 | GW33: =FORMULA!$U384 -> 0 | GX33: =FORMULA!$W384 -> 0 | GY33: =FORMULA!$Y384 -> 0 | GZ33: =FORMULA!$AA384 -> 0 | HA33: =FORMULA!$AC384 -> 0 | HB33: =FORMULA!$AE384 -> 0 | HD33: =FORMULA!$C472 -> 0 | HE33: =FORMULA!$E472 -> 0 | HF33: =FORMULA!$G472 -> 0 | HG33: =FORMULA!$I472 -> 0 | HH33: =FORMULA!$K472 -> 0 | HI33: =FORMULA!$M472 -> 0 | HJ33: =FORMULA!$O472 -> 0 | HK33: =FORMULA!$Q472 -> 0 | HL33: =FORMULA!$S472 -> 0 | HM33: =FORMULA!$U472 -> 0 | HN33: =FORMULA!$W472 -> 0 | HO33: =FORMULA!$Y472 -> 0 | HP33: =FORMULA!$AA472 -> 0 | HQ33: =FORMULA!$AC472 -> 0 | HR33: =FORMULA!$AE472 -> 0 | HT33: =FORMULA!$C560 -> 0 | HU33: =FORMULA!$E560 -> 0 | HV33: =FORMULA!$G560 -> 0 | HW33: =FORMULA!$I560 -> 0 | HX33: =FORMULA!$K560 -> 0 | HY33: =FORMULA!$M560 -> 0 | HZ33: =FORMULA!$O560 -> 0 | IA33: =FORMULA!$Q560 -> 0 | IB33: =FORMULA!$S560 -> 0 | IC33: =FORMULA!$U560 -> 0 | ID33: =FORMULA!$W560 -> 0 | IE33: =FORMULA!$Y560 -> 0 | IF33: =FORMULA!$AA560 -> 0 | IG33: =FORMULA!$AC560 -> 0 | IH33: =FORMULA!$AE560 -> 0 | IJ33: =FORMULA!$C648 -> 0 | IK33: =FORMULA!$E648 -> 0 | IL33: =FORMULA!$G648 -> 0 | IM33: =FORMULA!$I648 -> 0 | IN33: =FORMULA!$K648 -> 0 | IO33: =FORMULA!$M648 -> 0 | IP33: =FORMULA!$O648 -> 0 | IQ33: =FORMULA!$Q648 -> 0 | IR33: =FORMULA!$S648 -> 0 | IS33: =FORMULA!$U648 -> 0 | IT33: =FORMULA!$W648 -> 0 | IU33: =FORMULA!$Y648 -> 0 | IV33: =FORMULA!$AA648 -> 0 | IW33: =FORMULA!$AC648 -> 0 | IX33: =FORMULA!$AE648 -> 0
A34: ='VAC & MED'!C35 -> 46052 | AH34: 16 | EA34: =FORMULA!$A$33 -> PREMIX 8102 (20KG) | EB34: =FORMULA!$C33 -> 0 | EC34: =FORMULA!$E33 -> 0 | ED34: =FORMULA!$G33 -> 0 | EE34: =FORMULA!$I33 -> 0 | EF34: =FORMULA!$K33 -> 0 | EG34: =FORMULA!$M33 -> 0 | EH34: =FORMULA!$O33 -> 0 | EI34: =FORMULA!$Q33 -> 0 | EJ34: =FORMULA!$S33 -> 0 | EK34: =FORMULA!$U33 -> 0 | EL34: =FORMULA!$W33 -> 0 | EM34: =FORMULA!$Y33 -> 0 | EN34: =FORMULA!$AA33 -> 0 | EO34: =FORMULA!$AC33 -> 0 | EP34: =FORMULA!$AE33 -> 0 | ER34: =FORMULA!$C121 -> 0 | ES34: =FORMULA!$E121 -> 0 | ET34: =FORMULA!$G121 -> 0 | EU34: =FORMULA!$I121 -> 0 | EV34: =FORMULA!$K121 -> 0 | EW34: =FORMULA!$M121 -> 0 | EX34: =FORMULA!$O121 -> 0 | EY34: =FORMULA!$Q121 -> 0 | EZ34: =FORMULA!$S121 -> 0 | FA34: =FORMULA!$U121 -> 0 | FB34: =FORMULA!$W121 -> 0 | FC34: =FORMULA!$Y121 -> 0 | FD34: =FORMULA!$AA121 -> 0 | FE34: =FORMULA!$AC121 -> 0 | FF34: =FORMULA!$AE121 -> 0 | FH34: =FORMULA!$C209 -> 0 | FI34: =FORMULA!$E209 -> 0 | FJ34: =FORMULA!$G209 -> 0 | FK34: =FORMULA!$I209 -> 0 | FL34: =FORMULA!$K209 -> 0 | FM34: =FORMULA!$M209 -> 0 | FN34: =FORMULA!$O209 -> 0 | FO34: =FORMULA!$Q209 -> 0 | FP34: =FORMULA!$S209 -> 0 | FQ34: =FORMULA!$U209 -> 0 | FR34: =FORMULA!$W209 -> 0 | FS34: =FORMULA!$Y209 -> 0 | FT34: =FORMULA!$AA209 -> 0 | FU34: =FORMULA!$AC209 -> 0 | FV34: =FORMULA!$AE209 -> 0 | FX34: =FORMULA!$C297 -> 0 | FY34: =FORMULA!$E297 -> 0 | FZ34: =FORMULA!$G297 -> 0 | GA34: =FORMULA!$I297 -> 0 | GB34: =FORMULA!$K297 -> 0 | GC34: =FORMULA!$M297 -> 0 | GD34: =FORMULA!$O297 -> 0 | GE34: =FORMULA!$Q297 -> 0 | GF34: =FORMULA!$S297 -> 0 | GG34: =FORMULA!$U297 -> 0 | GH34: =FORMULA!$W297 -> 0 | GI34: =FORMULA!$Y297 -> 0 | GJ34: =FORMULA!$AA297 -> 0 | GK34: =FORMULA!$AC297 -> 0 | GL34: =FORMULA!$AE297 -> 0 | GN34: =FORMULA!$C385 -> 0 | GO34: =FORMULA!$E385 -> 0 | GP34: =FORMULA!$G385 -> 0 | GQ34: =FORMULA!$I385 -> 20 | GR34: =FORMULA!$K385 -> 20 | GS34: =FORMULA!$M385 -> 0 | GT34: =FORMULA!$O385 -> 20 | GU34: =FORMULA!$Q385 -> 20 | GV34: =FORMULA!$S385 -> 0 | GW34: =FORMULA!$U385 -> 0 | GX34: =FORMULA!$W385 -> 0 | GY34: =FORMULA!$Y385 -> 0 | GZ34: =FORMULA!$AA385 -> 0 | HA34: =FORMULA!$AC385 -> 0 | HB34: =FORMULA!$AE385 -> 0 | HD34: =FORMULA!$C473 -> 0 | HE34: =FORMULA!$E473 -> 0 | HF34: =FORMULA!$G473 -> 0 | HG34: =FORMULA!$I473 -> 0 | HH34: =FORMULA!$K473 -> 0 | HI34: =FORMULA!$M473 -> 0 | HJ34: =FORMULA!$O473 -> 0 | HK34: =FORMULA!$Q473 -> 0 | HL34: =FORMULA!$S473 -> 0 | HM34: =FORMULA!$U473 -> 0 | HN34: =FORMULA!$W473 -> 0 | HO34: =FORMULA!$Y473 -> 0 | HP34: =FORMULA!$AA473 -> 0 | HQ34: =FORMULA!$AC473 -> 0 | HR34: =FORMULA!$AE473 -> 0 | HT34: =FORMULA!$C561 -> 0 | HU34: =FORMULA!$E561 -> 0 | HV34: =FORMULA!$G561 -> 0 | HW34: =FORMULA!$I561 -> 0 | HX34: =FORMULA!$K561 -> 0 | HY34: =FORMULA!$M561 -> 0 | HZ34: =FORMULA!$O561 -> 0 | IA34: =FORMULA!$Q561 -> 0 | IB34: =FORMULA!$S561 -> 0 | IC34: =FORMULA!$U561 -> 0 | ID34: =FORMULA!$W561 -> 0 | IE34: =FORMULA!$Y561 -> 0 | IF34: =FORMULA!$AA561 -> 0 | IG34: =FORMULA!$AC561 -> 0 | IH34: =FORMULA!$AE561 -> 0 | IJ34: =FORMULA!$C649 -> 0 | IK34: =FORMULA!$E649 -> 0 | IL34: =FORMULA!$G649 -> 0 | IM34: =FORMULA!$I649 -> 0 | IN34: =FORMULA!$K649 -> 0 | IO34: =FORMULA!$M649 -> 0 | IP34: =FORMULA!$O649 -> 0 | IQ34: =FORMULA!$Q649 -> 0 | IR34: =FORMULA!$S649 -> 0 | IS34: =FORMULA!$U649 -> 0 | IT34: =FORMULA!$W649 -> 0 | IU34: =FORMULA!$Y649 -> 0 | IV34: =FORMULA!$AA649 -> 0 | IW34: =FORMULA!$AC649 -> 0 | IX34: =FORMULA!$AE649 -> 0
A35: ='VAC & MED'!C36 -> 46053 | AH35: 30 | BQ35: 40 | EA35: =FORMULA!$A$34 -> PREMIX 8103 (20KG) | EB35: =FORMULA!$C34 -> 0 | EC35: =FORMULA!$E34 -> 0 | ED35: =FORMULA!$G34 -> 0 | EE35: =FORMULA!$I34 -> 0 | EF35: =FORMULA!$K34 -> 0 | EG35: =FORMULA!$M34 -> 0 | EH35: =FORMULA!$O34 -> 0 | EI35: =FORMULA!$Q34 -> 0 | EJ35: =FORMULA!$S34 -> 0 | EK35: =FORMULA!$U34 -> 0 | EL35: =FORMULA!$W34 -> 0 | EM35: =FORMULA!$Y34 -> 0 | EN35: =FORMULA!$AA34 -> 0 | EO35: =FORMULA!$AC34 -> 0 | EP35: =FORMULA!$AE34 -> 0 | ER35: =FORMULA!$C122 -> 0 | ES35: =FORMULA!$E122 -> 0 | ET35: =FORMULA!$G122 -> 0 | EU35: =FORMULA!$I122 -> 0 | EV35: =FORMULA!$K122 -> 0 | EW35: =FORMULA!$M122 -> 0 | EX35: =FORMULA!$O122 -> 0 | EY35: =FORMULA!$Q122 -> 0 | EZ35: =FORMULA!$S122 -> 0 | FA35: =FORMULA!$U122 -> 0 | FB35: =FORMULA!$W122 -> 0 | FC35: =FORMULA!$Y122 -> 0 | FD35: =FORMULA!$AA122 -> 0 | FE35: =FORMULA!$AC122 -> 0 | FF35: =FORMULA!$AE122 -> 0 | FH35: =FORMULA!$C210 -> 0 | FI35: =FORMULA!$E210 -> 0 | FJ35: =FORMULA!$G210 -> 0 | FK35: =FORMULA!$I210 -> 0 | FL35: =FORMULA!$K210 -> 0 | FM35: =FORMULA!$M210 -> 0 | FN35: =FORMULA!$O210 -> 0 | FO35: =FORMULA!$Q210 -> 0 | FP35: =FORMULA!$S210 -> 0 | FQ35: =FORMULA!$U210 -> 0 | FR35: =FORMULA!$W210 -> 0 | FS35: =FORMULA!$Y210 -> 0 | FT35: =FORMULA!$AA210 -> 0 | FU35: =FORMULA!$AC210 -> 0 | FV35: =FORMULA!$AE210 -> 0 | FX35: =FORMULA!$C298 -> 0 | FY35: =FORMULA!$E298 -> 0 | FZ35: =FORMULA!$G298 -> 0 | GA35: =FORMULA!$I298 -> 0 | GB35: =FORMULA!$K298 -> 0 | GC35: =FORMULA!$M298 -> 0 | GD35: =FORMULA!$O298 -> 0 | GE35: =FORMULA!$Q298 -> 0 | GF35: =FORMULA!$S298 -> 0 | GG35: =FORMULA!$U298 -> 0 | GH35: =FORMULA!$W298 -> 0 | GI35: =FORMULA!$Y298 -> 0 | GJ35: =FORMULA!$AA298 -> 0 | GK35: =FORMULA!$AC298 -> 0 | GL35: =FORMULA!$AE298 -> 0 | GN35: =FORMULA!$C386 -> 0 | GO35: =FORMULA!$E386 -> 0 | GP35: =FORMULA!$G386 -> 0 | GQ35: =FORMULA!$I386 -> 0 | GR35: =FORMULA!$K386 -> 0 | GS35: =FORMULA!$M386 -> 0 | GT35: =FORMULA!$O386 -> 0 | GU35: =FORMULA!$Q386 -> 0 | GV35: =FORMULA!$S386 -> 0 | GW35: =FORMULA!$U386 -> 20 | GX35: =FORMULA!$W386 -> 0 | GY35: =FORMULA!$Y386 -> 20 | GZ35: =FORMULA!$AA386 -> 20 | HA35: =FORMULA!$AC386 -> 0 | HB35: =FORMULA!$AE386 -> 0 | HD35: =FORMULA!$C474 -> 0 | HE35: =FORMULA!$E474 -> 0 | HF35: =FORMULA!$G474 -> 0 | HG35: =FORMULA!$I474 -> 0 | HH35: =FORMULA!$K474 -> 0 | HI35: =FORMULA!$M474 -> 0 | HJ35: =FORMULA!$O474 -> 0 | HK35: =FORMULA!$Q474 -> 0 | HL35: =FORMULA!$S474 -> 0 | HM35: =FORMULA!$U474 -> 0 | HN35: =FORMULA!$W474 -> 0 | HO35: =FORMULA!$Y474 -> 0 | HP35: =FORMULA!$AA474 -> 0 | HQ35: =FORMULA!$AC474 -> 0 | HR35: =FORMULA!$AE474 -> 0 | HT35: =FORMULA!$C562 -> 0 | HU35: =FORMULA!$E562 -> 0 | HV35: =FORMULA!$G562 -> 0 | HW35: =FORMULA!$I562 -> 0 | HX35: =FORMULA!$K562 -> 0 | HY35: =FORMULA!$M562 -> 0 | HZ35: =FORMULA!$O562 -> 0 | IA35: =FORMULA!$Q562 -> 0 | IB35: =FORMULA!$S562 -> 0 | IC35: =FORMULA!$U562 -> 0 | ID35: =FORMULA!$W562 -> 0 | IE35: =FORMULA!$Y562 -> 0 | IF35: =FORMULA!$AA562 -> 0 | IG35: =FORMULA!$AC562 -> 0 | IH35: =FORMULA!$AE562 -> 0 | IJ35: =FORMULA!$C650 -> 0 | IK35: =FORMULA!$E650 -> 0 | IL35: =FORMULA!$G650 -> 0 | IM35: =FORMULA!$I650 -> 0 | IN35: =FORMULA!$K650 -> 0 | IO35: =FORMULA!$M650 -> 0 | IP35: =FORMULA!$O650 -> 0 | IQ35: =FORMULA!$Q650 -> 0 | IR35: =FORMULA!$S650 -> 0 | IS35: =FORMULA!$U650 -> 0 | IT35: =FORMULA!$W650 -> 0 | IU35: =FORMULA!$Y650 -> 0 | IV35: =FORMULA!$AA650 -> 0 | IW35: =FORMULA!$AC650 -> 0 | IX35: =FORMULA!$AE650 -> 0
EA36: =FORMULA!$A$35 -> PREMIX 8108 (20KG) | EB36: =FORMULA!$C35 -> 0 | EC36: =FORMULA!$E35 -> 0 | ED36: =FORMULA!$G35 -> 0 | EE36: =FORMULA!$I35 -> 0 | EF36: =FORMULA!$K35 -> 0 | EG36: =FORMULA!$M35 -> 0 | EH36: =FORMULA!$O35 -> 0 | EI36: =FORMULA!$Q35 -> 0 | EJ36: =FORMULA!$S35 -> 0 | EK36: =FORMULA!$U35 -> 0 | EL36: =FORMULA!$W35 -> 0 | EM36: =FORMULA!$Y35 -> 0 | EN36: =FORMULA!$AA35 -> 0 | EO36: =FORMULA!$AC35 -> 0 | EP36: =FORMULA!$AE35 -> 0 | ER36: =FORMULA!$C123 -> 0 | ES36: =FORMULA!$E123 -> 0 | ET36: =FORMULA!$G123 -> 0 | EU36: =FORMULA!$I123 -> 0 | EV36: =FORMULA!$K123 -> 0 | EW36: =FORMULA!$M123 -> 0 | EX36: =FORMULA!$O123 -> 0 | EY36: =FORMULA!$Q123 -> 0 | EZ36: =FORMULA!$S123 -> 0 | FA36: =FORMULA!$U123 -> 0 | FB36: =FORMULA!$W123 -> 0 | FC36: =FORMULA!$Y123 -> 0 | FD36: =FORMULA!$AA123 -> 0 | FE36: =FORMULA!$AC123 -> 0 | FF36: =FORMULA!$AE123 -> 0 | FH36: =FORMULA!$C211 -> 0 | FI36: =FORMULA!$E211 -> 0 | FJ36: =FORMULA!$G211 -> 0 | FK36: =FORMULA!$I211 -> 0 | FL36: =FORMULA!$K211 -> 0 | FM36: =FORMULA!$M211 -> 0 | FN36: =FORMULA!$O211 -> 0 | FO36: =FORMULA!$Q211 -> 0 | FP36: =FORMULA!$S211 -> 0 | FQ36: =FORMULA!$U211 -> 0 | FR36: =FORMULA!$W211 -> 0 | FS36: =FORMULA!$Y211 -> 0 | FT36: =FORMULA!$AA211 -> 0 | FU36: =FORMULA!$AC211 -> 0 | FV36: =FORMULA!$AE211 -> 0 | FX36: =FORMULA!$C299 -> 0 | FY36: =FORMULA!$E299 -> 0 | FZ36: =FORMULA!$G299 -> 0 | GA36: =FORMULA!$I299 -> 0 | GB36: =FORMULA!$K299 -> 0 | GC36: =FORMULA!$M299 -> 0 | GD36: =FORMULA!$O299 -> 0 | GE36: =FORMULA!$Q299 -> 0 | GF36: =FORMULA!$S299 -> 0 | GG36: =FORMULA!$U299 -> 0 | GH36: =FORMULA!$W299 -> 0 | GI36: =FORMULA!$Y299 -> 0 | GJ36: =FORMULA!$AA299 -> 0 | GK36: =FORMULA!$AC299 -> 0 | GL36: =FORMULA!$AE299 -> 0 | GN36: =FORMULA!$C387 -> 0 | GO36: =FORMULA!$E387 -> 0 | GP36: =FORMULA!$G387 -> 0 | GQ36: =FORMULA!$I387 -> 0 | GR36: =FORMULA!$K387 -> 0 | GS36: =FORMULA!$M387 -> 20 | GT36: =FORMULA!$O387 -> 0 | GU36: =FORMULA!$Q387 -> 0 | GV36: =FORMULA!$S387 -> 20 | GW36: =FORMULA!$U387 -> 0 | GX36: =FORMULA!$W387 -> 0 | GY36: =FORMULA!$Y387 -> 0 | GZ36: =FORMULA!$AA387 -> 0 | HA36: =FORMULA!$AC387 -> 20 | HB36: =FORMULA!$AE387 -> 20 | HD36: =FORMULA!$C475 -> 0 | HE36: =FORMULA!$E475 -> 0 | HF36: =FORMULA!$G475 -> 0 | HG36: =FORMULA!$I475 -> 0 | HH36: =FORMULA!$K475 -> 0 | HI36: =FORMULA!$M475 -> 0 | HJ36: =FORMULA!$O475 -> 0 | HK36: =FORMULA!$Q475 -> 0 | HL36: =FORMULA!$S475 -> 0 | HM36: =FORMULA!$U475 -> 0 | HN36: =FORMULA!$W475 -> 0 | HO36: =FORMULA!$Y475 -> 0 | HP36: =FORMULA!$AA475 -> 0 | HQ36: =FORMULA!$AC475 -> 0 | HR36: =FORMULA!$AE475 -> 0 | HT36: =FORMULA!$C563 -> 0 | HU36: =FORMULA!$E563 -> 0 | HV36: =FORMULA!$G563 -> 0 | HW36: =FORMULA!$I563 -> 0 | HX36: =FORMULA!$K563 -> 0 | HY36: =FORMULA!$M563 -> 0 | HZ36: =FORMULA!$O563 -> 0 | IA36: =FORMULA!$Q563 -> 0 | IB36: =FORMULA!$S563 -> 0 | IC36: =FORMULA!$U563 -> 0 | ID36: =FORMULA!$W563 -> 0 | IE36: =FORMULA!$Y563 -> 0 | IF36: =FORMULA!$AA563 -> 0 | IG36: =FORMULA!$AC563 -> 0 | IH36: =FORMULA!$AE563 -> 0 | IJ36: =FORMULA!$C651 -> 0 | IK36: =FORMULA!$E651 -> 0 | IL36: =FORMULA!$G651 -> 0 | IM36: =FORMULA!$I651 -> 0 | IN36: =FORMULA!$K651 -> 0 | IO36: =FORMULA!$M651 -> 0 | IP36: =FORMULA!$O651 -> 0 | IQ36: =FORMULA!$Q651 -> 0 | IR36: =FORMULA!$S651 -> 0 | IS36: =FORMULA!$U651 -> 0 | IT36: =FORMULA!$W651 -> 0 | IU36: =FORMULA!$Y651 -> 0 | IV36: =FORMULA!$AA651 -> 0 | IW36: =FORMULA!$AC651 -> 0 | IX36: =FORMULA!$AE651 -> 0
EA37: =FORMULA!$A$36 -> PREMIX 8109 (20KG) | EB37: =FORMULA!$C36 -> 0 | EC37: =FORMULA!$E36 -> 0 | ED37: =FORMULA!$G36 -> 0 | EE37: =FORMULA!$I36 -> 0 | EF37: =FORMULA!$K36 -> 0 | EG37: =FORMULA!$M36 -> 0 | EH37: =FORMULA!$O36 -> 0 | EI37: =FORMULA!$Q36 -> 0 | EJ37: =FORMULA!$S36 -> 0 | EK37: =FORMULA!$U36 -> 0 | EL37: =FORMULA!$W36 -> 0 | EM37: =FORMULA!$Y36 -> 0 | EN37: =FORMULA!$AA36 -> 0 | EO37: =FORMULA!$AC36 -> 0 | EP37: =FORMULA!$AE36 -> 0 | ER37: =FORMULA!$C124 -> 0 | ES37: =FORMULA!$E124 -> 0 | ET37: =FORMULA!$G124 -> 0 | EU37: =FORMULA!$I124 -> 0 | EV37: =FORMULA!$K124 -> 0 | EW37: =FORMULA!$M124 -> 0 | EX37: =FORMULA!$O124 -> 0 | EY37: =FORMULA!$Q124 -> 0 | EZ37: =FORMULA!$S124 -> 0 | FA37: =FORMULA!$U124 -> 0 | FB37: =FORMULA!$W124 -> 0 | FC37: =FORMULA!$Y124 -> 0 | FD37: =FORMULA!$AA124 -> 0 | FE37: =FORMULA!$AC124 -> 0 | FF37: =FORMULA!$AE124 -> 0 | FH37: =FORMULA!$C212 -> 0 | FI37: =FORMULA!$E212 -> 0 | FJ37: =FORMULA!$G212 -> 0 | FK37: =FORMULA!$I212 -> 0 | FL37: =FORMULA!$K212 -> 0 | FM37: =FORMULA!$M212 -> 0 | FN37: =FORMULA!$O212 -> 0 | FO37: =FORMULA!$Q212 -> 0 | FP37: =FORMULA!$S212 -> 0 | FQ37: =FORMULA!$U212 -> 0 | FR37: =FORMULA!$W212 -> 0 | FS37: =FORMULA!$Y212 -> 0 | FT37: =FORMULA!$AA212 -> 0 | FU37: =FORMULA!$AC212 -> 0 | FV37: =FORMULA!$AE212 -> 0 | FX37: =FORMULA!$C300 -> 0 | FY37: =FORMULA!$E300 -> 0 | FZ37: =FORMULA!$G300 -> 0 | GA37: =FORMULA!$I300 -> 0 | GB37: =FORMULA!$K300 -> 0 | GC37: =FORMULA!$M300 -> 0 | GD37: =FORMULA!$O300 -> 0 | GE37: =FORMULA!$Q300 -> 0 | GF37: =FORMULA!$S300 -> 0 | GG37: =FORMULA!$U300 -> 0 | GH37: =FORMULA!$W300 -> 0 | GI37: =FORMULA!$Y300 -> 0 | GJ37: =FORMULA!$AA300 -> 0 | GK37: =FORMULA!$AC300 -> 0 | GL37: =FORMULA!$AE300 -> 0 | GN37: =FORMULA!$C388 -> 0 | GO37: =FORMULA!$E388 -> 0 | GP37: =FORMULA!$G388 -> 0 | GQ37: =FORMULA!$I388 -> 0 | GR37: =FORMULA!$K388 -> 0 | GS37: =FORMULA!$M388 -> 0 | GT37: =FORMULA!$O388 -> 0 | GU37: =FORMULA!$Q388 -> 0 | GV37: =FORMULA!$S388 -> 0 | GW37: =FORMULA!$U388 -> 0 | GX37: =FORMULA!$W388 -> 20 | GY37: =FORMULA!$Y388 -> 0 | GZ37: =FORMULA!$AA388 -> 0 | HA37: =FORMULA!$AC388 -> 0 | HB37: =FORMULA!$AE388 -> 0 | HD37: =FORMULA!$C476 -> 0 | HE37: =FORMULA!$E476 -> 0 | HF37: =FORMULA!$G476 -> 0 | HG37: =FORMULA!$I476 -> 0 | HH37: =FORMULA!$K476 -> 0 | HI37: =FORMULA!$M476 -> 0 | HJ37: =FORMULA!$O476 -> 0 | HK37: =FORMULA!$Q476 -> 0 | HL37: =FORMULA!$S476 -> 0 | HM37: =FORMULA!$U476 -> 0 | HN37: =FORMULA!$W476 -> 0 | HO37: =FORMULA!$Y476 -> 0 | HP37: =FORMULA!$AA476 -> 0 | HQ37: =FORMULA!$AC476 -> 0 | HR37: =FORMULA!$AE476 -> 0 | HT37: =FORMULA!$C564 -> 0 | HU37: =FORMULA!$E564 -> 0 | HV37: =FORMULA!$G564 -> 0 | HW37: =FORMULA!$I564 -> 0 | HX37: =FORMULA!$K564 -> 0 | HY37: =FORMULA!$M564 -> 0 | HZ37: =FORMULA!$O564 -> 0 | IA37: =FORMULA!$Q564 -> 0 | IB37: =FORMULA!$S564 -> 0 | IC37: =FORMULA!$U564 -> 0 | ID37: =FORMULA!$W564 -> 0 | IE37: =FORMULA!$Y564 -> 0 | IF37: =FORMULA!$AA564 -> 0 | IG37: =FORMULA!$AC564 -> 0 | IH37: =FORMULA!$AE564 -> 0 | IJ37: =FORMULA!$C652 -> 0 | IK37: =FORMULA!$E652 -> 0 | IL37: =FORMULA!$G652 -> 0 | IM37: =FORMULA!$I652 -> 0 | IN37: =FORMULA!$K652 -> 0 | IO37: =FORMULA!$M652 -> 0 | IP37: =FORMULA!$O652 -> 0 | IQ37: =FORMULA!$Q652 -> 0 | IR37: =FORMULA!$S652 -> 0 | IS37: =FORMULA!$U652 -> 0 | IT37: =FORMULA!$W652 -> 0 | IU37: =FORMULA!$Y652 -> 0 | IV37: =FORMULA!$AA652 -> 0 | IW37: =FORMULA!$AC652 -> 0 | IX37: =FORMULA!$AE652 -> 0
EA38: =FORMULA!$A$37 -> YENMIX 121 (20KG) | EB38: =FORMULA!$C37 -> 0 | EC38: =FORMULA!$E37 -> 0 | ED38: =FORMULA!$G37 -> 0 | EE38: =FORMULA!$I37 -> 0 | EF38: =FORMULA!$K37 -> 0 | EG38: =FORMULA!$M37 -> 0 | EH38: =FORMULA!$O37 -> 0 | EI38: =FORMULA!$Q37 -> 0 | EJ38: =FORMULA!$S37 -> 0 | EK38: =FORMULA!$U37 -> 0 | EL38: =FORMULA!$W37 -> 0 | EM38: =FORMULA!$Y37 -> 0 | EN38: =FORMULA!$AA37 -> 0 | EO38: =FORMULA!$AC37 -> 0 | EP38: =FORMULA!$AE37 -> 0 | ER38: =FORMULA!$C125 -> 0 | ES38: =FORMULA!$E125 -> 0 | ET38: =FORMULA!$G125 -> 0 | EU38: =FORMULA!$I125 -> 0 | EV38: =FORMULA!$K125 -> 0 | EW38: =FORMULA!$M125 -> 0 | EX38: =FORMULA!$O125 -> 0 | EY38: =FORMULA!$Q125 -> 0 | EZ38: =FORMULA!$S125 -> 0 | FA38: =FORMULA!$U125 -> 0 | FB38: =FORMULA!$W125 -> 0 | FC38: =FORMULA!$Y125 -> 0 | FD38: =FORMULA!$AA125 -> 0 | FE38: =FORMULA!$AC125 -> 0 | FF38: =FORMULA!$AE125 -> 0 | FH38: =FORMULA!$C213 -> 0 | FI38: =FORMULA!$E213 -> 0 | FJ38: =FORMULA!$G213 -> 0 | FK38: =FORMULA!$I213 -> 0 | FL38: =FORMULA!$K213 -> 0 | FM38: =FORMULA!$M213 -> 0 | FN38: =FORMULA!$O213 -> 0 | FO38: =FORMULA!$Q213 -> 0 | FP38: =FORMULA!$S213 -> 0 | FQ38: =FORMULA!$U213 -> 0 | FR38: =FORMULA!$W213 -> 0 | FS38: =FORMULA!$Y213 -> 0 | FT38: =FORMULA!$AA213 -> 0 | FU38: =FORMULA!$AC213 -> 0 | FV38: =FORMULA!$AE213 -> 0 | FX38: =FORMULA!$C301 -> 0 | FY38: =FORMULA!$E301 -> 0 | FZ38: =FORMULA!$G301 -> 0 | GA38: =FORMULA!$I301 -> 0 | GB38: =FORMULA!$K301 -> 0 | GC38: =FORMULA!$M301 -> 0 | GD38: =FORMULA!$O301 -> 0 | GE38: =FORMULA!$Q301 -> 0 | GF38: =FORMULA!$S301 -> 0 | GG38: =FORMULA!$U301 -> 0 | GH38: =FORMULA!$W301 -> 0 | GI38: =FORMULA!$Y301 -> 0 | GJ38: =FORMULA!$AA301 -> 0 | GK38: =FORMULA!$AC301 -> 0 | GL38: =FORMULA!$AE301 -> 0 | GN38: =FORMULA!$C389 -> 0 | GO38: =FORMULA!$E389 -> 0 | GP38: =FORMULA!$G389 -> 0 | GQ38: =FORMULA!$I389 -> 0 | GR38: =FORMULA!$K389 -> 0 | GS38: =FORMULA!$M389 -> 0 | GT38: =FORMULA!$O389 -> 0 | GU38: =FORMULA!$Q389 -> 0 | GV38: =FORMULA!$S389 -> 0 | GW38: =FORMULA!$U389 -> 0 | GX38: =FORMULA!$W389 -> 0 | GY38: =FORMULA!$Y389 -> 0 | GZ38: =FORMULA!$AA389 -> 0 | HA38: =FORMULA!$AC389 -> 0 | HB38: =FORMULA!$AE389 -> 0 | HD38: =FORMULA!$C477 -> 20 | HE38: =FORMULA!$E477 -> 20 | HF38: =FORMULA!$G477 -> 20 | HG38: =FORMULA!$I477 -> 0 | HH38: =FORMULA!$K477 -> 0 | HI38: =FORMULA!$M477 -> 0 | HJ38: =FORMULA!$O477 -> 0 | HK38: =FORMULA!$Q477 -> 0 | HL38: =FORMULA!$S477 -> 0 | HM38: =FORMULA!$U477 -> 0 | HN38: =FORMULA!$W477 -> 0 | HO38: =FORMULA!$Y477 -> 0 | HP38: =FORMULA!$AA477 -> 0 | HQ38: =FORMULA!$AC477 -> 0 | HR38: =FORMULA!$AE477 -> 0 | HT38: =FORMULA!$C565 -> 0 | HU38: =FORMULA!$E565 -> 0 | HV38: =FORMULA!$G565 -> 0 | HW38: =FORMULA!$I565 -> 0 | HX38: =FORMULA!$K565 -> 0 | HY38: =FORMULA!$M565 -> 0 | HZ38: =FORMULA!$O565 -> 0 | IA38: =FORMULA!$Q565 -> 0 | IB38: =FORMULA!$S565 -> 0 | IC38: =FORMULA!$U565 -> 0 | ID38: =FORMULA!$W565 -> 0 | IE38: =FORMULA!$Y565 -> 0 | IF38: =FORMULA!$AA565 -> 0 | IG38: =FORMULA!$AC565 -> 0 | IH38: =FORMULA!$AE565 -> 0 | IJ38: =FORMULA!$C653 -> 0 | IK38: =FORMULA!$E653 -> 0 | IL38: =FORMULA!$G653 -> 0 | IM38: =FORMULA!$I653 -> 0 | IN38: =FORMULA!$K653 -> 0 | IO38: =FORMULA!$M653 -> 0 | IP38: =FORMULA!$O653 -> 0 | IQ38: =FORMULA!$Q653 -> 0 | IR38: =FORMULA!$S653 -> 0 | IS38: =FORMULA!$U653 -> 0 | IT38: =FORMULA!$W653 -> 0 | IU38: =FORMULA!$Y653 -> 0 | IV38: =FORMULA!$AA653 -> 0 | IW38: =FORMULA!$AC653 -> 0 | IX38: =FORMULA!$AE653 -> 0
EA39: =FORMULA!$A$38 -> YENMIX 122 (19.50KG) | EB39: =FORMULA!$C38 -> 0 | EC39: =FORMULA!$E38 -> 0 | ED39: =FORMULA!$G38 -> 0 | EE39: =FORMULA!$I38 -> 0 | EF39: =FORMULA!$K38 -> 0 | EG39: =FORMULA!$M38 -> 0 | EH39: =FORMULA!$O38 -> 0 | EI39: =FORMULA!$Q38 -> 0 | EJ39: =FORMULA!$S38 -> 0 | EK39: =FORMULA!$U38 -> 0 | EL39: =FORMULA!$W38 -> 0 | EM39: =FORMULA!$Y38 -> 0 | EN39: =FORMULA!$AA38 -> 0 | EO39: =FORMULA!$AC38 -> 0 | EP39: =FORMULA!$AE38 -> 0 | ER39: =FORMULA!$C126 -> 0 | ES39: =FORMULA!$E126 -> 0 | ET39: =FORMULA!$G126 -> 0 | EU39: =FORMULA!$I126 -> 0 | EV39: =FORMULA!$K126 -> 0 | EW39: =FORMULA!$M126 -> 0 | EX39: =FORMULA!$O126 -> 0 | EY39: =FORMULA!$Q126 -> 0 | EZ39: =FORMULA!$S126 -> 0 | FA39: =FORMULA!$U126 -> 0 | FB39: =FORMULA!$W126 -> 0 | FC39: =FORMULA!$Y126 -> 0 | FD39: =FORMULA!$AA126 -> 0 | FE39: =FORMULA!$AC126 -> 0 | FF39: =FORMULA!$AE126 -> 0 | FH39: =FORMULA!$C214 -> 0 | FI39: =FORMULA!$E214 -> 0 | FJ39: =FORMULA!$G214 -> 0 | FK39: =FORMULA!$I214 -> 0 | FL39: =FORMULA!$K214 -> 0 | FM39: =FORMULA!$M214 -> 0 | FN39: =FORMULA!$O214 -> 0 | FO39: =FORMULA!$Q214 -> 0 | FP39: =FORMULA!$S214 -> 0 | FQ39: =FORMULA!$U214 -> 0 | FR39: =FORMULA!$W214 -> 0 | FS39: =FORMULA!$Y214 -> 0 | FT39: =FORMULA!$AA214 -> 0 | FU39: =FORMULA!$AC214 -> 0 | FV39: =FORMULA!$AE214 -> 0 | FX39: =FORMULA!$C302 -> 0 | FY39: =FORMULA!$E302 -> 0 | FZ39: =FORMULA!$G302 -> 0 | GA39: =FORMULA!$I302 -> 0 | GB39: =FORMULA!$K302 -> 0 | GC39: =FORMULA!$M302 -> 0 | GD39: =FORMULA!$O302 -> 0 | GE39: =FORMULA!$Q302 -> 0 | GF39: =FORMULA!$S302 -> 0 | GG39: =FORMULA!$U302 -> 0 | GH39: =FORMULA!$W302 -> 0 | GI39: =FORMULA!$Y302 -> 0 | GJ39: =FORMULA!$AA302 -> 0 | GK39: =FORMULA!$AC302 -> 0 | GL39: =FORMULA!$AE302 -> 0 | GN39: =FORMULA!$C390 -> 0 | GO39: =FORMULA!$E390 -> 0 | GP39: =FORMULA!$G390 -> 0 | GQ39: =FORMULA!$I390 -> 0 | GR39: =FORMULA!$K390 -> 0 | GS39: =FORMULA!$M390 -> 0 | GT39: =FORMULA!$O390 -> 0 | GU39: =FORMULA!$Q390 -> 0 | GV39: =FORMULA!$S390 -> 0 | GW39: =FORMULA!$U390 -> 0 | GX39: =FORMULA!$W390 -> 0 | GY39: =FORMULA!$Y390 -> 0 | GZ39: =FORMULA!$AA390 -> 0 | HA39: =FORMULA!$AC390 -> 0 | HB39: =FORMULA!$AE390 -> 0 | HD39: =FORMULA!$C478 -> 0 | HE39: =FORMULA!$E478 -> 0 | HF39: =FORMULA!$G478 -> 0 | HG39: =FORMULA!$I478 -> 0 | HH39: =FORMULA!$K478 -> 0 | HI39: =FORMULA!$M478 -> 0 | HJ39: =FORMULA!$O478 -> 0 | HK39: =FORMULA!$Q478 -> 0 | HL39: =FORMULA!$S478 -> 0 | HM39: =FORMULA!$U478 -> 0 | HN39: =FORMULA!$W478 -> 0 | HO39: =FORMULA!$Y478 -> 0 | HP39: =FORMULA!$AA478 -> 0 | HQ39: =FORMULA!$AC478 -> 0 | HR39: =FORMULA!$AE478 -> 0 | HT39: =FORMULA!$C566 -> 19.5 | HU39: =FORMULA!$E566 -> 19.5 | HV39: =FORMULA!$G566 -> 0 | HW39: =FORMULA!$I566 -> 0 | HX39: =FORMULA!$K566 -> 0 | HY39: =FORMULA!$M566 -> 0 | HZ39: =FORMULA!$O566 -> 0 | IA39: =FORMULA!$Q566 -> 0 | IB39: =FORMULA!$S566 -> 0 | IC39: =FORMULA!$U566 -> 0 | ID39: =FORMULA!$W566 -> 0 | IE39: =FORMULA!$Y566 -> 0 | IF39: =FORMULA!$AA566 -> 0 | IG39: =FORMULA!$AC566 -> 0 | IH39: =FORMULA!$AE566 -> 0 | IJ39: =FORMULA!$C654 -> 0 | IK39: =FORMULA!$E654 -> 0 | IL39: =FORMULA!$G654 -> 0 | IM39: =FORMULA!$I654 -> 0 | IN39: =FORMULA!$K654 -> 0 | IO39: =FORMULA!$M654 -> 0 | IP39: =FORMULA!$O654 -> 0 | IQ39: =FORMULA!$Q654 -> 0 | IR39: =FORMULA!$S654 -> 0 | IS39: =FORMULA!$U654 -> 0 | IT39: =FORMULA!$W654 -> 0 | IU39: =FORMULA!$Y654 -> 0 | IV39: =FORMULA!$AA654 -> 0 | IW39: =FORMULA!$AC654 -> 0 | IX39: =FORMULA!$AE654 -> 0
EA40: =FORMULA!$A$39 -> YENMIX 123 (18.90KG) | EB40: =FORMULA!$C39 -> 0 | EC40: =FORMULA!$E39 -> 0 | ED40: =FORMULA!$G39 -> 0 | EE40: =FORMULA!$I39 -> 0 | EF40: =FORMULA!$K39 -> 0 | EG40: =FORMULA!$M39 -> 0 | EH40: =FORMULA!$O39 -> 0 | EI40: =FORMULA!$Q39 -> 0 | EJ40: =FORMULA!$S39 -> 0 | EK40: =FORMULA!$U39 -> 0 | EL40: =FORMULA!$W39 -> 0 | EM40: =FORMULA!$Y39 -> 0 | EN40: =FORMULA!$AA39 -> 0 | EO40: =FORMULA!$AC39 -> 0 | EP40: =FORMULA!$AE39 -> 0 | ER40: =FORMULA!$C127 -> 0 | ES40: =FORMULA!$E127 -> 0 | ET40: =FORMULA!$G127 -> 0 | EU40: =FORMULA!$I127 -> 0 | EV40: =FORMULA!$K127 -> 0 | EW40: =FORMULA!$M127 -> 0 | EX40: =FORMULA!$O127 -> 0 | EY40: =FORMULA!$Q127 -> 0 | EZ40: =FORMULA!$S127 -> 0 | FA40: =FORMULA!$U127 -> 0 | FB40: =FORMULA!$W127 -> 0 | FC40: =FORMULA!$Y127 -> 0 | FD40: =FORMULA!$AA127 -> 0 | FE40: =FORMULA!$AC127 -> 0 | FF40: =FORMULA!$AE127 -> 0 | FH40: =FORMULA!$C215 -> 0 | FI40: =FORMULA!$E215 -> 0 | FJ40: =FORMULA!$G215 -> 0 | FK40: =FORMULA!$I215 -> 0 | FL40: =FORMULA!$K215 -> 0 | FM40: =FORMULA!$M215 -> 0 | FN40: =FORMULA!$O215 -> 0 | FO40: =FORMULA!$Q215 -> 0 | FP40: =FORMULA!$S215 -> 0 | FQ40: =FORMULA!$U215 -> 0 | FR40: =FORMULA!$W215 -> 0 | FS40: =FORMULA!$Y215 -> 0 | FT40: =FORMULA!$AA215 -> 0 | FU40: =FORMULA!$AC215 -> 0 | FV40: =FORMULA!$AE215 -> 0 | FX40: =FORMULA!$C303 -> 0 | FY40: =FORMULA!$E303 -> 0 | FZ40: =FORMULA!$G303 -> 0 | GA40: =FORMULA!$I303 -> 0 | GB40: =FORMULA!$K303 -> 0 | GC40: =FORMULA!$M303 -> 0 | GD40: =FORMULA!$O303 -> 0 | GE40: =FORMULA!$Q303 -> 0 | GF40: =FORMULA!$S303 -> 0 | GG40: =FORMULA!$U303 -> 0 | GH40: =FORMULA!$W303 -> 0 | GI40: =FORMULA!$Y303 -> 0 | GJ40: =FORMULA!$AA303 -> 0 | GK40: =FORMULA!$AC303 -> 0 | GL40: =FORMULA!$AE303 -> 0 | GN40: =FORMULA!$C391 -> 0 | GO40: =FORMULA!$E391 -> 0 | GP40: =FORMULA!$G391 -> 0 | GQ40: =FORMULA!$I391 -> 0 | GR40: =FORMULA!$K391 -> 0 | GS40: =FORMULA!$M391 -> 0 | GT40: =FORMULA!$O391 -> 0 | GU40: =FORMULA!$Q391 -> 0 | GV40: =FORMULA!$S391 -> 0 | GW40: =FORMULA!$U391 -> 0 | GX40: =FORMULA!$W391 -> 0 | GY40: =FORMULA!$Y391 -> 0 | GZ40: =FORMULA!$AA391 -> 0 | HA40: =FORMULA!$AC391 -> 0 | HB40: =FORMULA!$AE391 -> 0 | HD40: =FORMULA!$C479 -> 0 | HE40: =FORMULA!$E479 -> 0 | HF40: =FORMULA!$G479 -> 0 | HG40: =FORMULA!$I479 -> 0 | HH40: =FORMULA!$K479 -> 0 | HI40: =FORMULA!$M479 -> 0 | HJ40: =FORMULA!$O479 -> 0 | HK40: =FORMULA!$Q479 -> 0 | HL40: =FORMULA!$S479 -> 0 | HM40: =FORMULA!$U479 -> 0 | HN40: =FORMULA!$W479 -> 0 | HO40: =FORMULA!$Y479 -> 0 | HP40: =FORMULA!$AA479 -> 0 | HQ40: =FORMULA!$AC479 -> 0 | HR40: =FORMULA!$AE479 -> 0 | HT40: =FORMULA!$C567 -> 0 | HU40: =FORMULA!$E567 -> 0 | HV40: =FORMULA!$G567 -> 0 | HW40: =FORMULA!$I567 -> 0 | HX40: =FORMULA!$K567 -> 0 | HY40: =FORMULA!$M567 -> 0 | HZ40: =FORMULA!$O567 -> 0 | IA40: =FORMULA!$Q567 -> 0 | IB40: =FORMULA!$S567 -> 0 | IC40: =FORMULA!$U567 -> 0 | ID40: =FORMULA!$W567 -> 0 | IE40: =FORMULA!$Y567 -> 0 | IF40: =FORMULA!$AA567 -> 0 | IG40: =FORMULA!$AC567 -> 0 | IH40: =FORMULA!$AE567 -> 0 | IJ40: =FORMULA!$C655 -> 18.9 | IK40: =FORMULA!$E655 -> 18.9 | IL40: =FORMULA!$G655 -> 18.9 | IM40: =FORMULA!$I655 -> 0 | IN40: =FORMULA!$K655 -> 0 | IO40: =FORMULA!$M655 -> 0 | IP40: =FORMULA!$O655 -> 0 | IQ40: =FORMULA!$Q655 -> 0 | IR40: =FORMULA!$S655 -> 0 | IS40: =FORMULA!$U655 -> 0 | IT40: =FORMULA!$W655 -> 0 | IU40: =FORMULA!$Y655 -> 0 | IV40: =FORMULA!$AA655 -> 0 | IW40: =FORMULA!$AC655 -> 0 | IX40: =FORMULA!$AE655 -> 0
EA41: =FORMULA!$A$40 -> YENMIX 122 (20.50KG) | EB41: =FORMULA!$C40 -> 0 | EC41: =FORMULA!$E40 -> 0 | ED41: =FORMULA!$G40 -> 0 | EE41: =FORMULA!$I40 -> 0 | EF41: =FORMULA!$K40 -> 0 | EG41: =FORMULA!$M40 -> 0 | EH41: =FORMULA!$O40 -> 0 | EI41: =FORMULA!$Q40 -> 0 | EJ41: =FORMULA!$S40 -> 0 | EK41: =FORMULA!$U40 -> 0 | EL41: =FORMULA!$W40 -> 0 | EM41: =FORMULA!$Y40 -> 0 | EN41: =FORMULA!$AA40 -> 0 | EO41: =FORMULA!$AC40 -> 0 | EP41: =FORMULA!$AE40 -> 0 | ER41: =FORMULA!$C128 -> 0 | ES41: =FORMULA!$E128 -> 0 | ET41: =FORMULA!$G128 -> 0 | EU41: =FORMULA!$I128 -> 0 | EV41: =FORMULA!$K128 -> 0 | EW41: =FORMULA!$M128 -> 0 | EX41: =FORMULA!$O128 -> 0 | EY41: =FORMULA!$Q128 -> 0 | EZ41: =FORMULA!$S128 -> 0 | FA41: =FORMULA!$U128 -> 0 | FB41: =FORMULA!$W128 -> 0 | FC41: =FORMULA!$Y128 -> 0 | FD41: =FORMULA!$AA128 -> 0 | FE41: =FORMULA!$AC128 -> 0 | FF41: =FORMULA!$AE128 -> 0 | FH41: =FORMULA!$C216 -> 0 | FI41: =FORMULA!$E216 -> 0 | FJ41: =FORMULA!$G216 -> 0 | FK41: =FORMULA!$I216 -> 0 | FL41: =FORMULA!$K216 -> 0 | FM41: =FORMULA!$M216 -> 0 | FN41: =FORMULA!$O216 -> 0 | FO41: =FORMULA!$Q216 -> 0 | FP41: =FORMULA!$S216 -> 0 | FQ41: =FORMULA!$U216 -> 0 | FR41: =FORMULA!$W216 -> 0 | FS41: =FORMULA!$Y216 -> 0 | FT41: =FORMULA!$AA216 -> 0 | FU41: =FORMULA!$AC216 -> 0 | FV41: =FORMULA!$AE216 -> 0 | FX41: =FORMULA!$C304 -> 0 | FY41: =FORMULA!$E304 -> 0 | FZ41: =FORMULA!$G304 -> 0 | GA41: =FORMULA!$I304 -> 0 | GB41: =FORMULA!$K304 -> 0 | GC41: =FORMULA!$M304 -> 0 | GD41: =FORMULA!$O304 -> 0 | GE41: =FORMULA!$Q304 -> 0 | GF41: =FORMULA!$S304 -> 0 | GG41: =FORMULA!$U304 -> 0 | GH41: =FORMULA!$W304 -> 0 | GI41: =FORMULA!$Y304 -> 0 | GJ41: =FORMULA!$AA304 -> 0 | GK41: =FORMULA!$AC304 -> 0 | GL41: =FORMULA!$AE304 -> 0 | GN41: =FORMULA!$C392 -> 0 | GO41: =FORMULA!$E392 -> 0 | GP41: =FORMULA!$G392 -> 0 | GQ41: =FORMULA!$I392 -> 0 | GR41: =FORMULA!$K392 -> 0 | GS41: =FORMULA!$M392 -> 0 | GT41: =FORMULA!$O392 -> 0 | GU41: =FORMULA!$Q392 -> 0 | GV41: =FORMULA!$S392 -> 0 | GW41: =FORMULA!$U392 -> 0 | GX41: =FORMULA!$W392 -> 0 | GY41: =FORMULA!$Y392 -> 0 | GZ41: =FORMULA!$AA392 -> 0 | HA41: =FORMULA!$AC392 -> 0 | HB41: =FORMULA!$AE392 -> 0 | HD41: =FORMULA!$C480 -> 0 | HE41: =FORMULA!$E480 -> 0 | HF41: =FORMULA!$G480 -> 0 | HG41: =FORMULA!$I480 -> 0 | HH41: =FORMULA!$K480 -> 0 | HI41: =FORMULA!$M480 -> 0 | HJ41: =FORMULA!$O480 -> 0 | HK41: =FORMULA!$Q480 -> 0 | HL41: =FORMULA!$S480 -> 0 | HM41: =FORMULA!$U480 -> 0 | HN41: =FORMULA!$W480 -> 0 | HO41: =FORMULA!$Y480 -> 0 | HP41: =FORMULA!$AA480 -> 0 | HQ41: =FORMULA!$AC480 -> 0 | HR41: =FORMULA!$AE480 -> 0 | HT41: =FORMULA!$C568 -> 0 | HU41: =FORMULA!$E568 -> 0 | HV41: =FORMULA!$G568 -> 20.5 | HW41: =FORMULA!$I568 -> 0 | HX41: =FORMULA!$K568 -> 0 | HY41: =FORMULA!$M568 -> 0 | HZ41: =FORMULA!$O568 -> 0 | IA41: =FORMULA!$Q568 -> 0 | IB41: =FORMULA!$S568 -> 0 | IC41: =FORMULA!$U568 -> 0 | ID41: =FORMULA!$W568 -> 0 | IE41: =FORMULA!$Y568 -> 0 | IF41: =FORMULA!$AA568 -> 0 | IG41: =FORMULA!$AC568 -> 0 | IH41: =FORMULA!$AE568 -> 0 | IJ41: =FORMULA!$C656 -> 0 | IK41: =FORMULA!$E656 -> 0 | IL41: =FORMULA!$G656 -> 0 | IM41: =FORMULA!$I656 -> 0 | IN41: =FORMULA!$K656 -> 0 | IO41: =FORMULA!$M656 -> 0 | IP41: =FORMULA!$O656 -> 0 | IQ41: =FORMULA!$Q656 -> 0 | IR41: =FORMULA!$S656 -> 0 | IS41: =FORMULA!$U656 -> 0 | IT41: =FORMULA!$W656 -> 0 | IU41: =FORMULA!$Y656 -> 0 | IV41: =FORMULA!$AA656 -> 0 | IW41: =FORMULA!$AC656 -> 0 | IX41: =FORMULA!$AE656 -> 0
EA42: =FORMULA!$A$41 -> YENMIX 123 (20.00KG) | EB42: =FORMULA!$C41 -> 0 | EC42: =FORMULA!$E41 -> 0 | ED42: =FORMULA!$G41 -> 0 | EE42: =FORMULA!$I41 -> 0 | EF42: =FORMULA!$K41 -> 0 | EG42: =FORMULA!$M41 -> 0 | EH42: =FORMULA!$O41 -> 0 | EI42: =FORMULA!$Q41 -> 0 | EJ42: =FORMULA!$S41 -> 0 | EK42: =FORMULA!$U41 -> 0 | EL42: =FORMULA!$W41 -> 0 | EM42: =FORMULA!$Y41 -> 0 | EN42: =FORMULA!$AA41 -> 0 | EO42: =FORMULA!$AC41 -> 0 | EP42: =FORMULA!$AE41 -> 0 | ER42: =FORMULA!$C129 -> 0 | ES42: =FORMULA!$E129 -> 0 | ET42: =FORMULA!$G129 -> 0 | EU42: =FORMULA!$I129 -> 0 | EV42: =FORMULA!$K129 -> 0 | EW42: =FORMULA!$M129 -> 0 | EX42: =FORMULA!$O129 -> 0 | EY42: =FORMULA!$Q129 -> 0 | EZ42: =FORMULA!$S129 -> 0 | FA42: =FORMULA!$U129 -> 0 | FB42: =FORMULA!$W129 -> 0 | FC42: =FORMULA!$Y129 -> 0 | FD42: =FORMULA!$AA129 -> 0 | FE42: =FORMULA!$AC129 -> 0 | FF42: =FORMULA!$AE129 -> 0 | FH42: =FORMULA!$C217 -> 0 | FI42: =FORMULA!$E217 -> 0 | FJ42: =FORMULA!$G217 -> 0 | FK42: =FORMULA!$I217 -> 0 | FL42: =FORMULA!$K217 -> 0 | FM42: =FORMULA!$M217 -> 0 | FN42: =FORMULA!$O217 -> 0 | FO42: =FORMULA!$Q217 -> 0 | FP42: =FORMULA!$S217 -> 0 | FQ42: =FORMULA!$U217 -> 0 | FR42: =FORMULA!$W217 -> 0 | FS42: =FORMULA!$Y217 -> 0 | FT42: =FORMULA!$AA217 -> 0 | FU42: =FORMULA!$AC217 -> 0 | FV42: =FORMULA!$AE217 -> 0 | FX42: =FORMULA!$C305 -> 0 | FY42: =FORMULA!$E305 -> 0 | FZ42: =FORMULA!$G305 -> 0 | GA42: =FORMULA!$I305 -> 0 | GB42: =FORMULA!$K305 -> 0 | GC42: =FORMULA!$M305 -> 0 | GD42: =FORMULA!$O305 -> 0 | GE42: =FORMULA!$Q305 -> 0 | GF42: =FORMULA!$S305 -> 0 | GG42: =FORMULA!$U305 -> 0 | GH42: =FORMULA!$W305 -> 0 | GI42: =FORMULA!$Y305 -> 0 | GJ42: =FORMULA!$AA305 -> 0 | GK42: =FORMULA!$AC305 -> 0 | GL42: =FORMULA!$AE305 -> 0 | GN42: =FORMULA!$C393 -> 0 | GO42: =FORMULA!$E393 -> 0 | GP42: =FORMULA!$G393 -> 0 | GQ42: =FORMULA!$I393 -> 0 | GR42: =FORMULA!$K393 -> 0 | GS42: =FORMULA!$M393 -> 0 | GT42: =FORMULA!$O393 -> 0 | GU42: =FORMULA!$Q393 -> 0 | GV42: =FORMULA!$S393 -> 0 | GW42: =FORMULA!$U393 -> 0 | GX42: =FORMULA!$W393 -> 0 | GY42: =FORMULA!$Y393 -> 0 | GZ42: =FORMULA!$AA393 -> 0 | HA42: =FORMULA!$AC393 -> 0 | HB42: =FORMULA!$AE393 -> 0 | HD42: =FORMULA!$C481 -> 0 | HE42: =FORMULA!$E481 -> 0 | HF42: =FORMULA!$G481 -> 0 | HG42: =FORMULA!$I481 -> 0 | HH42: =FORMULA!$K481 -> 0 | HI42: =FORMULA!$M481 -> 0 | HJ42: =FORMULA!$O481 -> 0 | HK42: =FORMULA!$Q481 -> 0 | HL42: =FORMULA!$S481 -> 0 | HM42: =FORMULA!$U481 -> 0 | HN42: =FORMULA!$W481 -> 0 | HO42: =FORMULA!$Y481 -> 0 | HP42: =FORMULA!$AA481 -> 0 | HQ42: =FORMULA!$AC481 -> 0 | HR42: =FORMULA!$AE481 -> 0 | HT42: =FORMULA!$C569 -> 0 | HU42: =FORMULA!$E569 -> 0 | HV42: =FORMULA!$G569 -> 0 | HW42: =FORMULA!$I569 -> 0 | HX42: =FORMULA!$K569 -> 0 | HY42: =FORMULA!$M569 -> 0 | HZ42: =FORMULA!$O569 -> 0 | IA42: =FORMULA!$Q569 -> 0 | IB42: =FORMULA!$S569 -> 0 | IC42: =FORMULA!$U569 -> 0 | ID42: =FORMULA!$W569 -> 0 | IE42: =FORMULA!$Y569 -> 0 | IF42: =FORMULA!$AA569 -> 0 | IG42: =FORMULA!$AC569 -> 0 | IH42: =FORMULA!$AE569 -> 0 | IJ42: =FORMULA!$C657 -> 0 | IK42: =FORMULA!$E657 -> 0 | IL42: =FORMULA!$G657 -> 0 | IM42: =FORMULA!$I657 -> 20 | IN42: =FORMULA!$K657 -> 0 | IO42: =FORMULA!$M657 -> 0 | IP42: =FORMULA!$O657 -> 0 | IQ42: =FORMULA!$Q657 -> 0 | IR42: =FORMULA!$S657 -> 0 | IS42: =FORMULA!$U657 -> 0 | IT42: =FORMULA!$W657 -> 0 | IU42: =FORMULA!$Y657 -> 0 | IV42: =FORMULA!$AA657 -> 0 | IW42: =FORMULA!$AC657 -> 0 | IX42: =FORMULA!$AE657 -> 0
EA43: =FORMULA!$A$42 -> 1 | EB43: =FORMULA!$C42 -> 0 | EC43: =FORMULA!$E42 -> 0 | ED43: =FORMULA!$G42 -> 0 | EE43: =FORMULA!$I42 -> 0 | EF43: =FORMULA!$K42 -> 0 | EG43: =FORMULA!$M42 -> 0 | EH43: =FORMULA!$O42 -> 0 | EI43: =FORMULA!$Q42 -> 0 | EJ43: =FORMULA!$S42 -> 0 | EK43: =FORMULA!$U42 -> 0 | EL43: =FORMULA!$W42 -> 0 | EM43: =FORMULA!$Y42 -> 0 | EN43: =FORMULA!$AA42 -> 0 | EO43: =FORMULA!$AC42 -> 0 | EP43: =FORMULA!$AE42 -> 0 | ER43: =FORMULA!$C130 -> 0 | ES43: =FORMULA!$E130 -> 0 | ET43: =FORMULA!$G130 -> 0 | EU43: =FORMULA!$I130 -> 0 | EV43: =FORMULA!$K130 -> 0 | EW43: =FORMULA!$M130 -> 0 | EX43: =FORMULA!$O130 -> 0 | EY43: =FORMULA!$Q130 -> 0 | EZ43: =FORMULA!$S130 -> 0 | FA43: =FORMULA!$U130 -> 0 | FB43: =FORMULA!$W130 -> 0 | FC43: =FORMULA!$Y130 -> 0 | FD43: =FORMULA!$AA130 -> 0 | FE43: =FORMULA!$AC130 -> 0 | FF43: =FORMULA!$AE130 -> 0 | FH43: =FORMULA!$C218 -> 0 | FI43: =FORMULA!$E218 -> 0 | FJ43: =FORMULA!$G218 -> 0 | FK43: =FORMULA!$I218 -> 0 | FL43: =FORMULA!$K218 -> 0 | FM43: =FORMULA!$M218 -> 0 | FN43: =FORMULA!$O218 -> 0 | FO43: =FORMULA!$Q218 -> 0 | FP43: =FORMULA!$S218 -> 0 | FQ43: =FORMULA!$U218 -> 0 | FR43: =FORMULA!$W218 -> 0 | FS43: =FORMULA!$Y218 -> 0 | FT43: =FORMULA!$AA218 -> 0 | FU43: =FORMULA!$AC218 -> 0 | FV43: =FORMULA!$AE218 -> 0 | FX43: =FORMULA!$C306 -> 0 | FY43: =FORMULA!$E306 -> 0 | FZ43: =FORMULA!$G306 -> 0 | GA43: =FORMULA!$I306 -> 0 | GB43: =FORMULA!$K306 -> 0 | GC43: =FORMULA!$M306 -> 0 | GD43: =FORMULA!$O306 -> 0 | GE43: =FORMULA!$Q306 -> 0 | GF43: =FORMULA!$S306 -> 0 | GG43: =FORMULA!$U306 -> 0 | GH43: =FORMULA!$W306 -> 0 | GI43: =FORMULA!$Y306 -> 0 | GJ43: =FORMULA!$AA306 -> 0 | GK43: =FORMULA!$AC306 -> 0 | GL43: =FORMULA!$AE306 -> 0 | GN43: =FORMULA!$C394 -> 0 | GO43: =FORMULA!$E394 -> 0 | GP43: =FORMULA!$G394 -> 0 | GQ43: =FORMULA!$I394 -> 0 | GR43: =FORMULA!$K394 -> 0 | GS43: =FORMULA!$M394 -> 0 | GT43: =FORMULA!$O394 -> 0 | GU43: =FORMULA!$Q394 -> 0 | GV43: =FORMULA!$S394 -> 0 | GW43: =FORMULA!$U394 -> 0 | GX43: =FORMULA!$W394 -> 0 | GY43: =FORMULA!$Y394 -> 0 | GZ43: =FORMULA!$AA394 -> 0 | HA43: =FORMULA!$AC394 -> 0 | HB43: =FORMULA!$AE394 -> 0 | HD43: =FORMULA!$C482 -> 0 | HE43: =FORMULA!$E482 -> 0 | HF43: =FORMULA!$G482 -> 0 | HG43: =FORMULA!$I482 -> 0 | HH43: =FORMULA!$K482 -> 0 | HI43: =FORMULA!$M482 -> 0 | HJ43: =FORMULA!$O482 -> 0 | HK43: =FORMULA!$Q482 -> 0 | HL43: =FORMULA!$S482 -> 0 | HM43: =FORMULA!$U482 -> 0 | HN43: =FORMULA!$W482 -> 0 | HO43: =FORMULA!$Y482 -> 0 | HP43: =FORMULA!$AA482 -> 0 | HQ43: =FORMULA!$AC482 -> 0 | HR43: =FORMULA!$AE482 -> 0 | HT43: =FORMULA!$C570 -> 0 | HU43: =FORMULA!$E570 -> 0 | HV43: =FORMULA!$G570 -> 0 | HW43: =FORMULA!$I570 -> 0 | HX43: =FORMULA!$K570 -> 0 | HY43: =FORMULA!$M570 -> 0 | HZ43: =FORMULA!$O570 -> 0 | IA43: =FORMULA!$Q570 -> 0 | IB43: =FORMULA!$S570 -> 0 | IC43: =FORMULA!$U570 -> 0 | ID43: =FORMULA!$W570 -> 0 | IE43: =FORMULA!$Y570 -> 0 | IF43: =FORMULA!$AA570 -> 0 | IG43: =FORMULA!$AC570 -> 0 | IH43: =FORMULA!$AE570 -> 0 | IJ43: =FORMULA!$C658 -> 0 | IK43: =FORMULA!$E658 -> 0 | IL43: =FORMULA!$G658 -> 0 | IM43: =FORMULA!$I658 -> 0 | IN43: =FORMULA!$K658 -> 0 | IO43: =FORMULA!$M658 -> 0 | IP43: =FORMULA!$O658 -> 0 | IQ43: =FORMULA!$Q658 -> 0 | IR43: =FORMULA!$S658 -> 0 | IS43: =FORMULA!$U658 -> 0 | IT43: =FORMULA!$W658 -> 0 | IU43: =FORMULA!$Y658 -> 0 | IV43: =FORMULA!$AA658 -> 0 | IW43: =FORMULA!$AC658 -> 0 | IX43: =FORMULA!$AE658 -> 0
EA44: =FORMULA!$A$43 -> 2 | EB44: =FORMULA!$C43 -> 0 | EC44: =FORMULA!$E43 -> 0 | ED44: =FORMULA!$G43 -> 0 | EE44: =FORMULA!$I43 -> 0 | EF44: =FORMULA!$K43 -> 0 | EG44: =FORMULA!$M43 -> 0 | EH44: =FORMULA!$O43 -> 0 | EI44: =FORMULA!$Q43 -> 0 | EJ44: =FORMULA!$S43 -> 0 | EK44: =FORMULA!$U43 -> 0 | EL44: =FORMULA!$W43 -> 0 | EM44: =FORMULA!$Y43 -> 0 | EN44: =FORMULA!$AA43 -> 0 | EO44: =FORMULA!$AC43 -> 0 | EP44: =FORMULA!$AE43 -> 0 | ER44: =FORMULA!$C131 -> 0 | ES44: =FORMULA!$E131 -> 0 | ET44: =FORMULA!$G131 -> 0 | EU44: =FORMULA!$I131 -> 0 | EV44: =FORMULA!$K131 -> 0 | EW44: =FORMULA!$M131 -> 0 | EX44: =FORMULA!$O131 -> 0 | EY44: =FORMULA!$Q131 -> 0 | EZ44: =FORMULA!$S131 -> 0 | FA44: =FORMULA!$U131 -> 0 | FB44: =FORMULA!$W131 -> 0 | FC44: =FORMULA!$Y131 -> 0 | FD44: =FORMULA!$AA131 -> 0 | FE44: =FORMULA!$AC131 -> 0 | FF44: =FORMULA!$AE131 -> 0 | FH44: =FORMULA!$C219 -> 0 | FI44: =FORMULA!$E219 -> 0 | FJ44: =FORMULA!$G219 -> 0 | FK44: =FORMULA!$I219 -> 0 | FL44: =FORMULA!$K219 -> 0 | FM44: =FORMULA!$M219 -> 0 | FN44: =FORMULA!$O219 -> 0 | FO44: =FORMULA!$Q219 -> 0 | FP44: =FORMULA!$S219 -> 0 | FQ44: =FORMULA!$U219 -> 0 | FR44: =FORMULA!$W219 -> 0 | FS44: =FORMULA!$Y219 -> 0 | FT44: =FORMULA!$AA219 -> 0 | FU44: =FORMULA!$AC219 -> 0 | FV44: =FORMULA!$AE219 -> 0 | FX44: =FORMULA!$C307 -> 0 | FY44: =FORMULA!$E307 -> 0 | FZ44: =FORMULA!$G307 -> 0 | GA44: =FORMULA!$I307 -> 0 | GB44: =FORMULA!$K307 -> 0 | GC44: =FORMULA!$M307 -> 0 | GD44: =FORMULA!$O307 -> 0 | GE44: =FORMULA!$Q307 -> 0 | GF44: =FORMULA!$S307 -> 0 | GG44: =FORMULA!$U307 -> 0 | GH44: =FORMULA!$W307 -> 0 | GI44: =FORMULA!$Y307 -> 0 | GJ44: =FORMULA!$AA307 -> 0 | GK44: =FORMULA!$AC307 -> 0 | GL44: =FORMULA!$AE307 -> 0 | GN44: =FORMULA!$C395 -> 0 | GO44: =FORMULA!$E395 -> 0 | GP44: =FORMULA!$G395 -> 0 | GQ44: =FORMULA!$I395 -> 0 | GR44: =FORMULA!$K395 -> 0 | GS44: =FORMULA!$M395 -> 0 | GT44: =FORMULA!$O395 -> 0 | GU44: =FORMULA!$Q395 -> 0 | GV44: =FORMULA!$S395 -> 0 | GW44: =FORMULA!$U395 -> 0 | GX44: =FORMULA!$W395 -> 0 | GY44: =FORMULA!$Y395 -> 0 | GZ44: =FORMULA!$AA395 -> 0 | HA44: =FORMULA!$AC395 -> 0 | HB44: =FORMULA!$AE395 -> 0 | HD44: =FORMULA!$C483 -> 0 | HE44: =FORMULA!$E483 -> 0 | HF44: =FORMULA!$G483 -> 0 | HG44: =FORMULA!$I483 -> 0 | HH44: =FORMULA!$K483 -> 0 | HI44: =FORMULA!$M483 -> 0 | HJ44: =FORMULA!$O483 -> 0 | HK44: =FORMULA!$Q483 -> 0 | HL44: =FORMULA!$S483 -> 0 | HM44: =FORMULA!$U483 -> 0 | HN44: =FORMULA!$W483 -> 0 | HO44: =FORMULA!$Y483 -> 0 | HP44: =FORMULA!$AA483 -> 0 | HQ44: =FORMULA!$AC483 -> 0 | HR44: =FORMULA!$AE483 -> 0 | HT44: =FORMULA!$C571 -> 0 | HU44: =FORMULA!$E571 -> 0 | HV44: =FORMULA!$G571 -> 0 | HW44: =FORMULA!$I571 -> 0 | HX44: =FORMULA!$K571 -> 0 | HY44: =FORMULA!$M571 -> 0 | HZ44: =FORMULA!$O571 -> 0 | IA44: =FORMULA!$Q571 -> 0 | IB44: =FORMULA!$S571 -> 0 | IC44: =FORMULA!$U571 -> 0 | ID44: =FORMULA!$W571 -> 0 | IE44: =FORMULA!$Y571 -> 0 | IF44: =FORMULA!$AA571 -> 0 | IG44: =FORMULA!$AC571 -> 0 | IH44: =FORMULA!$AE571 -> 0 | IJ44: =FORMULA!$C659 -> 0 | IK44: =FORMULA!$E659 -> 0 | IL44: =FORMULA!$G659 -> 0 | IM44: =FORMULA!$I659 -> 0 | IN44: =FORMULA!$K659 -> 0 | IO44: =FORMULA!$M659 -> 0 | IP44: =FORMULA!$O659 -> 0 | IQ44: =FORMULA!$Q659 -> 0 | IR44: =FORMULA!$S659 -> 0 | IS44: =FORMULA!$U659 -> 0 | IT44: =FORMULA!$W659 -> 0 | IU44: =FORMULA!$Y659 -> 0 | IV44: =FORMULA!$AA659 -> 0 | IW44: =FORMULA!$AC659 -> 0 | IX44: =FORMULA!$AE659 -> 0
EA45: =FORMULA!$A$44 -> 3 | EB45: =FORMULA!$C44 -> 0 | EC45: =FORMULA!$E44 -> 0 | ED45: =FORMULA!$G44 -> 0 | EE45: =FORMULA!$I44 -> 0 | EF45: =FORMULA!$K44 -> 0 | EG45: =FORMULA!$M44 -> 0 | EH45: =FORMULA!$O44 -> 0 | EI45: =FORMULA!$Q44 -> 0 | EJ45: =FORMULA!$S44 -> 0 | EK45: =FORMULA!$U44 -> 0 | EL45: =FORMULA!$W44 -> 0 | EM45: =FORMULA!$Y44 -> 0 | EN45: =FORMULA!$AA44 -> 0 | EO45: =FORMULA!$AC44 -> 0 | EP45: =FORMULA!$AE44 -> 0 | ER45: =FORMULA!$C132 -> 0 | ES45: =FORMULA!$E132 -> 0 | ET45: =FORMULA!$G132 -> 0 | EU45: =FORMULA!$I132 -> 0 | EV45: =FORMULA!$K132 -> 0 | EW45: =FORMULA!$M132 -> 0 | EX45: =FORMULA!$O132 -> 0 | EY45: =FORMULA!$Q132 -> 0 | EZ45: =FORMULA!$S132 -> 0 | FA45: =FORMULA!$U132 -> 0 | FB45: =FORMULA!$W132 -> 0 | FC45: =FORMULA!$Y132 -> 0 | FD45: =FORMULA!$AA132 -> 0 | FE45: =FORMULA!$AC132 -> 0 | FF45: =FORMULA!$AE132 -> 0 | FH45: =FORMULA!$C220 -> 0 | FI45: =FORMULA!$E220 -> 0 | FJ45: =FORMULA!$G220 -> 0 | FK45: =FORMULA!$I220 -> 0 | FL45: =FORMULA!$K220 -> 0 | FM45: =FORMULA!$M220 -> 0 | FN45: =FORMULA!$O220 -> 0 | FO45: =FORMULA!$Q220 -> 0 | FP45: =FORMULA!$S220 -> 0 | FQ45: =FORMULA!$U220 -> 0 | FR45: =FORMULA!$W220 -> 0 | FS45: =FORMULA!$Y220 -> 0 | FT45: =FORMULA!$AA220 -> 0 | FU45: =FORMULA!$AC220 -> 0 | FV45: =FORMULA!$AE220 -> 0 | FX45: =FORMULA!$C308 -> 0 | FY45: =FORMULA!$E308 -> 0 | FZ45: =FORMULA!$G308 -> 0 | GA45: =FORMULA!$I308 -> 0 | GB45: =FORMULA!$K308 -> 0 | GC45: =FORMULA!$M308 -> 0 | GD45: =FORMULA!$O308 -> 0 | GE45: =FORMULA!$Q308 -> 0 | GF45: =FORMULA!$S308 -> 0 | GG45: =FORMULA!$U308 -> 0 | GH45: =FORMULA!$W308 -> 0 | GI45: =FORMULA!$Y308 -> 0 | GJ45: =FORMULA!$AA308 -> 0 | GK45: =FORMULA!$AC308 -> 0 | GL45: =FORMULA!$AE308 -> 0 | GN45: =FORMULA!$C396 -> 0 | GO45: =FORMULA!$E396 -> 0 | GP45: =FORMULA!$G396 -> 0 | GQ45: =FORMULA!$I396 -> 0 | GR45: =FORMULA!$K396 -> 0 | GS45: =FORMULA!$M396 -> 0 | GT45: =FORMULA!$O396 -> 0 | GU45: =FORMULA!$Q396 -> 0 | GV45: =FORMULA!$S396 -> 0 | GW45: =FORMULA!$U396 -> 0 | GX45: =FORMULA!$W396 -> 0 | GY45: =FORMULA!$Y396 -> 0 | GZ45: =FORMULA!$AA396 -> 0 | HA45: =FORMULA!$AC396 -> 0 | HB45: =FORMULA!$AE396 -> 0 | HD45: =FORMULA!$C484 -> 0 | HE45: =FORMULA!$E484 -> 0 | HF45: =FORMULA!$G484 -> 0 | HG45: =FORMULA!$I484 -> 0 | HH45: =FORMULA!$K484 -> 0 | HI45: =FORMULA!$M484 -> 0 | HJ45: =FORMULA!$O484 -> 0 | HK45: =FORMULA!$Q484 -> 0 | HL45: =FORMULA!$S484 -> 0 | HM45: =FORMULA!$U484 -> 0 | HN45: =FORMULA!$W484 -> 0 | HO45: =FORMULA!$Y484 -> 0 | HP45: =FORMULA!$AA484 -> 0 | HQ45: =FORMULA!$AC484 -> 0 | HR45: =FORMULA!$AE484 -> 0 | HT45: =FORMULA!$C572 -> 0 | HU45: =FORMULA!$E572 -> 0 | HV45: =FORMULA!$G572 -> 0 | HW45: =FORMULA!$I572 -> 0 | HX45: =FORMULA!$K572 -> 0 | HY45: =FORMULA!$M572 -> 0 | HZ45: =FORMULA!$O572 -> 0 | IA45: =FORMULA!$Q572 -> 0 | IB45: =FORMULA!$S572 -> 0 | IC45: =FORMULA!$U572 -> 0 | ID45: =FORMULA!$W572 -> 0 | IE45: =FORMULA!$Y572 -> 0 | IF45: =FORMULA!$AA572 -> 0 | IG45: =FORMULA!$AC572 -> 0 | IH45: =FORMULA!$AE572 -> 0 | IJ45: =FORMULA!$C660 -> 0 | IK45: =FORMULA!$E660 -> 0 | IL45: =FORMULA!$G660 -> 0 | IM45: =FORMULA!$I660 -> 0 | IN45: =FORMULA!$K660 -> 0 | IO45: =FORMULA!$M660 -> 0 | IP45: =FORMULA!$O660 -> 0 | IQ45: =FORMULA!$Q660 -> 0 | IR45: =FORMULA!$S660 -> 0 | IS45: =FORMULA!$U660 -> 0 | IT45: =FORMULA!$W660 -> 0 | IU45: =FORMULA!$Y660 -> 0 | IV45: =FORMULA!$AA660 -> 0 | IW45: =FORMULA!$AC660 -> 0 | IX45: =FORMULA!$AE660 -> 0
EA46: =FORMULA!$A$45 -> TOXISORB PREMIUM | EB46: =FORMULA!$C45 -> 0.5 | EC46: =FORMULA!$E45 -> 0 | ED46: =FORMULA!$G45 -> 0 | EE46: =FORMULA!$I45 -> 0 | EF46: =FORMULA!$K45 -> 0 | EG46: =FORMULA!$M45 -> 0 | EH46: =FORMULA!$O45 -> 0 | EI46: =FORMULA!$Q45 -> 0 | EJ46: =FORMULA!$S45 -> 0 | EK46: =FORMULA!$U45 -> 0 | EL46: =FORMULA!$W45 -> 0 | EM46: =FORMULA!$Y45 -> 0 | EN46: =FORMULA!$AA45 -> 0 | EO46: =FORMULA!$AC45 -> 0 | EP46: =FORMULA!$AE45 -> 0 | ER46: =FORMULA!$C133 -> 0.5 | ES46: =FORMULA!$E133 -> 0 | ET46: =FORMULA!$G133 -> 0 | EU46: =FORMULA!$I133 -> 0 | EV46: =FORMULA!$K133 -> 0 | EW46: =FORMULA!$M133 -> 0 | EX46: =FORMULA!$O133 -> 0 | EY46: =FORMULA!$Q133 -> 0 | EZ46: =FORMULA!$S133 -> 0 | FA46: =FORMULA!$U133 -> 0 | FB46: =FORMULA!$W133 -> 0 | FC46: =FORMULA!$Y133 -> 0 | FD46: =FORMULA!$AA133 -> 0 | FE46: =FORMULA!$AC133 -> 0 | FF46: =FORMULA!$AE133 -> 0 | FH46: =FORMULA!$C221 -> 0.5 | FI46: =FORMULA!$E221 -> 0 | FJ46: =FORMULA!$G221 -> 0 | FK46: =FORMULA!$I221 -> 0 | FL46: =FORMULA!$K221 -> 0 | FM46: =FORMULA!$M221 -> 0 | FN46: =FORMULA!$O221 -> 0 | FO46: =FORMULA!$Q221 -> 0 | FP46: =FORMULA!$S221 -> 0 | FQ46: =FORMULA!$U221 -> 0 | FR46: =FORMULA!$W221 -> 0 | FS46: =FORMULA!$Y221 -> 0 | FT46: =FORMULA!$AA221 -> 0 | FU46: =FORMULA!$AC221 -> 0 | FV46: =FORMULA!$AE221 -> 0 | FX46: =FORMULA!$C309 -> 0 | FY46: =FORMULA!$E309 -> 0 | FZ46: =FORMULA!$G309 -> 0 | GA46: =FORMULA!$I309 -> 0 | GB46: =FORMULA!$K309 -> 0 | GC46: =FORMULA!$M309 -> 0 | GD46: =FORMULA!$O309 -> 0 | GE46: =FORMULA!$Q309 -> 0 | GF46: =FORMULA!$S309 -> 0 | GG46: =FORMULA!$U309 -> 0 | GH46: =FORMULA!$W309 -> 0 | GI46: =FORMULA!$Y309 -> 0 | GJ46: =FORMULA!$AA309 -> 0 | GK46: =FORMULA!$AC309 -> 0 | GL46: =FORMULA!$AE309 -> 0 | GN46: =FORMULA!$C397 -> 0.5 | GO46: =FORMULA!$E397 -> 0.5 | GP46: =FORMULA!$G397 -> 0 | GQ46: =FORMULA!$I397 -> 0.5 | GR46: =FORMULA!$K397 -> 0.5 | GS46: =FORMULA!$M397 -> 0 | GT46: =FORMULA!$O397 -> 0 | GU46: =FORMULA!$Q397 -> 0 | GV46: =FORMULA!$S397 -> 0 | GW46: =FORMULA!$U397 -> 0 | GX46: =FORMULA!$W397 -> 0 | GY46: =FORMULA!$Y397 -> 0 | GZ46: =FORMULA!$AA397 -> 0 | HA46: =FORMULA!$AC397 -> 0 | HB46: =FORMULA!$AE397 -> 0 | HD46: =FORMULA!$C485 -> 2 | HE46: =FORMULA!$E485 -> 0 | HF46: =FORMULA!$G485 -> 0 | HG46: =FORMULA!$I485 -> 0 | HH46: =FORMULA!$K485 -> 0 | HI46: =FORMULA!$M485 -> 0 | HJ46: =FORMULA!$O485 -> 0 | HK46: =FORMULA!$Q485 -> 0 | HL46: =FORMULA!$S485 -> 0 | HM46: =FORMULA!$U485 -> 0 | HN46: =FORMULA!$W485 -> 0 | HO46: =FORMULA!$Y485 -> 0 | HP46: =FORMULA!$AA485 -> 0 | HQ46: =FORMULA!$AC485 -> 0 | HR46: =FORMULA!$AE485 -> 0 | HT46: =FORMULA!$C573 -> 2 | HU46: =FORMULA!$E573 -> 0 | HV46: =FORMULA!$G573 -> 0 | HW46: =FORMULA!$I573 -> 0 | HX46: =FORMULA!$K573 -> 0 | HY46: =FORMULA!$M573 -> 0 | HZ46: =FORMULA!$O573 -> 0 | IA46: =FORMULA!$Q573 -> 0 | IB46: =FORMULA!$S573 -> 0 | IC46: =FORMULA!$U573 -> 0 | ID46: =FORMULA!$W573 -> 0 | IE46: =FORMULA!$Y573 -> 0 | IF46: =FORMULA!$AA573 -> 0 | IG46: =FORMULA!$AC573 -> 0 | IH46: =FORMULA!$AE573 -> 0 | IJ46: =FORMULA!$C661 -> 2 | IK46: =FORMULA!$E661 -> 0 | IL46: =FORMULA!$G661 -> 0 | IM46: =FORMULA!$I661 -> 0 | IN46: =FORMULA!$K661 -> 0 | IO46: =FORMULA!$M661 -> 0 | IP46: =FORMULA!$O661 -> 0 | IQ46: =FORMULA!$Q661 -> 0 | IR46: =FORMULA!$S661 -> 0 | IS46: =FORMULA!$U661 -> 0 | IT46: =FORMULA!$W661 -> 0 | IU46: =FORMULA!$Y661 -> 0 | IV46: =FORMULA!$AA661 -> 0 | IW46: =FORMULA!$AC661 -> 0 | IX46: =FORMULA!$AE661 -> 0
EA47: =FORMULA!$A$46 -> SODIUM HUMATE 3.8% (HARUMI) | EB47: =FORMULA!$C46 -> 0 | EC47: =FORMULA!$E46 -> 0 | ED47: =FORMULA!$G46 -> 0 | EE47: =FORMULA!$I46 -> 0 | EF47: =FORMULA!$K46 -> 0 | EG47: =FORMULA!$M46 -> 0 | EH47: =FORMULA!$O46 -> 0 | EI47: =FORMULA!$Q46 -> 0 | EJ47: =FORMULA!$S46 -> 0 | EK47: =FORMULA!$U46 -> 0 | EL47: =FORMULA!$W46 -> 0 | EM47: =FORMULA!$Y46 -> 0 | EN47: =FORMULA!$AA46 -> 0 | EO47: =FORMULA!$AC46 -> 0 | EP47: =FORMULA!$AE46 -> 0 | ER47: =FORMULA!$C134 -> 0 | ES47: =FORMULA!$E134 -> 0 | ET47: =FORMULA!$G134 -> 0 | EU47: =FORMULA!$I134 -> 0 | EV47: =FORMULA!$K134 -> 0 | EW47: =FORMULA!$M134 -> 0 | EX47: =FORMULA!$O134 -> 0 | EY47: =FORMULA!$Q134 -> 0 | EZ47: =FORMULA!$S134 -> 0 | FA47: =FORMULA!$U134 -> 0 | FB47: =FORMULA!$W134 -> 0 | FC47: =FORMULA!$Y134 -> 0 | FD47: =FORMULA!$AA134 -> 0 | FE47: =FORMULA!$AC134 -> 0 | FF47: =FORMULA!$AE134 -> 0 | FH47: =FORMULA!$C222 -> 0 | FI47: =FORMULA!$E222 -> 0 | FJ47: =FORMULA!$G222 -> 0 | FK47: =FORMULA!$I222 -> 0 | FL47: =FORMULA!$K222 -> 0 | FM47: =FORMULA!$M222 -> 0 | FN47: =FORMULA!$O222 -> 0 | FO47: =FORMULA!$Q222 -> 0 | FP47: =FORMULA!$S222 -> 0 | FQ47: =FORMULA!$U222 -> 0 | FR47: =FORMULA!$W222 -> 0 | FS47: =FORMULA!$Y222 -> 0 | FT47: =FORMULA!$AA222 -> 0 | FU47: =FORMULA!$AC222 -> 0 | FV47: =FORMULA!$AE222 -> 0 | FX47: =FORMULA!$C310 -> 0 | FY47: =FORMULA!$E310 -> 0 | FZ47: =FORMULA!$G310 -> 0 | GA47: =FORMULA!$I310 -> 0 | GB47: =FORMULA!$K310 -> 0 | GC47: =FORMULA!$M310 -> 0 | GD47: =FORMULA!$O310 -> 0 | GE47: =FORMULA!$Q310 -> 0 | GF47: =FORMULA!$S310 -> 0 | GG47: =FORMULA!$U310 -> 0 | GH47: =FORMULA!$W310 -> 0 | GI47: =FORMULA!$Y310 -> 0 | GJ47: =FORMULA!$AA310 -> 0 | GK47: =FORMULA!$AC310 -> 0 | GL47: =FORMULA!$AE310 -> 0 | GN47: =FORMULA!$C398 -> 3 | GO47: =FORMULA!$E398 -> 3 | GP47: =FORMULA!$G398 -> 0 | GQ47: =FORMULA!$I398 -> 3 | GR47: =FORMULA!$K398 -> 3 | GS47: =FORMULA!$M398 -> 3 | GT47: =FORMULA!$O398 -> 3 | GU47: =FORMULA!$Q398 -> 3 | GV47: =FORMULA!$S398 -> 3 | GW47: =FORMULA!$U398 -> 3 | GX47: =FORMULA!$W398 -> 3 | GY47: =FORMULA!$Y398 -> 3 | GZ47: =FORMULA!$AA398 -> 3 | HA47: =FORMULA!$AC398 -> 3 | HB47: =FORMULA!$AE398 -> 3 | HD47: =FORMULA!$C486 -> 3 | HE47: =FORMULA!$E486 -> 3 | HF47: =FORMULA!$G486 -> 3 | HG47: =FORMULA!$I486 -> 0 | HH47: =FORMULA!$K486 -> 0 | HI47: =FORMULA!$M486 -> 0 | HJ47: =FORMULA!$O486 -> 0 | HK47: =FORMULA!$Q486 -> 0 | HL47: =FORMULA!$S486 -> 0 | HM47: =FORMULA!$U486 -> 5 | HN47: =FORMULA!$W486 -> 5 | HO47: =FORMULA!$Y486 -> 0 | HP47: =FORMULA!$AA486 -> 0 | HQ47: =FORMULA!$AC486 -> 0 | HR47: =FORMULA!$AE486 -> 0 | HT47: =FORMULA!$C574 -> 3 | HU47: =FORMULA!$E574 -> 3 | HV47: =FORMULA!$G574 -> 3 | HW47: =FORMULA!$I574 -> 0 | HX47: =FORMULA!$K574 -> 0 | HY47: =FORMULA!$M574 -> 0 | HZ47: =FORMULA!$O574 -> 0 | IA47: =FORMULA!$Q574 -> 0 | IB47: =FORMULA!$S574 -> 0 | IC47: =FORMULA!$U574 -> 0 | ID47: =FORMULA!$W574 -> 0 | IE47: =FORMULA!$Y574 -> 0 | IF47: =FORMULA!$AA574 -> 0 | IG47: =FORMULA!$AC574 -> 0 | IH47: =FORMULA!$AE574 -> 0 | IJ47: =FORMULA!$C662 -> 3 | IK47: =FORMULA!$E662 -> 3 | IL47: =FORMULA!$G662 -> 3 | IM47: =FORMULA!$I662 -> 3 | IN47: =FORMULA!$K662 -> 0 | IO47: =FORMULA!$M662 -> 0 | IP47: =FORMULA!$O662 -> 0 | IQ47: =FORMULA!$Q662 -> 0 | IR47: =FORMULA!$S662 -> 0 | IS47: =FORMULA!$U662 -> 0 | IT47: =FORMULA!$W662 -> 0 | IU47: =FORMULA!$Y662 -> 0 | IV47: =FORMULA!$AA662 -> 0 | IW47: =FORMULA!$AC662 -> 0 | IX47: =FORMULA!$AE662 -> 0
