Workbook

Sheet Flock Reference
A1: Flock ID | B1: Intake Date
A2: Example_Flock_01 | B2: 2023-01-01

Sheet Data
A1: Setting Date | B1: Candling Date | C1: Hatching Date | D1: Flock ID | E1: Egg Set | F1: Clear Egg | G1: Clear Egg % | H1: Rotten Egg | I1: Rotten Egg % | J1: Hatchable Egg | K1: Hatchable Egg % | L1: Total Hatched | M1: Hatchability % | N1: Male Ratio % | O1: Flock Age (Weeks)
G2: =IF(E2>0, F2/E2, 0) | I2: =IF(E2>0, H2/E2, 0) | J2: =IF(E2>0, E2-F2-H2, 0) | K2: =IF(E2>0, J2/E2, 0) | M2: =IF(E2>0, L2/E2, 0) | O2: =IFERROR(INT((A2-1-VLOOKUP(D2,'Flock Reference'!$A:$B,2,FALSE))/7), "")
G3: =IF(E3>0, F3/E3, 0) | I3: =IF(E3>0, H3/E3, 0) | J3: =IF(E3>0, E3-F3-H3, 0) | K3: =IF(E3>0, J3/E3, 0) | M3: =IF(E3>0, L3/E3, 0) | O3: =IFERROR(INT((A3-1-VLOOKUP(D3,'Flock Reference'!$A:$B,2,FALSE))/7), "")
G4: =IF(E4>0, F4/E4, 0) | I4: =IF(E4>0, H4/E4, 0) | J4: =IF(E4>0, E4-F4-H4, 0) | K4: =IF(E4>0, J4/E4, 0) | M4: =IF(E4>0, L4/E4, 0) | O4: =IFERROR(INT((A4-1-VLOOKUP(D4,'Flock Reference'!$A:$B,2,FALSE))/7), "")
G5: =IF(E5>0, F5/E5, 0) | I5: =IF(E5>0, H5/E5, 0) | J5: =IF(E5>0, E5-F5-H5, 0) | K5: =IF(E5>0, J5/E5, 0) | M5: =IF(E5>0, L5/E5, 0) | O5: =IFERROR(INT((A5-1-VLOOKUP(D5,'Flock Reference'!$A:$B,2,FALSE))/7), "")
G6: =IF(E6>0, F6/E6, 0) | I6: =IF(E6>0, H6/E6, 0) | J6: =IF(E6>0, E6-F6-H6, 0) | K6: =IF(E6>0, J6/E6, 0) | M6: =IF(E6>0, L6/E6, 0) | O6: =IFERROR(INT((A6-1-VLOOKUP(D6,'Flock Reference'!$A:$B,2,FALSE))/7), "")
G7: =IF(E7>0, F7/E7, 0) | I7: =IF(E7>0, H7/E7, 0) | J7: =IF(E7>0, E7-F7-H7, 0) | K7: =IF(E7>0, J7/E7, 0) | M7: =IF(E7>0, L7/E7, 0) | O7: =IFERROR(INT((A7-1-VLOOKUP(D7,'Flock Reference'!$A:$B,2,FALSE))/7), "")
G8: =IF(E8>0, F8/E8, 0) | I8: =IF(E8>0, H8/E8, 0) | J8: =IF(E8>0, E8-F8-H8, 0) | K8: =IF(E8>0, J8/E8, 0) | M8: =IF(E8>0, L8/E8, 0) | O8: =IFERROR(INT((A8-1-VLOOKUP(D8,'Flock Reference'!$A:$B,2,FALSE))/7), "")
G9: =IF(E9>0, F9/E9, 0) | I9: =IF(E9>0, H9/E9, 0) | J9: =IF(E9>0, E9-F9-H9, 0) | K9: =IF(E9>0, J9/E9, 0) | M9: =IF(E9>0, L9/E9, 0) | O9: =IFERROR(INT((A9-1-VLOOKUP(D9,'Flock Reference'!$A:$B,2,FALSE))/7), "")
G10: =IF(E10>0, F10/E10, 0) | I10: =IF(E10>0, H10/E10, 0) | J10: =IF(E10>0, E10-F10-H10, 0) | K10: =IF(E10>0, J10/E10, 0) | M10: =IF(E10>0, L10/E10, 0) | O10: =IFERROR(INT((A10-1-VLOOKUP(D10,'Flock Reference'!$A:$B,2,FALSE))/7), "")
G11: =IF(E11>0, F11/E11, 0) | I11: =IF(E11>0, H11/E11, 0) | J11: =IF(E11>0, E11-F11-H11, 0) | K11: =IF(E11>0, J11/E11, 0) | M11: =IF(E11>0, L11/E11, 0) | O11: =IFERROR(INT((A11-1-VLOOKUP(D11,'Flock Reference'!$A:$B,2,FALSE))/7), "")
G12: =IF(E12>0, F12/E12, 0) | I12: =IF(E12>0, H12/E12, 0) | J12: =IF(E12>0, E12-F12-H12, 0) | K12: =IF(E12>0, J12/E12, 0) | M12: =IF(E12>0, L12/E12, 0) | O12: =IFERROR(INT((A12-1-VLOOKUP(D12,'Flock Reference'!$A:$B,2,FALSE))/7), "")
G13: =IF(E13>0, F13/E13, 0) | I13: =IF(E13>0, H13/E13, 0) | J13: =IF(E13>0, E13-F13-H13, 0) | K13: =IF(E13>0, J13/E13, 0) | M13: =IF(E13>0, L13/E13, 0) | O13: =IFERROR(INT((A13-1-VLOOKUP(D13,'Flock Reference'!$A:$B,2,FALSE))/7), "")
... G101: =IF(E101>0, F101/E101, 0) | I101: =IF(E101>0, H101/E101, 0) | J101: =IF(E101>0, E101-F101-H101, 0) | K101: =IF(E101>0, J101/E101, 0) | M101: =IF(E101>0, L101/E101, 0) | O101: =IFERROR(INT((A101-1-VLOOKUP(D101,'Flock Reference'!$A:$B,2,FALSE))/7), "")
