Workbook
Name WeekHeight: _xlfn.LET( _xlpm.y, IFERROR(--Chart_Y,0), _xlpm.maxY, IFERROR(MAX(_xlpm.y),0), _xlpm.n, ROWS(CHART!WeekSeparator), IF(_xlpm.n=0, NA(), _xlfn.SEQUENCE(_xlpm.n,1,_xlpm.maxY,0)) )
Name WeekPosition: _xlfn.LET( _xlpm.wp, CHART!WeekSeparator, _xlpm.n, ROWS(_xlpm.wp), IF(_xlpm.n<=1, NA(), (_xlfn.TAKE(_xlpm.wp,_xlpm.n-1)+_xlfn.DROP(_xlpm.wp,1))/2 ) )
Name WeekZero: _xlfn.LET( _xlpm.n, ROWS(CHART!WeekSeparator), IF(_xlpm.n=0, NA(), _xlfn.SEQUENCE(_xlpm.n,1,0,0)) )
Name WeekZeroCentre: _xlfn.SEQUENCE(ROWS(CHART!WeekPosition),,0)

Sheet TEMPLATE
A2: HOUSE: | B2: {=MID(CELL("filename",B2),FIND("]",CELL("filename",B2))+1,255)} -> #VALUE!
A3: FEMALE INTAKE: | C3: DEAD ON ARRIVAL:
A4: MALE INTAKE: | C4: DEAD ON ARRIVAL:
A5: INTAKE DATE:
A6: =HYPERLINK("#'" & $B$2 & "'!A11","🔹 Daily") -> #VALUE! | B6: =HYPERLINK("#Dashboard!A1", "📊 Dashboard") -> 📊 Dashboard | C6: WEEKLY ARBOR ACRES | D6: WEEKLY ARBOR ACRES | E6: WEEKLY ARBOR ACRES | F6: WEEKLY ARBOR ACRES | G6: WEEKLY ARBOR ACRES | H6: WEEKLY ARBOR ACRES | I6: WEEKLY ARBOR ACRES | J6: WEEKLY ARBOR ACRES | K6: WEEKLY ARBOR ACRES | L6: WEEKLY ARBOR ACRES | M6: WEEKLY ARBOR ACRES | N6: WEEKLY ARBOR ACRES | O6: WEEKLY ARBOR ACRES | P6: WEEKLY ARBOR ACRES | Q6: WEEKLY ARBOR ACRES | R6: WEEKLY ARBOR ACRES | S6: WEEKLY ARBOR ACRES | T6: WEEKLY ARBOR ACRES | U6: WEEKLY ARBOR ACRES | V6: WEEKLY ARBOR ACRES | W6: WEEKLY ARBOR ACRES | X6: WEEKLY ARBOR ACRES | Y6: WEEKLY ARBOR ACRES | Z6: WEEKLY ARBOR ACRES | AA6: WEEKLY ARBOR ACRES | AB6: WEEKLY ARBOR ACRES | AC6: WEEKLY ARBOR ACRES | AD6: WEEKLY ARBOR ACRES | AE6: WEEKLY ARBOR ACRES | AF6: WEEKLY ARBOR ACRES | AG6: WEEKLY ARBOR ACRES | AH6: WEEKLY ARBOR ACRES
A7: =HYPERLINK("#'" & $B$2 & "'!A508", "📆 Weekly Data") -> #VALUE! | B7: =HYPERLINK("#Chart!A1","📈 Chart") -> 📈 Chart | C7: DEAD MALE | D7: CULL MALE | E7: DEAD FEMALE | F7: CULL FEMALE | G7: START MALE | H7: START FEMALE | I7: END MALE | J7: END FEMALE | K7: CULL MALE% | L7: DEAD MALE% | M7: CULL FEMALE% | N7: DEAD FEMALE% | O7: STANDARD MORTALITY% | P7: MALE FEED (kg) | Q7: FEMALE FEED (kg) | R7: TOTAL FEED (KG) | S7: TOTAL EGGS | T7: WEEKLY EGG PROD% | U7: HEN WEEK PROD. | V7: TOTAL H.E | W7: JUMBO% | X7: SMALL% | Y7: ABNORMAL% | Z7: CRACK% | AA7: H.E% | AB7: EGG WEIGHT (g) | AC7: MALE BW | AD7: MALE UNI% | AE7: FEMALE BW | AF7: FEMALE UNI% | AG7: STD MALE BW | AH7: STD FEMALE BW
C8: DEPLETION | N8: FEED | Y8: EGG PRODUCTION | AL8: BODY WEIGHT | AP8: WATER INTAKE | AW8: TIME | BC8: REMARKS
A9: AGE | B9: DATE | C9: CULL MALE | D9: CULL FEMALE | E9: DEAD MALE | F9: DEAD FEMALE | G9: MALE STOCK | H9: FEMALE STOCK | I9: CULL MALE% | J9: DEAD MALE% | K9: CULL FEMALE% | L9: DEAD FEMALE% | M9: CUM. MALE% | N9: CUM. FEMALE% | O9: STANDARD MORTALITY% | P9: FEED PROGRAM | Q9: GIVEN MALE G/B | R9: GIVEN FEMALE G/B | S9: ACTUAL MALE G/B | T9: ACTUAL FEMALE G/B | U9: MALE TOTAL FEED (kg) | V9: FEMALE TOTAL FEED (kg) | W9: STANDARD MALE FEED | X9: STANDARD FEMALE FEED | Y9: EGG COLLECTED | Z9: JUMBO | AA9: SMALL | AB9: ABNORMAL | AC9: CRACK | AD9: GRAM EGG | AE9: REJECT | AF9: H.E | AG9: EGG PRODUCTION% | AH9: JUMBO% | AI9: SMALL% | AJ9: ABNORMAL% | AK9: CRACK% | AL9: REJECT% | AM9: H.E% | AN9: MALE BODY WEIGHT | AO9: MALE UNIFORMITY | AP9: FEMALE BODY WEIGHT | AQ9: FEMALE UNIFORMITY | AR9: 8AM (m^3) | AS9: 11AM (m^3) | AT9: 5PM (m^3) | AU9: DAILY WATER (L) | AV9: 24H WATER (L) | AW9: WATER:FEED (L/kg) | AX9: WATER/BIRD (ml/bird) | AY9: LIGHT ON | AZ9: LIGHT OFF | BA9: LIGHT DURATION | BB9: FEED START | BC9: FEED END | BD9: FEED DURATION | BE9: REMARKS
A10: 0 | B10: =B5 -> 0 | G10: =B4-D4 -> 0 | H10: =B3-D3 -> 0 | O10: 0.0005
A11: =A10+1.1 -> 1.1 | B11: =B10+1 -> 1 | G11: =G10-E11-C11 -> 0 | H11: =H10-F11-D11 -> 0 | I11: =IFERROR(C11/G10,0) -> 0 | J11: =IFERROR(E11/G10,0) -> 0 | K11: =IFERROR(D11/H10,0) -> 0 | L11: =IFERROR(F11/H10,0) -> 0 | M11: =IF(ROW()=11, IF($B$4>0,E11/$B$4,""), IF($B$4>0, (OFFSET(M11,-1,0)*$B$4 + E11)/$B$4, "") ) | N11: =IF(ROW()=11, IF($B$4>0,F11/$B$4,""), IF($B$4>0, (OFFSET(N11,-1,0)*$B$4 + F11)/$B$4, "") ) | O11: =$O$10 -> 0.0005 | S11: =IF($P11="FULL FEED",Q11,Q11*2) -> 0 | T11: =IF($P11="FULL FEED",R11,R11*2) -> 0 | U11: =IF(P11="FULL FEED",(Q11*G11/1000),(Q11*2*G11/1000)) -> 0 | V11: =IF(P11="FULL FEED",(R11*H11/1000),(R11*2*H11/1000)) -> 0 | AE11: =SUM(Z11,AA11,AB11,AC11) -> 0 | AF11: =Y11-AE11 -> 0 | AG11: =IFERROR(Y11/H10,0) -> 0 | AH11: =IFERROR(Z11/$Y11,0) -> 0 | AI11: =IFERROR(AA11/$Y11,0) -> 0 | AJ11: =IFERROR(AB11/$Y11,0) -> 0 | AK11: =IFERROR(AC11/$Y11,0) -> 0 | AL11: =IFERROR(AE11/Y11,0) -> 0 | AM11: =IFERROR(AF11/Y11,0) -> 0 | AU11: =IF(OR(AT11="",AR11=""),"", (AT11-AR11)/100*1000) | AV11: =IF(OR(AR12="",OFFSET(AR12,-1,0)=""),"", (AR12-OFFSET(AR12,-1,0))/100*1000) | AW11: =IFERROR(IF(OR(AR11="",AT11="",K11="",L11=""),"", ((AT11-AR11)/100*1000)/(U11+V11)),0) | AX11: =IF(OR(AR11="",AR12="",M11="",N11=""),"", ((AR12-AR11)/100*1000)/((G11+H11))*1000) | BA11: =IF(OR(AY11="",AZ11=""),"",MOD(AZ11-AY11,1)*24) | BD11: =IF(OR(BB11="",BC11=""),"",MOD(BC11-BB11,1)*24)
A12: =A11+0.1 -> 1.2 | B12: =B11+1 -> 2 | G12: =G11-E12-C12 -> 0 | H12: =H11-F12-D12 -> 0 | I12: =IFERROR(C12/G11,0) -> 0 | J12: =IFERROR(E12/G11,0) -> 0 | K12: =IFERROR(D12/H11,0) -> 0 | L12: =IFERROR(F12/H11,0) -> 0 | M12: =IF(ROW()=11, IF($B$4>0,E12/$B$4,""), IF($B$4>0, (OFFSET(M12,-1,0)*$B$4 + E12)/$B$4, "") ) | N12: =IF(ROW()=11, IF($B$4>0,F12/$B$4,""), IF($B$4>0, (OFFSET(N12,-1,0)*$B$4 + F12)/$B$4, "") ) | O12: =$O$10 -> 0.0005 | S12: =IF($P12="FULL FEED",Q12,Q12*2) -> 0 | T12: =IF($P12="FULL FEED",R12,R12*2) -> 0 | U12: =IF(P12="FULL FEED",(Q12*G12/1000),(Q12*2*G12/1000)) -> 0 | V12: =IF(P12="FULL FEED",(R12*H12/1000),(R12*2*H12/1000)) -> 0 | AE12: =SUM(Z12,AA12,AB12,AC12) -> 0 | AF12: =Y12-AE12 -> 0 | AG12: =IFERROR(Y12/H11,0) -> 0 | AH12: =IFERROR(Z12/$Y12,0) -> 0 | AI12: =IFERROR(AA12/$Y12,0) -> 0 | AJ12: =IFERROR(AB12/$Y12,0) -> 0 | AK12: =IFERROR(AC12/$Y12,0) -> 0 | AL12: =IFERROR(AE12/Y12,0) -> 0 | AM12: =IFERROR(AF12/Y12,0) -> 0 | AU12: =IF(OR(AT12="",AR12=""),"", (AT12-AR12)/100*1000) | AV12: =IF(OR(AR13="",OFFSET(AR13,-1,0)=""),"", (AR13-OFFSET(AR13,-1,0))/100*1000) | AW12: =IFERROR(IF(OR(AR12="",AT12="",K12="",L12=""),"", ((AT12-AR12)/100*1000)/(U12+V12)),0) | AX12: =IF(OR(AR12="",AR13="",M12="",N12=""),"", ((AR13-AR12)/100*1000)/((G12+H12))*1000) | BA12: =IF(OR(AY12="",AZ12=""),"",MOD(AZ12-AY12,1)*24) | BD12: =IF(OR(BB12="",BC12=""),"",MOD(BC12-BB12,1)*24)
A13: =A12+0.1 -> 1.3 | B13: =B12+1 -> 3 | G13: =G12-E13-C13 -> 0 | H13: =H12-F13-D13 -> 0 | I13: =IFERROR(C13/G12,0) -> 0 | J13: =IFERROR(E13/G12,0) -> 0 | K13: =IFERROR(D13/H12,0) -> 0 | L13: =IFERROR(F13/H12,0) -> 0 | M13: =IF(ROW()=11, IF($B$4>0,E13/$B$4,""), IF($B$4>0, (OFFSET(M13,-1,0)*$B$4 + E13)/$B$4, "") ) | N13: =IF(ROW()=11, IF($B$4>0,F13/$B$4,""), IF($B$4>0, (OFFSET(N13,-1,0)*$B$4 + F13)/$B$4, "") ) | O13: =$O$10 -> 0.0005 | S13: =IF($P13="FULL FEED",Q13,Q13*2) -> 0 | T13: =IF($P13="FULL FEED",R13,R13*2) -> 0 | U13: =IF(P13="FULL FEED",(Q13*G13/1000),(Q13*2*G13/1000)) -> 0 | V13: =IF(P13="FULL FEED",(R13*H13/1000),(R13*2*H13/1000)) -> 0 | AE13: =SUM(Z13,AA13,AB13,AC13) -> 0 | AF13: =Y13-AE13 -> 0 | AG13: =IFERROR(Y13/H12,0) -> 0 | AH13: =IFERROR(Z13/$Y13,0) -> 0 | AI13: =IFERROR(AA13/$Y13,0) -> 0 | AJ13: =IFERROR(AB13/$Y13,0) -> 0 | AK13: =IFERROR(AC13/$Y13,0) -> 0 | AL13: =IFERROR(AE13/Y13,0) -> 0 | AM13: =IFERROR(AF13/Y13,0) -> 0 | AU13: =IF(OR(AT13="",AR13=""),"", (AT13-AR13)/100*1000) | AV13: =IF(OR(AR14="",OFFSET(AR14,-1,0)=""),"", (AR14-OFFSET(AR14,-1,0))/100*1000) | AW13: =IFERROR(IF(OR(AR13="",AT13="",K13="",L13=""),"", ((AT13-AR13)/100*1000)/(U13+V13)),0) | AX13: =IF(OR(AR13="",AR14="",M13="",N13=""),"", ((AR14-AR13)/100*1000)/((G13+H13))*1000) | BA13: =IF(OR(AY13="",AZ13=""),"",MOD(AZ13-AY13,1)*24) | BD13: =IF(OR(BB13="",BC13=""),"",MOD(BC13-BB13,1)*24)
A14: =A13+0.1 -> 1.4 | B14: =B13+1 -> 4 | G14: =G13-E14-C14 -> 0 | H14: =H13-F14-D14 -> 0 | I14: =IFERROR(C14/G13,0) -> 0 | J14: =IFERROR(E14/G13,0) -> 0 | K14: =IFERROR(D14/H13,0) -> 0 | L14: =IFERROR(F14/H13,0) -> 0 | M14: =IF(ROW()=11, IF($B$4>0,E14/$B$4,""), IF($B$4>0, (OFFSET(M14,-1,0)*$B$4 + E14)/$B$4, "") ) | N14: =IF(ROW()=11, IF($B$4>0,F14/$B$4,""), IF($B$4>0, (OFFSET(N14,-1,0)*$B$4 + F14)/$B$4, "") ) | O14: =$O$10 -> 0.0005 | S14: =IF($P14="FULL FEED",Q14,Q14*2) -> 0 | T14: =IF($P14="FULL FEED",R14,R14*2) -> 0 | U14: =IF(P14="FULL FEED",(Q14*G14/1000),(Q14*2*G14/1000)) -> 0 | V14: =IF(P14="FULL FEED",(R14*H14/1000),(R14*2*H14/1000)) -> 0 | AE14: =SUM(Z14,AA14,AB14,AC14) -> 0 | AF14: =Y14-AE14 -> 0 | AG14: =IFERROR(Y14/H13,0) -> 0 | AH14: =IFERROR(Z14/$Y14,0) -> 0 | AI14: =IFERROR(AA14/$Y14,0) -> 0 | AJ14: =IFERROR(AB14/$Y14,0) -> 0 | AK14: =IFERROR(AC14/$Y14,0) -> 0 | AL14: =IFERROR(AE14/Y14,0) -> 0 | AM14: =IFERROR(AF14/Y14,0) -> 0 | AU14: =IF(OR(AT14="",AR14=""),"", (AT14-AR14)/100*1000) | AV14: =IF(OR(AR15="",OFFSET(AR15,-1,0)=""),"", (AR15-OFFSET(AR15,-1,0))/100*1000) | AW14: =IFERROR(IF(OR(AR14="",AT14="",K14="",L14=""),"", ((AT14-AR14)/100*1000)/(U14+V14)),0) | AX14: =IF(OR(AR14="",AR15="",M14="",N14=""),"", ((AR15-AR14)/100*1000)/((G14+H14))*1000) | BA14: =IF(OR(AY14="",AZ14=""),"",MOD(AZ14-AY14,1)*24) | BD14: =IF(OR(BB14="",BC14=""),"",MOD(BC14-BB14,1)*24)
A15: =A14+0.1 -> 1.5 | B15: =B14+1 -> 5 | G15: =G14-E15-C15 -> 0 | H15: =H14-F15-D15 -> 0 | I15: =IFERROR(C15/G14,0) -> 0 | J15: =IFERROR(E15/G14,0) -> 0 | K15: =IFERROR(D15/H14,0) -> 0 | L15: =IFERROR(F15/H14,0) -> 0 | M15: =IF(ROW()=11, IF($B$4>0,E15/$B$4,""), IF($B$4>0, (OFFSET(M15,-1,0)*$B$4 + E15)/$B$4, "") ) | N15: =IF(ROW()=11, IF($B$4>0,F15/$B$4,""), IF($B$4>0, (OFFSET(N15,-1,0)*$B$4 + F15)/$B$4, "") ) | O15: =$O$10 -> 0.0005 | S15: =IF($P15="FULL FEED",Q15,Q15*2) -> 0 | T15: =IF($P15="FULL FEED",R15,R15*2) -> 0 | U15: =IF(P15="FULL FEED",(Q15*G15/1000),(Q15*2*G15/1000)) -> 0 | V15: =IF(P15="FULL FEED",(R15*H15/1000),(R15*2*H15/1000)) -> 0 | AE15: =SUM(Z15,AA15,AB15,AC15) -> 0 | AF15: =Y15-AE15 -> 0 | AG15: =IFERROR(Y15/H14,0) -> 0 | AH15: =IFERROR(Z15/$Y15,0) -> 0 | AI15: =IFERROR(AA15/$Y15,0) -> 0 | AJ15: =IFERROR(AB15/$Y15,0) -> 0 | AK15: =IFERROR(AC15/$Y15,0) -> 0 | AL15: =IFERROR(AE15/Y15,0) -> 0 | AM15: =IFERROR(AF15/Y15,0) -> 0 | AU15: =IF(OR(AT15="",AR15=""),"", (AT15-AR15)/100*1000) | AV15: =IF(OR(AR16="",OFFSET(AR16,-1,0)=""),"", (AR16-OFFSET(AR16,-1,0))/100*1000) | AW15: =IFERROR(IF(OR(AR15="",AT15="",K15="",L15=""),"", ((AT15-AR15)/100*1000)/(U15+V15)),0) | AX15: =IF(OR(AR15="",AR16="",M15="",N15=""),"", ((AR16-AR15)/100*1000)/((G15+H15))*1000) | BA15: =IF(OR(AY15="",AZ15=""),"",MOD(AZ15-AY15,1)*24) | BD15: =IF(OR(BB15="",BC15=""),"",MOD(BC15-BB15,1)*24)
A16: =A15+0.1 -> 1.6 | B16: =B15+1 -> 6 | G16: =G15-E16-C16 -> 0 | H16: =H15-F16-D16 -> 0 | I16: =IFERROR(C16/G15,0) -> 0 | J16: =IFERROR(E16/G15,0) -> 0 | K16: =IFERROR(D16/H15,0) -> 0 | L16: =IFERROR(F16/H15,0) -> 0 | M16: =IF(ROW()=11, IF($B$4>0,E16/$B$4,""), IF($B$4>0, (OFFSET(M16,-1,0)*$B$4 + E16)/$B$4, "") ) | N16: =IF(ROW()=11, IF($B$4>0,F16/$B$4,""), IF($B$4>0, (OFFSET(N16,-1,0)*$B$4 + F16)/$B$4, "") ) | O16: =$O$10 -> 0.0005 | S16: =IF($P16="FULL FEED",Q16,Q16*2) -> 0 | T16: =IF($P16="FULL FEED",R16,R16*2) -> 0 | U16: =IF(P16="FULL FEED",(Q16*G16/1000),(Q16*2*G16/1000)) -> 0 | V16: =IF(P16="FULL FEED",(R16*H16/1000),(R16*2*H16/1000)) -> 0 | AE16: =SUM(Z16,AA16,AB16,AC16) -> 0 | AF16: =Y16-AE16 -> 0 | AG16: =IFERROR(Y16/H15,0) -> 0 | AH16: =IFERROR(Z16/$Y16,0) -> 0 | AI16: =IFERROR(AA16/$Y16,0) -> 0 | AJ16: =IFERROR(AB16/$Y16,0) -> 0 | AK16: =IFERROR(AC16/$Y16,0) -> 0 | AL16: =IFERROR(AE16/Y16,0) -> 0 | AM16: =IFERROR(AF16/Y16,0) -> 0 | AU16: =IF(OR(AT16="",AR16=""),"", (AT16-AR16)/100*1000) | AV16: =IF(OR(AR17="",OFFSET(AR17,-1,0)=""),"", (AR17-OFFSET(AR17,-1,0))/100*1000) | AW16: =IFERROR(IF(OR(AR16="",AT16="",K16="",L16=""),"", ((AT16-AR16)/100*1000)/(U16+V16)),0) | AX16: =IF(OR(AR16="",AR17="",M16="",N16=""),"", ((AR17-AR16)/100*1000)/((G16+H16))*1000) | BA16: =IF(OR(AY16="",AZ16=""),"",MOD(AZ16-AY16,1)*24) | BD16: =IF(OR(BB16="",BC16=""),"",MOD(BC16-BB16,1)*24)
A17: =A16+0.1 -> 1.7 | B17: =B16+1 -> 7 | G17: =G16-E17-C17 -> 0 | H17: =H16-F17-D17 -> 0 | I17: =IFERROR(C17/G16,0) -> 0 | J17: =IFERROR(E17/G16,0) -> 0 | K17: =IFERROR(D17/H16,0) -> 0 | L17: =IFERROR(F17/H16,0) -> 0 | M17: =IF(ROW()=11, IF($B$4>0,E17/$B$4,""), IF($B$4>0, (OFFSET(M17,-1,0)*$B$4 + E17)/$B$4, "") ) | N17: =IF(ROW()=11, IF($B$4>0,F17/$B$4,""), IF($B$4>0, (OFFSET(N17,-1,0)*$B$4 + F17)/$B$4, "") ) | O17: =$O$10 -> 0.0005 | S17: =IF($P17="FULL FEED",Q17,Q17*2) -> 0 | T17: =IF($P17="FULL FEED",R17,R17*2) -> 0 | U17: =IF(P17="FULL FEED",(Q17*G17/1000),(Q17*2*G17/1000)) -> 0 | V17: =IF(P17="FULL FEED",(R17*H17/1000),(R17*2*H17/1000)) -> 0 | AE17: =SUM(Z17,AA17,AB17,AC17) -> 0 | AF17: =Y17-AE17 -> 0 | AG17: =IFERROR(Y17/H16,0) -> 0 | AH17: =IFERROR(Z17/$Y17,0) -> 0 | AI17: =IFERROR(AA17/$Y17,0) -> 0 | AJ17: =IFERROR(AB17/$Y17,0) -> 0 | AK17: =IFERROR(AC17/$Y17,0) -> 0 | AL17: =IFERROR(AE17/Y17,0) -> 0 | AM17: =IFERROR(AF17/Y17,0) -> 0 | AU17: =IF(OR(AT17="",AR17=""),"", (AT17-AR17)/100*1000) | AV17: =IF(OR(AR18="",OFFSET(AR18,-1,0)=""),"", (AR18-OFFSET(AR18,-1,0))/100*1000) | AW17: =IFERROR(IF(OR(AR17="",AT17="",K17="",L17=""),"", ((AT17-AR17)/100*1000)/(U17+V17)),0) | AX17: =IF(OR(AR17="",AR18="",M17="",N17=""),"", ((AR18-AR17)/100*1000)/((G17+H17))*1000) | BA17: =IF(OR(AY17="",AZ17=""),"",MOD(AZ17-AY17,1)*24) | BD17: =IF(OR(BB17="",BC17=""),"",MOD(BC17-BB17,1)*24)
A18: =A11+1 -> 2.1 | B18: =B17+1 -> 8 | G18: =G17-E18-C18 -> 0 | H18: =H17-F18-D18 -> 0 | I18: =IFERROR(C18/G17,0) -> 0 | J18: =IFERROR(E18/G17,0) -> 0 | K18: =IFERROR(D18/H17,0) -> 0 | L18: =IFERROR(F18/H17,0) -> 0 | M18: =IF(ROW()=11, IF($B$4>0,E18/$B$4,""), IF($B$4>0, (OFFSET(M18,-1,0)*$B$4 + E18)/$B$4, "") ) | N18: =IF(ROW()=11, IF($B$4>0,F18/$B$4,""), IF($B$4>0, (OFFSET(N18,-1,0)*$B$4 + F18)/$B$4, "") ) | O18: =$O$10 -> 0.0005 | S18: =IF($P18="FULL FEED",Q18,Q18*2) -> 0 | T18: =IF($P18="FULL FEED",R18,R18*2) -> 0 | U18: =IF(P18="FULL FEED",(Q18*G18/1000),(Q18*2*G18/1000)) -> 0 | V18: =IF(P18="FULL FEED",(R18*H18/1000),(R18*2*H18/1000)) -> 0 | W18: 33 | X18: 20 | AE18: =SUM(Z18,AA18,AB18,AC18) -> 0 | AF18: =Y18-AE18 -> 0 | AG18: =IFERROR(Y18/H17,0) -> 0 | AH18: =IFERROR(Z18/$Y18,0) -> 0 | AI18: =IFERROR(AA18/$Y18,0) -> 0 | AJ18: =IFERROR(AB18/$Y18,0) -> 0 | AK18: =IFERROR(AC18/$Y18,0) -> 0 | AL18: =IFERROR(AE18/Y18,0) -> 0 | AM18: =IFERROR(AF18/Y18,0) -> 0 | AU18: =IF(OR(AT18="",AR18=""),"", (AT18-AR18)/100*1000) | AV18: =IF(OR(AR19="",OFFSET(AR19,-1,0)=""),"", (AR19-OFFSET(AR19,-1,0))/100*1000) | AW18: =IFERROR(IF(OR(AR18="",AT18="",K18="",L18=""),"", ((AT18-AR18)/100*1000)/(U18+V18)),0) | AX18: =IF(OR(AR18="",AR19="",M18="",N18=""),"", ((AR19-AR18)/100*1000)/((G18+H18))*1000) | BA18: =IF(OR(AY18="",AZ18=""),"",MOD(AZ18-AY18,1)*24) | BD18: =IF(OR(BB18="",BC18=""),"",MOD(BC18-BB18,1)*24)
A19: =A12+1 -> 2.2 | B19: =B18+1 -> 9 | G19: =G18-E19-C19 -> 0 | H19: =H18-F19-D19 -> 0 | I19: =IFERROR(C19/G18,0) -> 0 | J19: =IFERROR(E19/G18,0) -> 0 | K19: =IFERROR(D19/H18,0) -> 0 | L19: =IFERROR(F19/H18,0) -> 0 | M19: =IF(ROW()=11, IF($B$4>0,E19/$B$4,""), IF($B$4>0, (OFFSET(M19,-1,0)*$B$4 + E19)/$B$4, "") ) | N19: =IF(ROW()=11, IF($B$4>0,F19/$B$4,""), IF($B$4>0, (OFFSET(N19,-1,0)*$B$4 + F19)/$B$4, "") ) | O19: =$O$10 -> 0.0005 | S19: =IF($P19="FULL FEED",Q19,Q19*2) -> 0 | T19: =IF($P19="FULL FEED",R19,R19*2) -> 0 | U19: =IF(P19="FULL FEED",(Q19*G19/1000),(Q19*2*G19/1000)) -> 0 | V19: =IF(P19="FULL FEED",(R19*H19/1000),(R19*2*H19/1000)) -> 0 | W19: =W18 -> 33 | X19: =X18 -> 20 | AE19: =SUM(Z19,AA19,AB19,AC19) -> 0 | AF19: =Y19-AE19 -> 0 | AG19: =IFERROR(Y19/H18,0) -> 0 | AH19: =IFERROR(Z19/$Y19,0) -> 0 | AI19: =IFERROR(AA19/$Y19,0) -> 0 | AJ19: =IFERROR(AB19/$Y19,0) -> 0 | AK19: =IFERROR(AC19/$Y19,0) -> 0 | AL19: =IFERROR(AE19/Y19,0) -> 0 | AM19: =IFERROR(AF19/Y19,0) -> 0 | AU19: =IF(OR(AT19="",AR19=""),"", (AT19-AR19)/100*1000) | AV19: =IF(OR(AR20="",OFFSET(AR20,-1,0)=""),"", (AR20-OFFSET(AR20,-1,0))/100*1000) | AW19: =IFERROR(IF(OR(AR19="",AT19="",K19="",L19=""),"", ((AT19-AR19)/100*1000)/(U19+V19)),0) | AX19: =IF(OR(AR19="",AR20="",M19="",N19=""),"", ((AR20-AR19)/100*1000)/((G19+H19))*1000) | BA19: =IF(OR(AY19="",AZ19=""),"",MOD(AZ19-AY19,1)*24) | BD19: =IF(OR(BB19="",BC19=""),"",MOD(BC19-BB19,1)*24)
A20: =A13+1 -> 2.3 | B20: =B19+1 -> 10 | G20: =G19-E20-C20 -> 0 | H20: =H19-F20-D20 -> 0 | I20: =IFERROR(C20/G19,0) -> 0 | J20: =IFERROR(E20/G19,0) -> 0 | K20: =IFERROR(D20/H19,0) -> 0 | L20: =IFERROR(F20/H19,0) -> 0 | M20: =IF(ROW()=11, IF($B$4>0,E20/$B$4,""), IF($B$4>0, (OFFSET(M20,-1,0)*$B$4 + E20)/$B$4, "") ) | N20: =IF(ROW()=11, IF($B$4>0,F20/$B$4,""), IF($B$4>0, (OFFSET(N20,-1,0)*$B$4 + F20)/$B$4, "") ) | O20: =$O$10 -> 0.0005 | S20: =IF($P20="FULL FEED",Q20,Q20*2) -> 0 | T20: =IF($P20="FULL FEED",R20,R20*2) -> 0 | U20: =IF(P20="FULL FEED",(Q20*G20/1000),(Q20*2*G20/1000)) -> 0 | V20: =IF(P20="FULL FEED",(R20*H20/1000),(R20*2*H20/1000)) -> 0 | W20: =W19 -> 33 | X20: =X19 -> 20 | AE20: =SUM(Z20,AA20,AB20,AC20) -> 0 | AF20: =Y20-AE20 -> 0 | AG20: =IFERROR(Y20/H19,0) -> 0 | AH20: =IFERROR(Z20/$Y20,0) -> 0 | AI20: =IFERROR(AA20/$Y20,0) -> 0 | AJ20: =IFERROR(AB20/$Y20,0) -> 0 | AK20: =IFERROR(AC20/$Y20,0) -> 0 | AL20: =IFERROR(AE20/Y20,0) -> 0 | AM20: =IFERROR(AF20/Y20,0) -> 0 | AU20: =IF(OR(AT20="",AR20=""),"", (AT20-AR20)/100*1000) | AV20: =IF(OR(AR21="",OFFSET(AR21,-1,0)=""),"", (AR21-OFFSET(AR21,-1,0))/100*1000) | AW20: =IFERROR(IF(OR(AR20="",AT20="",K20="",L20=""),"", ((AT20-AR20)/100*1000)/(U20+V20)),0) | AX20: =IF(OR(AR20="",AR21="",M20="",N20=""),"", ((AR21-AR20)/100*1000)/((G20+H20))*1000) | BA20: =IF(OR(AY20="",AZ20=""),"",MOD(AZ20-AY20,1)*24) | BD20: =IF(OR(BB20="",BC20=""),"",MOD(BC20-BB20,1)*24)
A21: =A14+1 -> 2.4 | B21: =B20+1 -> 11 | G21: =G20-E21-C21 -> 0 | H21: =H20-F21-D21 -> 0 | I21: =IFERROR(C21/G20,0) -> 0 | J21: =IFERROR(E21/G20,0) -> 0 | K21: =IFERROR(D21/H20,0) -> 0 | L21: =IFERROR(F21/H20,0) -> 0 | M21: =IF(ROW()=11, IF($B$4>0,E21/$B$4,""), IF($B$4>0, (OFFSET(M21,-1,0)*$B$4 + E21)/$B$4, "") ) | N21: =IF(ROW()=11, IF($B$4>0,F21/$B$4,""), IF($B$4>0, (OFFSET(N21,-1,0)*$B$4 + F21)/$B$4, "") ) | O21: =$O$10 -> 0.0005 | S21: =IF($P21="FULL FEED",Q21,Q21*2) -> 0 | T21: =IF($P21="FULL FEED",R21,R21*2) -> 0 | U21: =IF(P21="FULL FEED",(Q21*G21/1000),(Q21*2*G21/1000)) -> 0 | V21: =IF(P21="FULL FEED",(R21*H21/1000),(R21*2*H21/1000)) -> 0 | W21: =W20 -> 33 | X21: =X20 -> 20 | AE21: =SUM(Z21,AA21,AB21,AC21) -> 0 | AF21: =Y21-AE21 -> 0 | AG21: =IFERROR(Y21/H20,0) -> 0 | AH21: =IFERROR(Z21/$Y21,0) -> 0 | AI21: =IFERROR(AA21/$Y21,0) -> 0 | AJ21: =IFERROR(AB21/$Y21,0) -> 0 | AK21: =IFERROR(AC21/$Y21,0) -> 0 | AL21: =IFERROR(AE21/Y21,0) -> 0 | AM21: =IFERROR(AF21/Y21,0) -> 0 | AU21: =IF(OR(AT21="",AR21=""),"", (AT21-AR21)/100*1000) | AV21: =IF(OR(AR22="",OFFSET(AR22,-1,0)=""),"", (AR22-OFFSET(AR22,-1,0))/100*1000) | AW21: =IFERROR(IF(OR(AR21="",AT21="",K21="",L21=""),"", ((AT21-AR21)/100*1000)/(U21+V21)),0) | AX21: =IF(OR(AR21="",AR22="",M21="",N21=""),"", ((AR22-AR21)/100*1000)/((G21+H21))*1000) | BA21: =IF(OR(AY21="",AZ21=""),"",MOD(AZ21-AY21,1)*24) | BD21: =IF(OR(BB21="",BC21=""),"",MOD(BC21-BB21,1)*24)
A22: =A15+1 -> 2.5 | B22: =B21+1 -> 12 | G22: =G21-E22-C22 -> 0 | H22: =H21-F22-D22 -> 0 | I22: =IFERROR(C22/G21,0) -> 0 | J22: =IFERROR(E22/G21,0) -> 0 | K22: =IFERROR(D22/H21,0) -> 0 | L22: =IFERROR(F22/H21,0) -> 0 | M22: =IF(ROW()=11, IF($B$4>0,E22/$B$4,""), IF($B$4>0, (OFFSET(M22,-1,0)*$B$4 + E22)/$B$4, "") ) | N22: =IF(ROW()=11, IF($B$4>0,F22/$B$4,""), IF($B$4>0, (OFFSET(N22,-1,0)*$B$4 + F22)/$B$4, "") ) | O22: =$O$10 -> 0.0005 | S22: =IF($P22="FULL FEED",Q22,Q22*2) -> 0 | T22: =IF($P22="FULL FEED",R22,R22*2) -> 0 | U22: =IF(P22="FULL FEED",(Q22*G22/1000),(Q22*2*G22/1000)) -> 0 | V22: =IF(P22="FULL FEED",(R22*H22/1000),(R22*2*H22/1000)) -> 0 | W22: =W21 -> 33 | X22: =X21 -> 20 | AE22: =SUM(Z22,AA22,AB22,AC22) -> 0 | AF22: =Y22-AE22 -> 0 | AG22: =IFERROR(Y22/H21,0) -> 0 | AH22: =IFERROR(Z22/$Y22,0) -> 0 | AI22: =IFERROR(AA22/$Y22,0) -> 0 | AJ22: =IFERROR(AB22/$Y22,0) -> 0 | AK22: =IFERROR(AC22/$Y22,0) -> 0 | AL22: =IFERROR(AE22/Y22,0) -> 0 | AM22: =IFERROR(AF22/Y22,0) -> 0 | AU22: =IF(OR(AT22="",AR22=""),"", (AT22-AR22)/100*1000) | AV22: =IF(OR(AR23="",OFFSET(AR23,-1,0)=""),"", (AR23-OFFSET(AR23,-1,0))/100*1000) | AW22: =IFERROR(IF(OR(AR22="",AT22="",K22="",L22=""),"", ((AT22-AR22)/100*1000)/(U22+V22)),0) | AX22: =IF(OR(AR22="",AR23="",M22="",N22=""),"", ((AR23-AR22)/100*1000)/((G22+H22))*1000) | BA22: =IF(OR(AY22="",AZ22=""),"",MOD(AZ22-AY22,1)*24) | BD22: =IF(OR(BB22="",BC22=""),"",MOD(BC22-BB22,1)*24)
A23: =A16+1 -> 2.6 | B23: =B22+1 -> 13 | G23: =G22-E23-C23 -> 0 | H23: =H22-F23-D23 -> 0 | I23: =IFERROR(C23/G22,0) -> 0 | J23: =IFERROR(E23/G22,0) -> 0 | K23: =IFERROR(D23/H22,0) -> 0 | L23: =IFERROR(F23/H22,0) -> 0 | M23: =IF(ROW()=11, IF($B$4>0,E23/$B$4,""), IF($B$4>0, (OFFSET(M23,-1,0)*$B$4 + E23)/$B$4, "") ) | N23: =IF(ROW()=11, IF($B$4>0,F23/$B$4,""), IF($B$4>0, (OFFSET(N23,-1,0)*$B$4 + F23)/$B$4, "") ) | O23: =$O$10 -> 0.0005 | S23: =IF($P23="FULL FEED",Q23,Q23*2) -> 0 | T23: =IF($P23="FULL FEED",R23,R23*2) -> 0 | U23: =IF(P23="FULL FEED",(Q23*G23/1000),(Q23*2*G23/1000)) -> 0 | V23: =IF(P23="FULL FEED",(R23*H23/1000),(R23*2*H23/1000)) -> 0 | W23: =W22 -> 33 | X23: =X22 -> 20 | AE23: =SUM(Z23,AA23,AB23,AC23) -> 0 | AF23: =Y23-AE23 -> 0 | AG23: =IFERROR(Y23/H22,0) -> 0 | AH23: =IFERROR(Z23/$Y23,0) -> 0 | AI23: =IFERROR(AA23/$Y23,0) -> 0 | AJ23: =IFERROR(AB23/$Y23,0) -> 0 | AK23: =IFERROR(AC23/$Y23,0) -> 0 | AL23: =IFERROR(AE23/Y23,0) -> 0 | AM23: =IFERROR(AF23/Y23,0) -> 0 | AU23: =IF(OR(AT23="",AR23=""),"", (AT23-AR23)/100*1000) | AV23: =IF(OR(AR24="",OFFSET(AR24,-1,0)=""),"", (AR24-OFFSET(AR24,-1,0))/100*1000) | AW23: =IFERROR(IF(OR(AR23="",AT23="",K23="",L23=""),"", ((AT23-AR23)/100*1000)/(U23+V23)),0) | AX23: =IF(OR(AR23="",AR24="",M23="",N23=""),"", ((AR24-AR23)/100*1000)/((G23+H23))*1000) | BA23: =IF(OR(AY23="",AZ23=""),"",MOD(AZ23-AY23,1)*24) | BD23: =IF(OR(BB23="",BC23=""),"",MOD(BC23-BB23,1)*24)
A24: =A17+1 -> 2.7 | B24: =B23+1 -> 14 | G24: =G23-E24-C24 -> 0 | H24: =H23-F24-D24 -> 0 | I24: =IFERROR(C24/G23,0) -> 0 | J24: =IFERROR(E24/G23,0) -> 0 | K24: =IFERROR(D24/H23,0) -> 0 | L24: =IFERROR(F24/H23,0) -> 0 | M24: =IF(ROW()=11, IF($B$4>0,E24/$B$4,""), IF($B$4>0, (OFFSET(M24,-1,0)*$B$4 + E24)/$B$4, "") ) | N24: =IF(ROW()=11, IF($B$4>0,F24/$B$4,""), IF($B$4>0, (OFFSET(N24,-1,0)*$B$4 + F24)/$B$4, "") ) | O24: =$O$10 -> 0.0005 | S24: =IF($P24="FULL FEED",Q24,Q24*2) -> 0 | T24: =IF($P24="FULL FEED",R24,R24*2) -> 0 | U24: =IF(P24="FULL FEED",(Q24*G24/1000),(Q24*2*G24/1000)) -> 0 | V24: =IF(P24="FULL FEED",(R24*H24/1000),(R24*2*H24/1000)) -> 0 | W24: =W23 -> 33 | X24: =X23 -> 20 | AE24: =SUM(Z24,AA24,AB24,AC24) -> 0 | AF24: =Y24-AE24 -> 0 | AG24: =IFERROR(Y24/H23,0) -> 0 | AH24: =IFERROR(Z24/$Y24,0) -> 0 | AI24: =IFERROR(AA24/$Y24,0) -> 0 | AJ24: =IFERROR(AB24/$Y24,0) -> 0 | AK24: =IFERROR(AC24/$Y24,0) -> 0 | AL24: =IFERROR(AE24/Y24,0) -> 0 | AM24: =IFERROR(AF24/Y24,0) -> 0 | AU24: =IF(OR(AT24="",AR24=""),"", (AT24-AR24)/100*1000) | AV24: =IF(OR(AR25="",OFFSET(AR25,-1,0)=""),"", (AR25-OFFSET(AR25,-1,0))/100*1000) | AW24: =IFERROR(IF(OR(AR24="",AT24="",K24="",L24=""),"", ((AT24-AR24)/100*1000)/(U24+V24)),0) | AX24: =IF(OR(AR24="",AR25="",M24="",N24=""),"", ((AR25-AR24)/100*1000)/((G24+H24))*1000) | BA24: =IF(OR(AY24="",AZ24=""),"",MOD(AZ24-AY24,1)*24) | BD24: =IF(OR(BB24="",BC24=""),"",MOD(BC24-BB24,1)*24)
A25: =A18+1 -> 3.1 | B25: =B24+1 -> 15 | G25: =G24-E25-C25 -> 0 | H25: =H24-F25-D25 -> 0 | I25: =IFERROR(C25/G24,0) -> 0 | J25: =IFERROR(E25/G24,0) -> 0 | K25: =IFERROR(D25/H24,0) -> 0 | L25: =IFERROR(F25/H24,0) -> 0 | M25: =IF(ROW()=11, IF($B$4>0,E25/$B$4,""), IF($B$4>0, (OFFSET(M25,-1,0)*$B$4 + E25)/$B$4, "") ) | N25: =IF(ROW()=11, IF($B$4>0,F25/$B$4,""), IF($B$4>0, (OFFSET(N25,-1,0)*$B$4 + F25)/$B$4, "") ) | O25: =$O$10 -> 0.0005 | S25: =IF($P25="FULL FEED",Q25,Q25*2) -> 0 | T25: =IF($P25="FULL FEED",R25,R25*2) -> 0 | U25: =IF(P25="FULL FEED",(Q25*G25/1000),(Q25*2*G25/1000)) -> 0 | V25: =IF(P25="FULL FEED",(R25*H25/1000),(R25*2*H25/1000)) -> 0 | W25: 42 | X25: 26 | AE25: =SUM(Z25,AA25,AB25,AC25) -> 0 | AF25: =Y25-AE25 -> 0 | AG25: =IFERROR(Y25/H24,0) -> 0 | AH25: =IFERROR(Z25/$Y25,0) -> 0 | AI25: =IFERROR(AA25/$Y25,0) -> 0 | AJ25: =IFERROR(AB25/$Y25,0) -> 0 | AK25: =IFERROR(AC25/$Y25,0) -> 0 | AL25: =IFERROR(AE25/Y25,0) -> 0 | AM25: =IFERROR(AF25/Y25,0) -> 0 | AU25: =IF(OR(AT25="",AR25=""),"", (AT25-AR25)/100*1000) | AV25: =IF(OR(AR26="",OFFSET(AR26,-1,0)=""),"", (AR26-OFFSET(AR26,-1,0))/100*1000) | AW25: =IFERROR(IF(OR(AR25="",AT25="",K25="",L25=""),"", ((AT25-AR25)/100*1000)/(U25+V25)),0) | AX25: =IF(OR(AR25="",AR26="",M25="",N25=""),"", ((AR26-AR25)/100*1000)/((G25+H25))*1000) | BA25: =IF(OR(AY25="",AZ25=""),"",MOD(AZ25-AY25,1)*24) | BD25: =IF(OR(BB25="",BC25=""),"",MOD(BC25-BB25,1)*24)
A26: =A19+1 -> 3.2 | B26: =B25+1 -> 16 | G26: =G25-E26-C26 -> 0 | H26: =H25-F26-D26 -> 0 | I26: =IFERROR(C26/G25,0) -> 0 | J26: =IFERROR(E26/G25,0) -> 0 | K26: =IFERROR(D26/H25,0) -> 0 | L26: =IFERROR(F26/H25,0) -> 0 | M26: =IF(ROW()=11, IF($B$4>0,E26/$B$4,""), IF($B$4>0, (OFFSET(M26,-1,0)*$B$4 + E26)/$B$4, "") ) | N26: =IF(ROW()=11, IF($B$4>0,F26/$B$4,""), IF($B$4>0, (OFFSET(N26,-1,0)*$B$4 + F26)/$B$4, "") ) | O26: =$O$10 -> 0.0005 | S26: =IF($P26="FULL FEED",Q26,Q26*2) -> 0 | T26: =IF($P26="FULL FEED",R26,R26*2) -> 0 | U26: =IF(P26="FULL FEED",(Q26*G26/1000),(Q26*2*G26/1000)) -> 0 | V26: =IF(P26="FULL FEED",(R26*H26/1000),(R26*2*H26/1000)) -> 0 | W26: =W25 -> 42 | X26: =X25 -> 26 | AE26: =SUM(Z26,AA26,AB26,AC26) -> 0 | AF26: =Y26-AE26 -> 0 | AG26: =IFERROR(Y26/H25,0) -> 0 | AH26: =IFERROR(Z26/$Y26,0) -> 0 | AI26: =IFERROR(AA26/$Y26,0) -> 0 | AJ26: =IFERROR(AB26/$Y26,0) -> 0 | AK26: =IFERROR(AC26/$Y26,0) -> 0 | AL26: =IFERROR(AE26/Y26,0) -> 0 | AM26: =IFERROR(AF26/Y26,0) -> 0 | AU26: =IF(OR(AT26="",AR26=""),"", (AT26-AR26)/100*1000) | AV26: =IF(OR(AR27="",OFFSET(AR27,-1,0)=""),"", (AR27-OFFSET(AR27,-1,0))/100*1000) | AW26: =IFERROR(IF(OR(AR26="",AT26="",K26="",L26=""),"", ((AT26-AR26)/100*1000)/(U26+V26)),0) | AX26: =IF(OR(AR26="",AR27="",M26="",N26=""),"", ((AR27-AR26)/100*1000)/((G26+H26))*1000) | BA26: =IF(OR(AY26="",AZ26=""),"",MOD(AZ26-AY26,1)*24) | BD26: =IF(OR(BB26="",BC26=""),"",MOD(BC26-BB26,1)*24)
A27: =A20+1 -> 3.3 | B27: =B26+1 -> 17 | G27: =G26-E27-C27 -> 0 | H27: =H26-F27-D27 -> 0 | I27: =IFERROR(C27/G26,0) -> 0 | J27: =IFERROR(E27/G26,0) -> 0 | K27: =IFERROR(D27/H26,0) -> 0 | L27: =IFERROR(F27/H26,0) -> 0 | M27: =IF(ROW()=11, IF($B$4>0,E27/$B$4,""), IF($B$4>0, (OFFSET(M27,-1,0)*$B$4 + E27)/$B$4, "") ) | N27: =IF(ROW()=11, IF($B$4>0,F27/$B$4,""), IF($B$4>0, (OFFSET(N27,-1,0)*$B$4 + F27)/$B$4, "") ) | O27: =$O$10 -> 0.0005 | S27: =IF($P27="FULL FEED",Q27,Q27*2) -> 0 | T27: =IF($P27="FULL FEED",R27,R27*2) -> 0 | U27: =IF(P27="FULL FEED",(Q27*G27/1000),(Q27*2*G27/1000)) -> 0 | V27: =IF(P27="FULL FEED",(R27*H27/1000),(R27*2*H27/1000)) -> 0 | W27: =W26 -> 42 | X27: =X26 -> 26 | AE27: =SUM(Z27,AA27,AB27,AC27) -> 0 | AF27: =Y27-AE27 -> 0 | AG27: =IFERROR(Y27/H26,0) -> 0 | AH27: =IFERROR(Z27/$Y27,0) -> 0 | AI27: =IFERROR(AA27/$Y27,0) -> 0 | AJ27: =IFERROR(AB27/$Y27,0) -> 0 | AK27: =IFERROR(AC27/$Y27,0) -> 0 | AL27: =IFERROR(AE27/Y27,0) -> 0 | AM27: =IFERROR(AF27/Y27,0) -> 0 | AU27: =IF(OR(AT27="",AR27=""),"", (AT27-AR27)/100*1000) | AV27: =IF(OR(AR28="",OFFSET(AR28,-1,0)=""),"", (AR28-OFFSET(AR28,-1,0))/100*1000) | AW27: =IFERROR(IF(OR(AR27="",AT27="",K27="",L27=""),"", ((AT27-AR27)/100*1000)/(U27+V27)),0) | AX27: =IF(OR(AR27="",AR28="",M27="",N27=""),"", ((AR28-AR27)/100*1000)/((G27+H27))*1000) | BA27: =IF(OR(AY27="",AZ27=""),"",MOD(AZ27-AY27,1)*24) | BD27: =IF(OR(BB27="",BC27=""),"",MOD(BC27-BB27,1)*24)
A28: =A21+1 -> 3.4 | B28: =B27+1 -> 18 | G28: =G27-E28-C28 -> 0 | H28: =H27-F28-D28 -> 0 | I28: =IFERROR(C28/G27,0) -> 0 | J28: =IFERROR(E28/G27,0) -> 0 | K28: =IFERROR(D28/H27,0) -> 0 | L28: =IFERROR(F28/H27,0) -> 0 | M28: =IF(ROW()=11, IF($B$4>0,E28/$B$4,""), IF($B$4>0, (OFFSET(M28,-1,0)*$B$4 + E28)/$B$4, "") ) | N28: =IF(ROW()=11, IF($B$4>0,F28/$B$4,""), IF($B$4>0, (OFFSET(N28,-1,0)*$B$4 + F28)/$B$4, "") ) | O28: =$O$10 -> 0.0005 | S28: =IF($P28="FULL FEED",Q28,Q28*2) -> 0 | T28: =IF($P28="FULL FEED",R28,R28*2) -> 0 | U28: =IF(P28="FULL FEED",(Q28*G28/1000),(Q28*2*G28/1000)) -> 0 | V28: =IF(P28="FULL FEED",(R28*H28/1000),(R28*2*H28/1000)) -> 0 | W28: =W27 -> 42 | X28: =X27 -> 26 | AE28: =SUM(Z28,AA28,AB28,AC28) -> 0 | AF28: =Y28-AE28 -> 0 | AG28: =IFERROR(Y28/H27,0) -> 0 | AH28: =IFERROR(Z28/$Y28,0) -> 0 | AI28: =IFERROR(AA28/$Y28,0) -> 0 | AJ28: =IFERROR(AB28/$Y28,0) -> 0 | AK28: =IFERROR(AC28/$Y28,0) -> 0 | AL28: =IFERROR(AE28/Y28,0) -> 0 | AM28: =IFERROR(AF28/Y28,0) -> 0 | AU28: =IF(OR(AT28="",AR28=""),"", (AT28-AR28)/100*1000) | AV28: =IF(OR(AR29="",OFFSET(AR29,-1,0)=""),"", (AR29-OFFSET(AR29,-1,0))/100*1000) | AW28: =IFERROR(IF(OR(AR28="",AT28="",K28="",L28=""),"", ((AT28-AR28)/100*1000)/(U28+V28)),0) | AX28: =IF(OR(AR28="",AR29="",M28="",N28=""),"", ((AR29-AR28)/100*1000)/((G28+H28))*1000) | BA28: =IF(OR(AY28="",AZ28=""),"",MOD(AZ28-AY28,1)*24) | BD28: =IF(OR(BB28="",BC28=""),"",MOD(BC28-BB28,1)*24)
A29: =A22+1 -> 3.5 | B29: =B28+1 -> 19 | G29: =G28-E29-C29 -> 0 | H29: =H28-F29-D29 -> 0 | I29: =IFERROR(C29/G28,0) -> 0 | J29: =IFERROR(E29/G28,0) -> 0 | K29: =IFERROR(D29/H28,0) -> 0 | L29: =IFERROR(F29/H28,0) -> 0 | M29: =IF(ROW()=11, IF($B$4>0,E29/$B$4,""), IF($B$4>0, (OFFSET(M29,-1,0)*$B$4 + E29)/$B$4, "") ) | N29: =IF(ROW()=11, IF($B$4>0,F29/$B$4,""), IF($B$4>0, (OFFSET(N29,-1,0)*$B$4 + F29)/$B$4, "") ) | O29: =$O$10 -> 0.0005 | S29: =IF($P29="FULL FEED",Q29,Q29*2) -> 0 | T29: =IF($P29="FULL FEED",R29,R29*2) -> 0 | U29: =IF(P29="FULL FEED",(Q29*G29/1000),(Q29*2*G29/1000)) -> 0 | V29: =IF(P29="FULL FEED",(R29*H29/1000),(R29*2*H29/1000)) -> 0 | W29: =W28 -> 42 | X29: =X28 -> 26 | AE29: =SUM(Z29,AA29,AB29,AC29) -> 0 | AF29: =Y29-AE29 -> 0 | AG29: =IFERROR(Y29/H28,0) -> 0 | AH29: =IFERROR(Z29/$Y29,0) -> 0 | AI29: =IFERROR(AA29/$Y29,0) -> 0 | AJ29: =IFERROR(AB29/$Y29,0) -> 0 | AK29: =IFERROR(AC29/$Y29,0) -> 0 | AL29: =IFERROR(AE29/Y29,0) -> 0 | AM29: =IFERROR(AF29/Y29,0) -> 0 | AU29: =IF(OR(AT29="",AR29=""),"", (AT29-AR29)/100*1000) | AV29: =IF(OR(AR30="",OFFSET(AR30,-1,0)=""),"", (AR30-OFFSET(AR30,-1,0))/100*1000) | AW29: =IFERROR(IF(OR(AR29="",AT29="",K29="",L29=""),"", ((AT29-AR29)/100*1000)/(U29+V29)),0) | AX29: =IF(OR(AR29="",AR30="",M29="",N29=""),"", ((AR30-AR29)/100*1000)/((G29+H29))*1000) | BA29: =IF(OR(AY29="",AZ29=""),"",MOD(AZ29-AY29,1)*24) | BD29: =IF(OR(BB29="",BC29=""),"",MOD(BC29-BB29,1)*24)
A30: =A23+1 -> 3.6 | B30: =B29+1 -> 20 | G30: =G29-E30-C30 -> 0 | H30: =H29-F30-D30 -> 0 | I30: =IFERROR(C30/G29,0) -> 0 | J30: =IFERROR(E30/G29,0) -> 0 | K30: =IFERROR(D30/H29,0) -> 0 | L30: =IFERROR(F30/H29,0) -> 0 | M30: =IF(ROW()=11, IF($B$4>0,E30/$B$4,""), IF($B$4>0, (OFFSET(M30,-1,0)*$B$4 + E30)/$B$4, "") ) | N30: =IF(ROW()=11, IF($B$4>0,F30/$B$4,""), IF($B$4>0, (OFFSET(N30,-1,0)*$B$4 + F30)/$B$4, "") ) | O30: =$O$10 -> 0.0005 | S30: =IF($P30="FULL FEED",Q30,Q30*2) -> 0 | T30: =IF($P30="FULL FEED",R30,R30*2) -> 0 | U30: =IF(P30="FULL FEED",(Q30*G30/1000),(Q30*2*G30/1000)) -> 0 | V30: =IF(P30="FULL FEED",(R30*H30/1000),(R30*2*H30/1000)) -> 0 | W30: =W29 -> 42 | X30: =X29 -> 26 | AE30: =SUM(Z30,AA30,AB30,AC30) -> 0 | AF30: =Y30-AE30 -> 0 | AG30: =IFERROR(Y30/H29,0) -> 0 | AH30: =IFERROR(Z30/$Y30,0) -> 0 | AI30: =IFERROR(AA30/$Y30,0) -> 0 | AJ30: =IFERROR(AB30/$Y30,0) -> 0 | AK30: =IFERROR(AC30/$Y30,0) -> 0 | AL30: =IFERROR(AE30/Y30,0) -> 0 | AM30: =IFERROR(AF30/Y30,0) -> 0 | AU30: =IF(OR(AT30="",AR30=""),"", (AT30-AR30)/100*1000) | AV30: =IF(OR(AR31="",OFFSET(AR31,-1,0)=""),"", (AR31-OFFSET(AR31,-1,0))/100*1000) | AW30: =IFERROR(IF(OR(AR30="",AT30="",K30="",L30=""),"", ((AT30-AR30)/100*1000)/(U30+V30)),0) | AX30: =IF(OR(AR30="",AR31="",M30="",N30=""),"", ((AR31-AR30)/100*1000)/((G30+H30))*1000) | BA30: =IF(OR(AY30="",AZ30=""),"",MOD(AZ30-AY30,1)*24) | BD30: =IF(OR(BB30="",BC30=""),"",MOD(BC30-BB30,1)*24)
A31: =A24+1 -> 3.7 | B31: =B30+1 -> 21 | G31: =G30-E31-C31 -> 0 | H31: =H30-F31-D31 -> 0 | I31: =IFERROR(C31/G30,0) -> 0 | J31: =IFERROR(E31/G30,0) -> 0 | K31: =IFERROR(D31/H30,0) -> 0 | L31: =IFERROR(F31/H30,0) -> 0 | M31: =IF(ROW()=11, IF($B$4>0,E31/$B$4,""), IF($B$4>0, (OFFSET(M31,-1,0)*$B$4 + E31)/$B$4, "") ) | N31: =IF(ROW()=11, IF($B$4>0,F31/$B$4,""), IF($B$4>0, (OFFSET(N31,-1,0)*$B$4 + F31)/$B$4, "") ) | O31: =$O$10 -> 0.0005 | S31: =IF($P31="FULL FEED",Q31,Q31*2) -> 0 | T31: =IF($P31="FULL FEED",R31,R31*2) -> 0 | U31: =IF(P31="FULL FEED",(Q31*G31/1000),(Q31*2*G31/1000)) -> 0 | V31: =IF(P31="FULL FEED",(R31*H31/1000),(R31*2*H31/1000)) -> 0 | W31: =W30 -> 42 | X31: =X30 -> 26 | AE31: =SUM(Z31,AA31,AB31,AC31) -> 0 | AF31: =Y31-AE31 -> 0 | AG31: =IFERROR(Y31/H30,0) -> 0 | AH31: =IFERROR(Z31/$Y31,0) -> 0 | AI31: =IFERROR(AA31/$Y31,0) -> 0 | AJ31: =IFERROR(AB31/$Y31,0) -> 0 | AK31: =IFERROR(AC31/$Y31,0) -> 0 | AL31: =IFERROR(AE31/Y31,0) -> 0 | AM31: =IFERROR(AF31/Y31,0) -> 0 | AU31: =IF(OR(AT31="",AR31=""),"", (AT31-AR31)/100*1000) | AV31: =IF(OR(AR32="",OFFSET(AR32,-1,0)=""),"", (AR32-OFFSET(AR32,-1,0))/100*1000) | AW31: =IFERROR(IF(OR(AR31="",AT31="",K31="",L31=""),"", ((AT31-AR31)/100*1000)/(U31+V31)),0) | AX31: =IF(OR(AR31="",AR32="",M31="",N31=""),"", ((AR32-AR31)/100*1000)/((G31+H31))*1000) | BA31: =IF(OR(AY31="",AZ31=""),"",MOD(AZ31-AY31,1)*24) | BD31: =IF(OR(BB31="",BC31=""),"",MOD(BC31-BB31,1)*24)
A32: =A25+1 -> 4.1 | B32: =B31+1 -> 22 | G32: =G31-E32-C32 -> 0 | H32: =H31-F32-D32 -> 0 | I32: =IFERROR(C32/G31,0) -> 0 | J32: =IFERROR(E32/G31,0) -> 0 | K32: =IFERROR(D32/H31,0) -> 0 | L32: =IFERROR(F32/H31,0) -> 0 | M32: =IF(ROW()=11, IF($B$4>0,E32/$B$4,""), IF($B$4>0, (OFFSET(M32,-1,0)*$B$4 + E32)/$B$4, "") ) | N32: =IF(ROW()=11, IF($B$4>0,F32/$B$4,""), IF($B$4>0, (OFFSET(N32,-1,0)*$B$4 + F32)/$B$4, "") ) | O32: =$O$10 -> 0.0005 | S32: =IF($P32="FULL FEED",Q32,Q32*2) -> 0 | T32: =IF($P32="FULL FEED",R32,R32*2) -> 0 | U32: =IF(P32="FULL FEED",(Q32*G32/1000),(Q32*2*G32/1000)) -> 0 | V32: =IF(P32="FULL FEED",(R32*H32/1000),(R32*2*H32/1000)) -> 0 | W32: 49 | X32: 31 | AE32: =SUM(Z32,AA32,AB32,AC32) -> 0 | AF32: =Y32-AE32 -> 0 | AG32: =IFERROR(Y32/H31,0) -> 0 | AH32: =IFERROR(Z32/$Y32,0) -> 0 | AI32: =IFERROR(AA32/$Y32,0) -> 0 | AJ32: =IFERROR(AB32/$Y32,0) -> 0 | AK32: =IFERROR(AC32/$Y32,0) -> 0 | AL32: =IFERROR(AE32/Y32,0) -> 0 | AM32: =IFERROR(AF32/Y32,0) -> 0 | AU32: =IF(OR(AT32="",AR32=""),"", (AT32-AR32)/100*1000) | AV32: =IF(OR(AR33="",OFFSET(AR33,-1,0)=""),"", (AR33-OFFSET(AR33,-1,0))/100*1000) | AW32: =IFERROR(IF(OR(AR32="",AT32="",K32="",L32=""),"", ((AT32-AR32)/100*1000)/(U32+V32)),0) | AX32: =IF(OR(AR32="",AR33="",M32="",N32=""),"", ((AR33-AR32)/100*1000)/((G32+H32))*1000) | BA32: =IF(OR(AY32="",AZ32=""),"",MOD(AZ32-AY32,1)*24) | BD32: =IF(OR(BB32="",BC32=""),"",MOD(BC32-BB32,1)*24)
A33: =A26+1 -> 4.2 | B33: =B32+1 -> 23 | G33: =G32-E33-C33 -> 0 | H33: =H32-F33-D33 -> 0 | I33: =IFERROR(C33/G32,0) -> 0 | J33: =IFERROR(E33/G32,0) -> 0 | K33: =IFERROR(D33/H32,0) -> 0 | L33: =IFERROR(F33/H32,0) -> 0 | M33: =IF(ROW()=11, IF($B$4>0,E33/$B$4,""), IF($B$4>0, (OFFSET(M33,-1,0)*$B$4 + E33)/$B$4, "") ) | N33: =IF(ROW()=11, IF($B$4>0,F33/$B$4,""), IF($B$4>0, (OFFSET(N33,-1,0)*$B$4 + F33)/$B$4, "") ) | O33: =$O$10 -> 0.0005 | S33: =IF($P33="FULL FEED",Q33,Q33*2) -> 0 | T33: =IF($P33="FULL FEED",R33,R33*2) -> 0 | U33: =IF(P33="FULL FEED",(Q33*G33/1000),(Q33*2*G33/1000)) -> 0 | V33: =IF(P33="FULL FEED",(R33*H33/1000),(R33*2*H33/1000)) -> 0 | W33: =W32 -> 49 | X33: =X32 -> 31 | AE33: =SUM(Z33,AA33,AB33,AC33) -> 0 | AF33: =Y33-AE33 -> 0 | AG33: =IFERROR(Y33/H32,0) -> 0 | AH33: =IFERROR(Z33/$Y33,0) -> 0 | AI33: =IFERROR(AA33/$Y33,0) -> 0 | AJ33: =IFERROR(AB33/$Y33,0) -> 0 | AK33: =IFERROR(AC33/$Y33,0) -> 0 | AL33: =IFERROR(AE33/Y33,0) -> 0 | AM33: =IFERROR(AF33/Y33,0) -> 0 | AU33: =IF(OR(AT33="",AR33=""),"", (AT33-AR33)/100*1000) | AV33: =IF(OR(AR34="",OFFSET(AR34,-1,0)=""),"", (AR34-OFFSET(AR34,-1,0))/100*1000) | AW33: =IFERROR(IF(OR(AR33="",AT33="",K33="",L33=""),"", ((AT33-AR33)/100*1000)/(U33+V33)),0) | AX33: =IF(OR(AR33="",AR34="",M33="",N33=""),"", ((AR34-AR33)/100*1000)/((G33+H33))*1000) | BA33: =IF(OR(AY33="",AZ33=""),"",MOD(AZ33-AY33,1)*24) | BD33: =IF(OR(BB33="",BC33=""),"",MOD(BC33-BB33,1)*24)
A34: =A27+1 -> 4.3 | B34: =B33+1 -> 24 | G34: =G33-E34-C34 -> 0 | H34: =H33-F34-D34 -> 0 | I34: =IFERROR(C34/G33,0) -> 0 | J34: =IFERROR(E34/G33,0) -> 0 | K34: =IFERROR(D34/H33,0) -> 0 | L34: =IFERROR(F34/H33,0) -> 0 | M34: =IF(ROW()=11, IF($B$4>0,E34/$B$4,""), IF($B$4>0, (OFFSET(M34,-1,0)*$B$4 + E34)/$B$4, "") ) | N34: =IF(ROW()=11, IF($B$4>0,F34/$B$4,""), IF($B$4>0, (OFFSET(N34,-1,0)*$B$4 + F34)/$B$4, "") ) | O34: =$O$10 -> 0.0005 | S34: =IF($P34="FULL FEED",Q34,Q34*2) -> 0 | T34: =IF($P34="FULL FEED",R34,R34*2) -> 0 | U34: =IF(P34="FULL FEED",(Q34*G34/1000),(Q34*2*G34/1000)) -> 0 | V34: =IF(P34="FULL FEED",(R34*H34/1000),(R34*2*H34/1000)) -> 0 | W34: =W33 -> 49 | X34: =X33 -> 31 | AE34: =SUM(Z34,AA34,AB34,AC34) -> 0 | AF34: =Y34-AE34 -> 0 | AG34: =IFERROR(Y34/H33,0) -> 0 | AH34: =IFERROR(Z34/$Y34,0) -> 0 | AI34: =IFERROR(AA34/$Y34,0) -> 0 | AJ34: =IFERROR(AB34/$Y34,0) -> 0 | AK34: =IFERROR(AC34/$Y34,0) -> 0 | AL34: =IFERROR(AE34/Y34,0) -> 0 | AM34: =IFERROR(AF34/Y34,0) -> 0 | AU34: =IF(OR(AT34="",AR34=""),"", (AT34-AR34)/100*1000) | AV34: =IF(OR(AR35="",OFFSET(AR35,-1,0)=""),"", (AR35-OFFSET(AR35,-1,0))/100*1000) | AW34: =IFERROR(IF(OR(AR34="",AT34="",K34="",L34=""),"", ((AT34-AR34)/100*1000)/(U34+V34)),0) | AX34: =IF(OR(AR34="",AR35="",M34="",N34=""),"", ((AR35-AR34)/100*1000)/((G34+H34))*1000) | BA34: =IF(OR(AY34="",AZ34=""),"",MOD(AZ34-AY34,1)*24) | BD34: =IF(OR(BB34="",BC34=""),"",MOD(BC34-BB34,1)*24)
A35: =A28+1 -> 4.4 | B35: =B34+1 -> 25 | G35: =G34-E35-C35 -> 0 | H35: =H34-F35-D35 -> 0 | I35: =IFERROR(C35/G34,0) -> 0 | J35: =IFERROR(E35/G34,0) -> 0 | K35: =IFERROR(D35/H34,0) -> 0 | L35: =IFERROR(F35/H34,0) -> 0 | M35: =IF(ROW()=11, IF($B$4>0,E35/$B$4,""), IF($B$4>0, (OFFSET(M35,-1,0)*$B$4 + E35)/$B$4, "") ) | N35: =IF(ROW()=11, IF($B$4>0,F35/$B$4,""), IF($B$4>0, (OFFSET(N35,-1,0)*$B$4 + F35)/$B$4, "") ) | O35: =$O$10 -> 0.0005 | S35: =IF($P35="FULL FEED",Q35,Q35*2) -> 0 | T35: =IF($P35="FULL FEED",R35,R35*2) -> 0 | U35: =IF(P35="FULL FEED",(Q35*G35/1000),(Q35*2*G35/1000)) -> 0 | V35: =IF(P35="FULL FEED",(R35*H35/1000),(R35*2*H35/1000)) -> 0 | W35: =W34 -> 49 | X35: =X34 -> 31 | AE35: =SUM(Z35,AA35,AB35,AC35) -> 0 | AF35: =Y35-AE35 -> 0 | AG35: =IFERROR(Y35/H34,0) -> 0 | AH35: =IFERROR(Z35/$Y35,0) -> 0 | AI35: =IFERROR(AA35/$Y35,0) -> 0 | AJ35: =IFERROR(AB35/$Y35,0) -> 0 | AK35: =IFERROR(AC35/$Y35,0) -> 0 | AL35: =IFERROR(AE35/Y35,0) -> 0 | AM35: =IFERROR(AF35/Y35,0) -> 0 | AU35: =IF(OR(AT35="",AR35=""),"", (AT35-AR35)/100*1000) | AV35: =IF(OR(AR36="",OFFSET(AR36,-1,0)=""),"", (AR36-OFFSET(AR36,-1,0))/100*1000) | AW35: =IFERROR(IF(OR(AR35="",AT35="",K35="",L35=""),"", ((AT35-AR35)/100*1000)/(U35+V35)),0) | AX35: =IF(OR(AR35="",AR36="",M35="",N35=""),"", ((AR36-AR35)/100*1000)/((G35+H35))*1000) | BA35: =IF(OR(AY35="",AZ35=""),"",MOD(AZ35-AY35,1)*24) | BD35: =IF(OR(BB35="",BC35=""),"",MOD(BC35-BB35,1)*24)
A36: =A29+1 -> 4.5 | B36: =B35+1 -> 26 | G36: =G35-E36-C36 -> 0 | H36: =H35-F36-D36 -> 0 | I36: =IFERROR(C36/G35,0) -> 0 | J36: =IFERROR(E36/G35,0) -> 0 | K36: =IFERROR(D36/H35,0) -> 0 | L36: =IFERROR(F36/H35,0) -> 0 | M36: =IF(ROW()=11, IF($B$4>0,E36/$B$4,""), IF($B$4>0, (OFFSET(M36,-1,0)*$B$4 + E36)/$B$4, "") ) | N36: =IF(ROW()=11, IF($B$4>0,F36/$B$4,""), IF($B$4>0, (OFFSET(N36,-1,0)*$B$4 + F36)/$B$4, "") ) | O36: =$O$10 -> 0.0005 | S36: =IF($P36="FULL FEED",Q36,Q36*2) -> 0 | T36: =IF($P36="FULL FEED",R36,R36*2) -> 0 | U36: =IF(P36="FULL FEED",(Q36*G36/1000),(Q36*2*G36/1000)) -> 0 | V36: =IF(P36="FULL FEED",(R36*H36/1000),(R36*2*H36/1000)) -> 0 | W36: =W35 -> 49 | X36: =X35 -> 31 | AE36: =SUM(Z36,AA36,AB36,AC36) -> 0 | AF36: =Y36-AE36 -> 0 | AG36: =IFERROR(Y36/H35,0) -> 0 | AH36: =IFERROR(Z36/$Y36,0) -> 0 | AI36: =IFERROR(AA36/$Y36,0) -> 0 | AJ36: =IFERROR(AB36/$Y36,0) -> 0 | AK36: =IFERROR(AC36/$Y36,0) -> 0 | AL36: =IFERROR(AE36/Y36,0) -> 0 | AM36: =IFERROR(AF36/Y36,0) -> 0 | AU36: =IF(OR(AT36="",AR36=""),"", (AT36-AR36)/100*1000) | AV36: =IF(OR(AR37="",OFFSET(AR37,-1,0)=""),"", (AR37-OFFSET(AR37,-1,0))/100*1000) | AW36: =IFERROR(IF(OR(AR36="",AT36="",K36="",L36=""),"", ((AT36-AR36)/100*1000)/(U36+V36)),0) | AX36: =IF(OR(AR36="",AR37="",M36="",N36=""),"", ((AR37-AR36)/100*1000)/((G36+H36))*1000) | BA36: =IF(OR(AY36="",AZ36=""),"",MOD(AZ36-AY36,1)*24) | BD36: =IF(OR(BB36="",BC36=""),"",MOD(BC36-BB36,1)*24)
A37: =A30+1 -> 4.6 | B37: =B36+1 -> 27 | G37: =G36-E37-C37 -> 0 | H37: =H36-F37-D37 -> 0 | I37: =IFERROR(C37/G36,0) -> 0 | J37: =IFERROR(E37/G36,0) -> 0 | K37: =IFERROR(D37/H36,0) -> 0 | L37: =IFERROR(F37/H36,0) -> 0 | M37: =IF(ROW()=11, IF($B$4>0,E37/$B$4,""), IF($B$4>0, (OFFSET(M37,-1,0)*$B$4 + E37)/$B$4, "") ) | N37: =IF(ROW()=11, IF($B$4>0,F37/$B$4,""), IF($B$4>0, (OFFSET(N37,-1,0)*$B$4 + F37)/$B$4, "") ) | O37: =$O$10 -> 0.0005 | S37: =IF($P37="FULL FEED",Q37,Q37*2) -> 0 | T37: =IF($P37="FULL FEED",R37,R37*2) -> 0 | U37: =IF(P37="FULL FEED",(Q37*G37/1000),(Q37*2*G37/1000)) -> 0 | V37: =IF(P37="FULL FEED",(R37*H37/1000),(R37*2*H37/1000)) -> 0 | W37: =W36 -> 49 | X37: =X36 -> 31 | AE37: =SUM(Z37,AA37,AB37,AC37) -> 0 | AF37: =Y37-AE37 -> 0 | AG37: =IFERROR(Y37/H36,0) -> 0 | AH37: =IFERROR(Z37/$Y37,0) -> 0 | AI37: =IFERROR(AA37/$Y37,0) -> 0 | AJ37: =IFERROR(AB37/$Y37,0) -> 0 | AK37: =IFERROR(AC37/$Y37,0) -> 0 | AL37: =IFERROR(AE37/Y37,0) -> 0 | AM37: =IFERROR(AF37/Y37,0) -> 0 | AU37: =IF(OR(AT37="",AR37=""),"", (AT37-AR37)/100*1000) | AV37: =IF(OR(AR38="",OFFSET(AR38,-1,0)=""),"", (AR38-OFFSET(AR38,-1,0))/100*1000) | AW37: =IFERROR(IF(OR(AR37="",AT37="",K37="",L37=""),"", ((AT37-AR37)/100*1000)/(U37+V37)),0) | AX37: =IF(OR(AR37="",AR38="",M37="",N37=""),"", ((AR38-AR37)/100*1000)/((G37+H37))*1000) | BA37: =IF(OR(AY37="",AZ37=""),"",MOD(AZ37-AY37,1)*24) | BD37: =IF(OR(BB37="",BC37=""),"",MOD(BC37-BB37,1)*24)
A38: =A31+1 -> 4.7 | B38: =B37+1 -> 28 | G38: =G37-E38-C38 -> 0 | H38: =H37-F38-D38 -> 0 | I38: =IFERROR(C38/G37,0) -> 0 | J38: =IFERROR(E38/G37,0) -> 0 | K38: =IFERROR(D38/H37,0) -> 0 | L38: =IFERROR(F38/H37,0) -> 0 | M38: =IF(ROW()=11, IF($B$4>0,E38/$B$4,""), IF($B$4>0, (OFFSET(M38,-1,0)*$B$4 + E38)/$B$4, "") ) | N38: =IF(ROW()=11, IF($B$4>0,F38/$B$4,""), IF($B$4>0, (OFFSET(N38,-1,0)*$B$4 + F38)/$B$4, "") ) | O38: =$O$10 -> 0.0005 | S38: =IF($P38="FULL FEED",Q38,Q38*2) -> 0 | T38: =IF($P38="FULL FEED",R38,R38*2) -> 0 | U38: =IF(P38="FULL FEED",(Q38*G38/1000),(Q38*2*G38/1000)) -> 0 | V38: =IF(P38="FULL FEED",(R38*H38/1000),(R38*2*H38/1000)) -> 0 | W38: =W37 -> 49 | X38: =X37 -> 31 | AE38: =SUM(Z38,AA38,AB38,AC38) -> 0 | AF38: =Y38-AE38 -> 0 | AG38: =IFERROR(Y38/H37,0) -> 0 | AH38: =IFERROR(Z38/$Y38,0) -> 0 | AI38: =IFERROR(AA38/$Y38,0) -> 0 | AJ38: =IFERROR(AB38/$Y38,0) -> 0 | AK38: =IFERROR(AC38/$Y38,0) -> 0 | AL38: =IFERROR(AE38/Y38,0) -> 0 | AM38: =IFERROR(AF38/Y38,0) -> 0 | AU38: =IF(OR(AT38="",AR38=""),"", (AT38-AR38)/100*1000) | AV38: =IF(OR(AR39="",OFFSET(AR39,-1,0)=""),"", (AR39-OFFSET(AR39,-1,0))/100*1000) | AW38: =IFERROR(IF(OR(AR38="",AT38="",K38="",L38=""),"", ((AT38-AR38)/100*1000)/(U38+V38)),0) | AX38: =IF(OR(AR38="",AR39="",M38="",N38=""),"", ((AR39-AR38)/100*1000)/((G38+H38))*1000) | BA38: =IF(OR(AY38="",AZ38=""),"",MOD(AZ38-AY38,1)*24) | BD38: =IF(OR(BB38="",BC38=""),"",MOD(BC38-BB38,1)*24)
A39: =A32+1 -> 5.1 | B39: =B38+1 -> 29 | G39: =G38-E39-C39 -> 0 | H39: =H38-F39-D39 -> 0 | I39: =IFERROR(C39/G38,0) -> 0 | J39: =IFERROR(E39/G38,0) -> 0 | K39: =IFERROR(D39/H38,0) -> 0 | L39: =IFERROR(F39/H38,0) -> 0 | M39: =IF(ROW()=11, IF($B$4>0,E39/$B$4,""), IF($B$4>0, (OFFSET(M39,-1,0)*$B$4 + E39)/$B$4, "") ) | N39: =IF(ROW()=11, IF($B$4>0,F39/$B$4,""), IF($B$4>0, (OFFSET(N39,-1,0)*$B$4 + F39)/$B$4, "") ) | O39: =$O$10 -> 0.0005 | S39: =IF($P39="FULL FEED",Q39,Q39*2) -> 0 | T39: =IF($P39="FULL FEED",R39,R39*2) -> 0 | U39: =IF(P39="FULL FEED",(Q39*G39/1000),(Q39*2*G39/1000)) -> 0 | V39: =IF(P39="FULL FEED",(R39*H39/1000),(R39*2*H39/1000)) -> 0 | W39: 54 | X39: 34 | AE39: =SUM(Z39,AA39,AB39,AC39) -> 0 | AF39: =Y39-AE39 -> 0 | AG39: =IFERROR(Y39/H38,0) -> 0 | AH39: =IFERROR(Z39/$Y39,0) -> 0 | AI39: =IFERROR(AA39/$Y39,0) -> 0 | AJ39: =IFERROR(AB39/$Y39,0) -> 0 | AK39: =IFERROR(AC39/$Y39,0) -> 0 | AL39: =IFERROR(AE39/Y39,0) -> 0 | AM39: =IFERROR(AF39/Y39,0) -> 0 | AU39: =IF(OR(AT39="",AR39=""),"", (AT39-AR39)/100*1000) | AV39: =IF(OR(AR40="",OFFSET(AR40,-1,0)=""),"", (AR40-OFFSET(AR40,-1,0))/100*1000) | AW39: =IFERROR(IF(OR(AR39="",AT39="",K39="",L39=""),"", ((AT39-AR39)/100*1000)/(U39+V39)),0) | AX39: =IF(OR(AR39="",AR40="",M39="",N39=""),"", ((AR40-AR39)/100*1000)/((G39+H39))*1000) | BA39: =IF(OR(AY39="",AZ39=""),"",MOD(AZ39-AY39,1)*24) | BD39: =IF(OR(BB39="",BC39=""),"",MOD(BC39-BB39,1)*24)
A40: =A33+1 -> 5.2 | B40: =B39+1 -> 30 | G40: =G39-E40-C40 -> 0 | H40: =H39-F40-D40 -> 0 | I40: =IFERROR(C40/G39,0) -> 0 | J40: =IFERROR(E40/G39,0) -> 0 | K40: =IFERROR(D40/H39,0) -> 0 | L40: =IFERROR(F40/H39,0) -> 0 | M40: =IF(ROW()=11, IF($B$4>0,E40/$B$4,""), IF($B$4>0, (OFFSET(M40,-1,0)*$B$4 + E40)/$B$4, "") ) | N40: =IF(ROW()=11, IF($B$4>0,F40/$B$4,""), IF($B$4>0, (OFFSET(N40,-1,0)*$B$4 + F40)/$B$4, "") ) | O40: =$O$10 -> 0.0005 | S40: =IF($P40="FULL FEED",Q40,Q40*2) -> 0 | T40: =IF($P40="FULL FEED",R40,R40*2) -> 0 | U40: =IF(P40="FULL FEED",(Q40*G40/1000),(Q40*2*G40/1000)) -> 0 | V40: =IF(P40="FULL FEED",(R40*H40/1000),(R40*2*H40/1000)) -> 0 | W40: =W39 -> 54 | X40: =X39 -> 34 | AE40: =SUM(Z40,AA40,AB40,AC40) -> 0 | AF40: =Y40-AE40 -> 0 | AG40: =IFERROR(Y40/H39,0) -> 0 | AH40: =IFERROR(Z40/$Y40,0) -> 0 | AI40: =IFERROR(AA40/$Y40,0) -> 0 | AJ40: =IFERROR(AB40/$Y40,0) -> 0 | AK40: =IFERROR(AC40/$Y40,0) -> 0 | AL40: =IFERROR(AE40/Y40,0) -> 0 | AM40: =IFERROR(AF40/Y40,0) -> 0 | AU40: =IF(OR(AT40="",AR40=""),"", (AT40-AR40)/100*1000) | AV40: =IF(OR(AR41="",OFFSET(AR41,-1,0)=""),"", (AR41-OFFSET(AR41,-1,0))/100*1000) | AW40: =IFERROR(IF(OR(AR40="",AT40="",K40="",L40=""),"", ((AT40-AR40)/100*1000)/(U40+V40)),0) | AX40: =IF(OR(AR40="",AR41="",M40="",N40=""),"", ((AR41-AR40)/100*1000)/((G40+H40))*1000) | BA40: =IF(OR(AY40="",AZ40=""),"",MOD(AZ40-AY40,1)*24) | BD40: =IF(OR(BB40="",BC40=""),"",MOD(BC40-BB40,1)*24)
A41: =A34+1 -> 5.3 | B41: =B40+1 -> 31 | G41: =G40-E41-C41 -> 0 | H41: =H40-F41-D41 -> 0 | I41: =IFERROR(C41/G40,0) -> 0 | J41: =IFERROR(E41/G40,0) -> 0 | K41: =IFERROR(D41/H40,0) -> 0 | L41: =IFERROR(F41/H40,0) -> 0 | M41: =IF(ROW()=11, IF($B$4>0,E41/$B$4,""), IF($B$4>0, (OFFSET(M41,-1,0)*$B$4 + E41)/$B$4, "") ) | N41: =IF(ROW()=11, IF($B$4>0,F41/$B$4,""), IF($B$4>0, (OFFSET(N41,-1,0)*$B$4 + F41)/$B$4, "") ) | O41: =$O$10 -> 0.0005 | S41: =IF($P41="FULL FEED",Q41,Q41*2) -> 0 | T41: =IF($P41="FULL FEED",R41,R41*2) -> 0 | U41: =IF(P41="FULL FEED",(Q41*G41/1000),(Q41*2*G41/1000)) -> 0 | V41: =IF(P41="FULL FEED",(R41*H41/1000),(R41*2*H41/1000)) -> 0 | W41: =W40 -> 54 | X41: =X40 -> 34 | AE41: =SUM(Z41,AA41,AB41,AC41) -> 0 | AF41: =Y41-AE41 -> 0 | AG41: =IFERROR(Y41/H40,0) -> 0 | AH41: =IFERROR(Z41/$Y41,0) -> 0 | AI41: =IFERROR(AA41/$Y41,0) -> 0 | AJ41: =IFERROR(AB41/$Y41,0) -> 0 | AK41: =IFERROR(AC41/$Y41,0) -> 0 | AL41: =IFERROR(AE41/Y41,0) -> 0 | AM41: =IFERROR(AF41/Y41,0) -> 0 | AU41: =IF(OR(AT41="",AR41=""),"", (AT41-AR41)/100*1000) | AV41: =IF(OR(AR42="",OFFSET(AR42,-1,0)=""),"", (AR42-OFFSET(AR42,-1,0))/100*1000) | AW41: =IFERROR(IF(OR(AR41="",AT41="",K41="",L41=""),"", ((AT41-AR41)/100*1000)/(U41+V41)),0) | AX41: =IF(OR(AR41="",AR42="",M41="",N41=""),"", ((AR42-AR41)/100*1000)/((G41+H41))*1000) | BA41: =IF(OR(AY41="",AZ41=""),"",MOD(AZ41-AY41,1)*24) | BD41: =IF(OR(BB41="",BC41=""),"",MOD(BC41-BB41,1)*24)
A42: =A35+1 -> 5.4 | B42: =B41+1 -> 32 | G42: =G41-E42-C42 -> 0 | H42: =H41-F42-D42 -> 0 | I42: =IFERROR(C42/G41,0) -> 0 | J42: =IFERROR(E42/G41,0) -> 0 | K42: =IFERROR(D42/H41,0) -> 0 | L42: =IFERROR(F42/H41,0) -> 0 | M42: =IF(ROW()=11, IF($B$4>0,E42/$B$4,""), IF($B$4>0, (OFFSET(M42,-1,0)*$B$4 + E42)/$B$4, "") ) | N42: =IF(ROW()=11, IF($B$4>0,F42/$B$4,""), IF($B$4>0, (OFFSET(N42,-1,0)*$B$4 + F42)/$B$4, "") ) | O42: =$O$10 -> 0.0005 | S42: =IF($P42="FULL FEED",Q42,Q42*2) -> 0 | T42: =IF($P42="FULL FEED",R42,R42*2) -> 0 | U42: =IF(P42="FULL FEED",(Q42*G42/1000),(Q42*2*G42/1000)) -> 0 | V42: =IF(P42="FULL FEED",(R42*H42/1000),(R42*2*H42/1000)) -> 0 | W42: =W41 -> 54 | X42: =X41 -> 34 | AE42: =SUM(Z42,AA42,AB42,AC42) -> 0 | AF42: =Y42-AE42 -> 0 | AG42: =IFERROR(Y42/H41,0) -> 0 | AH42: =IFERROR(Z42/$Y42,0) -> 0 | AI42: =IFERROR(AA42/$Y42,0) -> 0 | AJ42: =IFERROR(AB42/$Y42,0) -> 0 | AK42: =IFERROR(AC42/$Y42,0) -> 0 | AL42: =IFERROR(AE42/Y42,0) -> 0 | AM42: =IFERROR(AF42/Y42,0) -> 0 | AU42: =IF(OR(AT42="",AR42=""),"", (AT42-AR42)/100*1000) | AV42: =IF(OR(AR43="",OFFSET(AR43,-1,0)=""),"", (AR43-OFFSET(AR43,-1,0))/100*1000) | AW42: =IFERROR(IF(OR(AR42="",AT42="",K42="",L42=""),"", ((AT42-AR42)/100*1000)/(U42+V42)),0) | AX42: =IF(OR(AR42="",AR43="",M42="",N42=""),"", ((AR43-AR42)/100*1000)/((G42+H42))*1000) | BA42: =IF(OR(AY42="",AZ42=""),"",MOD(AZ42-AY42,1)*24) | BD42: =IF(OR(BB42="",BC42=""),"",MOD(BC42-BB42,1)*24)
A43: =A36+1 -> 5.5 | B43: =B42+1 -> 33 | G43: =G42-E43-C43 -> 0 | H43: =H42-F43-D43 -> 0 | I43: =IFERROR(C43/G42,0) -> 0 | J43: =IFERROR(E43/G42,0) -> 0 | K43: =IFERROR(D43/H42,0) -> 0 | L43: =IFERROR(F43/H42,0) -> 0 | M43: =IF(ROW()=11, IF($B$4>0,E43/$B$4,""), IF($B$4>0, (OFFSET(M43,-1,0)*$B$4 + E43)/$B$4, "") ) | N43: =IF(ROW()=11, IF($B$4>0,F43/$B$4,""), IF($B$4>0, (OFFSET(N43,-1,0)*$B$4 + F43)/$B$4, "") ) | O43: =$O$10 -> 0.0005 | S43: =IF($P43="FULL FEED",Q43,Q43*2) -> 0 | T43: =IF($P43="FULL FEED",R43,R43*2) -> 0 | U43: =IF(P43="FULL FEED",(Q43*G43/1000),(Q43*2*G43/1000)) -> 0 | V43: =IF(P43="FULL FEED",(R43*H43/1000),(R43*2*H43/1000)) -> 0 | W43: =W42 -> 54 | X43: =X42 -> 34 | AE43: =SUM(Z43,AA43,AB43,AC43) -> 0 | AF43: =Y43-AE43 -> 0 | AG43: =IFERROR(Y43/H42,0) -> 0 | AH43: =IFERROR(Z43/$Y43,0) -> 0 | AI43: =IFERROR(AA43/$Y43,0) -> 0 | AJ43: =IFERROR(AB43/$Y43,0) -> 0 | AK43: =IFERROR(AC43/$Y43,0) -> 0 | AL43: =IFERROR(AE43/Y43,0) -> 0 | AM43: =IFERROR(AF43/Y43,0) -> 0 | AU43: =IF(OR(AT43="",AR43=""),"", (AT43-AR43)/100*1000) | AV43: =IF(OR(AR44="",OFFSET(AR44,-1,0)=""),"", (AR44-OFFSET(AR44,-1,0))/100*1000) | AW43: =IFERROR(IF(OR(AR43="",AT43="",K43="",L43=""),"", ((AT43-AR43)/100*1000)/(U43+V43)),0) | AX43: =IF(OR(AR43="",AR44="",M43="",N43=""),"", ((AR44-AR43)/100*1000)/((G43+H43))*1000) | BA43: =IF(OR(AY43="",AZ43=""),"",MOD(AZ43-AY43,1)*24) | BD43: =IF(OR(BB43="",BC43=""),"",MOD(BC43-BB43,1)*24)
A44: =A37+1 -> 5.6 | B44: =B43+1 -> 34 | G44: =G43-E44-C44 -> 0 | H44: =H43-F44-D44 -> 0 | I44: =IFERROR(C44/G43,0) -> 0 | J44: =IFERROR(E44/G43,0) -> 0 | K44: =IFERROR(D44/H43,0) -> 0 | L44: =IFERROR(F44/H43,0) -> 0 | M44: =IF(ROW()=11, IF($B$4>0,E44/$B$4,""), IF($B$4>0, (OFFSET(M44,-1,0)*$B$4 + E44)/$B$4, "") ) | N44: =IF(ROW()=11, IF($B$4>0,F44/$B$4,""), IF($B$4>0, (OFFSET(N44,-1,0)*$B$4 + F44)/$B$4, "") ) | O44: =$O$10 -> 0.0005 | S44: =IF($P44="FULL FEED",Q44,Q44*2) -> 0 | T44: =IF($P44="FULL FEED",R44,R44*2) -> 0 | U44: =IF(P44="FULL FEED",(Q44*G44/1000),(Q44*2*G44/1000)) -> 0 | V44: =IF(P44="FULL FEED",(R44*H44/1000),(R44*2*H44/1000)) -> 0 | W44: =W43 -> 54 | X44: =X43 -> 34 | AE44: =SUM(Z44,AA44,AB44,AC44) -> 0 | AF44: =Y44-AE44 -> 0 | AG44: =IFERROR(Y44/H43,0) -> 0 | AH44: =IFERROR(Z44/$Y44,0) -> 0 | AI44: =IFERROR(AA44/$Y44,0) -> 0 | AJ44: =IFERROR(AB44/$Y44,0) -> 0 | AK44: =IFERROR(AC44/$Y44,0) -> 0 | AL44: =IFERROR(AE44/Y44,0) -> 0 | AM44: =IFERROR(AF44/Y44,0) -> 0 | AU44: =IF(OR(AT44="",AR44=""),"", (AT44-AR44)/100*1000) | AV44: =IF(OR(AR45="",OFFSET(AR45,-1,0)=""),"", (AR45-OFFSET(AR45,-1,0))/100*1000) | AW44: =IFERROR(IF(OR(AR44="",AT44="",K44="",L44=""),"", ((AT44-AR44)/100*1000)/(U44+V44)),0) | AX44: =IF(OR(AR44="",AR45="",M44="",N44=""),"", ((AR45-AR44)/100*1000)/((G44+H44))*1000) | BA44: =IF(OR(AY44="",AZ44=""),"",MOD(AZ44-AY44,1)*24) | BD44: =IF(OR(BB44="",BC44=""),"",MOD(BC44-BB44,1)*24)
A45: =A38+1 -> 5.7 | B45: =B44+1 -> 35 | G45: =G44-E45-C45 -> 0 | H45: =H44-F45-D45 -> 0 | I45: =IFERROR(C45/G44,0) -> 0 | J45: =IFERROR(E45/G44,0) -> 0 | K45: =IFERROR(D45/H44,0) -> 0 | L45: =IFERROR(F45/H44,0) -> 0 | M45: =IF(ROW()=11, IF($B$4>0,E45/$B$4,""), IF($B$4>0, (OFFSET(M45,-1,0)*$B$4 + E45)/$B$4, "") ) | N45: =IF(ROW()=11, IF($B$4>0,F45/$B$4,""), IF($B$4>0, (OFFSET(N45,-1,0)*$B$4 + F45)/$B$4, "") ) | O45: =$O$10 -> 0.0005 | S45: =IF($P45="FULL FEED",Q45,Q45*2) -> 0 | T45: =IF($P45="FULL FEED",R45,R45*2) -> 0 | U45: =IF(P45="FULL FEED",(Q45*G45/1000),(Q45*2*G45/1000)) -> 0 | V45: =IF(P45="FULL FEED",(R45*H45/1000),(R45*2*H45/1000)) -> 0 | W45: =W44 -> 54 | X45: =X44 -> 34 | AE45: =SUM(Z45,AA45,AB45,AC45) -> 0 | AF45: =Y45-AE45 -> 0 | AG45: =IFERROR(Y45/H44,0) -> 0 | AH45: =IFERROR(Z45/$Y45,0) -> 0 | AI45: =IFERROR(AA45/$Y45,0) -> 0 | AJ45: =IFERROR(AB45/$Y45,0) -> 0 | AK45: =IFERROR(AC45/$Y45,0) -> 0 | AL45: =IFERROR(AE45/Y45,0) -> 0 | AM45: =IFERROR(AF45/Y45,0) -> 0 | AU45: =IF(OR(AT45="",AR45=""),"", (AT45-AR45)/100*1000) | AV45: =IF(OR(AR46="",OFFSET(AR46,-1,0)=""),"", (AR46-OFFSET(AR46,-1,0))/100*1000) | AW45: =IFERROR(IF(OR(AR45="",AT45="",K45="",L45=""),"", ((AT45-AR45)/100*1000)/(U45+V45)),0) | AX45: =IF(OR(AR45="",AR46="",M45="",N45=""),"", ((AR46-AR45)/100*1000)/((G45+H45))*1000) | BA45: =IF(OR(AY45="",AZ45=""),"",MOD(AZ45-AY45,1)*24) | BD45: =IF(OR(BB45="",BC45=""),"",MOD(BC45-BB45,1)*24)
A46: =A39+1 -> 6.1 | B46: =B45+1 -> 36 | G46: =G45-E46-C46 -> 0 | H46: =H45-F46-D46 -> 0 | I46: =IFERROR(C46/G45,0) -> 0 | J46: =IFERROR(E46/G45,0) -> 0 | K46: =IFERROR(D46/H45,0) -> 0 | L46: =IFERROR(F46/H45,0) -> 0 | M46: =IF(ROW()=11, IF($B$4>0,E46/$B$4,""), IF($B$4>0, (OFFSET(M46,-1,0)*$B$4 + E46)/$B$4, "") ) | N46: =IF(ROW()=11, IF($B$4>0,F46/$B$4,""), IF($B$4>0, (OFFSET(N46,-1,0)*$B$4 + F46)/$B$4, "") ) | O46: =$O$10 -> 0.0005 | S46: =IF($P46="FULL FEED",Q46,Q46*2) -> 0 | T46: =IF($P46="FULL FEED",R46,R46*2) -> 0 | U46: =IF(P46="FULL FEED",(Q46*G46/1000),(Q46*2*G46/1000)) -> 0 | V46: =IF(P46="FULL FEED",(R46*H46/1000),(R46*2*H46/1000)) -> 0 | W46: 58 | X46: 37 | AE46: =SUM(Z46,AA46,AB46,AC46) -> 0 | AF46: =Y46-AE46 -> 0 | AG46: =IFERROR(Y46/H45,0) -> 0 | AH46: =IFERROR(Z46/$Y46,0) -> 0 | AI46: =IFERROR(AA46/$Y46,0) -> 0 | AJ46: =IFERROR(AB46/$Y46,0) -> 0 | AK46: =IFERROR(AC46/$Y46,0) -> 0 | AL46: =IFERROR(AE46/Y46,0) -> 0 | AM46: =IFERROR(AF46/Y46,0) -> 0 | AU46: =IF(OR(AT46="",AR46=""),"", (AT46-AR46)/100*1000) | AV46: =IF(OR(AR47="",OFFSET(AR47,-1,0)=""),"", (AR47-OFFSET(AR47,-1,0))/100*1000) | AW46: =IFERROR(IF(OR(AR46="",AT46="",K46="",L46=""),"", ((AT46-AR46)/100*1000)/(U46+V46)),0) | AX46: =IF(OR(AR46="",AR47="",M46="",N46=""),"", ((AR47-AR46)/100*1000)/((G46+H46))*1000) | BA46: =IF(OR(AY46="",AZ46=""),"",MOD(AZ46-AY46,1)*24) | BD46: =IF(OR(BB46="",BC46=""),"",MOD(BC46-BB46,1)*24)
A47: =A40+1 -> 6.2 | B47: =B46+1 -> 37 | G47: =G46-E47-C47 -> 0 | H47: =H46-F47-D47 -> 0 | I47: =IFERROR(C47/G46,0) -> 0 | J47: =IFERROR(E47/G46,0) -> 0 | K47: =IFERROR(D47/H46,0) -> 0 | L47: =IFERROR(F47/H46,0) -> 0 | M47: =IF(ROW()=11, IF($B$4>0,E47/$B$4,""), IF($B$4>0, (OFFSET(M47,-1,0)*$B$4 + E47)/$B$4, "") ) | N47: =IF(ROW()=11, IF($B$4>0,F47/$B$4,""), IF($B$4>0, (OFFSET(N47,-1,0)*$B$4 + F47)/$B$4, "") ) | O47: =$O$10 -> 0.0005 | S47: =IF($P47="FULL FEED",Q47,Q47*2) -> 0 | T47: =IF($P47="FULL FEED",R47,R47*2) -> 0 | U47: =IF(P47="FULL FEED",(Q47*G47/1000),(Q47*2*G47/1000)) -> 0 | V47: =IF(P47="FULL FEED",(R47*H47/1000),(R47*2*H47/1000)) -> 0 | W47: =W46 -> 58 | X47: =X46 -> 37 | AE47: =SUM(Z47,AA47,AB47,AC47) -> 0 | AF47: =Y47-AE47 -> 0 | AG47: =IFERROR(Y47/H46,0) -> 0 | AH47: =IFERROR(Z47/$Y47,0) -> 0 | AI47: =IFERROR(AA47/$Y47,0) -> 0 | AJ47: =IFERROR(AB47/$Y47,0) -> 0 | AK47: =IFERROR(AC47/$Y47,0) -> 0 | AL47: =IFERROR(AE47/Y47,0) -> 0 | AM47: =IFERROR(AF47/Y47,0) -> 0 | AU47: =IF(OR(AT47="",AR47=""),"", (AT47-AR47)/100*1000) | AV47: =IF(OR(AR48="",OFFSET(AR48,-1,0)=""),"", (AR48-OFFSET(AR48,-1,0))/100*1000) | AW47: =IFERROR(IF(OR(AR47="",AT47="",K47="",L47=""),"", ((AT47-AR47)/100*1000)/(U47+V47)),0) | AX47: =IF(OR(AR47="",AR48="",M47="",N47=""),"", ((AR48-AR47)/100*1000)/((G47+H47))*1000) | BA47: =IF(OR(AY47="",AZ47=""),"",MOD(AZ47-AY47,1)*24) | BD47: =IF(OR(BB47="",BC47=""),"",MOD(BC47-BB47,1)*24)
A48: =A41+1 -> 6.3 | B48: =B47+1 -> 38 | G48: =G47-E48-C48 -> 0 | H48: =H47-F48-D48 -> 0 | I48: =IFERROR(C48/G47,0) -> 0 | J48: =IFERROR(E48/G47,0) -> 0 | K48: =IFERROR(D48/H47,0) -> 0 | L48: =IFERROR(F48/H47,0) -> 0 | M48: =IF(ROW()=11, IF($B$4>0,E48/$B$4,""), IF($B$4>0, (OFFSET(M48,-1,0)*$B$4 + E48)/$B$4, "") ) | N48: =IF(ROW()=11, IF($B$4>0,F48/$B$4,""), IF($B$4>0, (OFFSET(N48,-1,0)*$B$4 + F48)/$B$4, "") ) | O48: =$O$10 -> 0.0005 | S48: =IF($P48="FULL FEED",Q48,Q48*2) -> 0 | T48: =IF($P48="FULL FEED",R48,R48*2) -> 0 | U48: =IF(P48="FULL FEED",(Q48*G48/1000),(Q48*2*G48/1000)) -> 0 | V48: =IF(P48="FULL FEED",(R48*H48/1000),(R48*2*H48/1000)) -> 0 | W48: =W47 -> 58 | X48: =X47 -> 37 | AE48: =SUM(Z48,AA48,AB48,AC48) -> 0 | AF48: =Y48-AE48 -> 0 | AG48: =IFERROR(Y48/H47,0) -> 0 | AH48: =IFERROR(Z48/$Y48,0) -> 0 | AI48: =IFERROR(AA48/$Y48,0) -> 0 | AJ48: =IFERROR(AB48/$Y48,0) -> 0 | AK48: =IFERROR(AC48/$Y48,0) -> 0 | AL48: =IFERROR(AE48/Y48,0) -> 0 | AM48: =IFERROR(AF48/Y48,0) -> 0 | AU48: =IF(OR(AT48="",AR48=""),"", (AT48-AR48)/100*1000) | AV48: =IF(OR(AR49="",OFFSET(AR49,-1,0)=""),"", (AR49-OFFSET(AR49,-1,0))/100*1000) | AW48: =IFERROR(IF(OR(AR48="",AT48="",K48="",L48=""),"", ((AT48-AR48)/100*1000)/(U48+V48)),0) | AX48: =IF(OR(AR48="",AR49="",M48="",N48=""),"", ((AR49-AR48)/100*1000)/((G48+H48))*1000) | BA48: =IF(OR(AY48="",AZ48=""),"",MOD(AZ48-AY48,1)*24) | BD48: =IF(OR(BB48="",BC48=""),"",MOD(BC48-BB48,1)*24)
A49: =A42+1 -> 6.4 | B49: =B48+1 -> 39 | G49: =G48-E49-C49 -> 0 | H49: =H48-F49-D49 -> 0 | I49: =IFERROR(C49/G48,0) -> 0 | J49: =IFERROR(E49/G48,0) -> 0 | K49: =IFERROR(D49/H48,0) -> 0 | L49: =IFERROR(F49/H48,0) -> 0 | M49: =IF(ROW()=11, IF($B$4>0,E49/$B$4,""), IF($B$4>0, (OFFSET(M49,-1,0)*$B$4 + E49)/$B$4, "") ) | N49: =IF(ROW()=11, IF($B$4>0,F49/$B$4,""), IF($B$4>0, (OFFSET(N49,-1,0)*$B$4 + F49)/$B$4, "") ) | O49: =$O$10 -> 0.0005 | S49: =IF($P49="FULL FEED",Q49,Q49*2) -> 0 | T49: =IF($P49="FULL FEED",R49,R49*2) -> 0 | U49: =IF(P49="FULL FEED",(Q49*G49/1000),(Q49*2*G49/1000)) -> 0 | V49: =IF(P49="FULL FEED",(R49*H49/1000),(R49*2*H49/1000)) -> 0 | W49: =W48 -> 58 | X49: =X48 -> 37 | AE49: =SUM(Z49,AA49,AB49,AC49) -> 0 | AF49: =Y49-AE49 -> 0 | AG49: =IFERROR(Y49/H48,0) -> 0 | AH49: =IFERROR(Z49/$Y49,0) -> 0 | AI49: =IFERROR(AA49/$Y49,0) -> 0 | AJ49: =IFERROR(AB49/$Y49,0) -> 0 | AK49: =IFERROR(AC49/$Y49,0) -> 0 | AL49: =IFERROR(AE49/Y49,0) -> 0 | AM49: =IFERROR(AF49/Y49,0) -> 0 | AU49: =IF(OR(AT49="",AR49=""),"", (AT49-AR49)/100*1000) | AV49: =IF(OR(AR50="",OFFSET(AR50,-1,0)=""),"", (AR50-OFFSET(AR50,-1,0))/100*1000) | AW49: =IFERROR(IF(OR(AR49="",AT49="",K49="",L49=""),"", ((AT49-AR49)/100*1000)/(U49+V49)),0) | AX49: =IF(OR(AR49="",AR50="",M49="",N49=""),"", ((AR50-AR49)/100*1000)/((G49+H49))*1000) | BA49: =IF(OR(AY49="",AZ49=""),"",MOD(AZ49-AY49,1)*24) | BD49: =IF(OR(BB49="",BC49=""),"",MOD(BC49-BB49,1)*24)
A50: =A43+1 -> 6.5 | B50: =B49+1 -> 40 | G50: =G49-E50-C50 -> 0 | H50: =H49-F50-D50 -> 0 | I50: =IFERROR(C50/G49,0) -> 0 | J50: =IFERROR(E50/G49,0) -> 0 | K50: =IFERROR(D50/H49,0) -> 0 | L50: =IFERROR(F50/H49,0) -> 0 | M50: =IF(ROW()=11, IF($B$4>0,E50/$B$4,""), IF($B$4>0, (OFFSET(M50,-1,0)*$B$4 + E50)/$B$4, "") ) | N50: =IF(ROW()=11, IF($B$4>0,F50/$B$4,""), IF($B$4>0, (OFFSET(N50,-1,0)*$B$4 + F50)/$B$4, "") ) | O50: =$O$10 -> 0.0005 | S50: =IF($P50="FULL FEED",Q50,Q50*2) -> 0 | T50: =IF($P50="FULL FEED",R50,R50*2) -> 0 | U50: =IF(P50="FULL FEED",(Q50*G50/1000),(Q50*2*G50/1000)) -> 0 | V50: =IF(P50="FULL FEED",(R50*H50/1000),(R50*2*H50/1000)) -> 0 | W50: =W49 -> 58 | X50: =X49 -> 37 | AE50: =SUM(Z50,AA50,AB50,AC50) -> 0 | AF50: =Y50-AE50 -> 0 | AG50: =IFERROR(Y50/H49,0) -> 0 | AH50: =IFERROR(Z50/$Y50,0) -> 0 | AI50: =IFERROR(AA50/$Y50,0) -> 0 | AJ50: =IFERROR(AB50/$Y50,0) -> 0 | AK50: =IFERROR(AC50/$Y50,0) -> 0 | AL50: =IFERROR(AE50/Y50,0) -> 0 | AM50: =IFERROR(AF50/Y50,0) -> 0 | AU50: =IF(OR(AT50="",AR50=""),"", (AT50-AR50)/100*1000) | AV50: =IF(OR(AR51="",OFFSET(AR51,-1,0)=""),"", (AR51-OFFSET(AR51,-1,0))/100*1000) | AW50: =IFERROR(IF(OR(AR50="",AT50="",K50="",L50=""),"", ((AT50-AR50)/100*1000)/(U50+V50)),0) | AX50: =IF(OR(AR50="",AR51="",M50="",N50=""),"", ((AR51-AR50)/100*1000)/((G50+H50))*1000) | BA50: =IF(OR(AY50="",AZ50=""),"",MOD(AZ50-AY50,1)*24) | BD50: =IF(OR(BB50="",BC50=""),"",MOD(BC50-BB50,1)*24)
A51: =A44+1 -> 6.6 | B51: =B50+1 -> 41 | G51: =G50-E51-C51 -> 0 | H51: =H50-F51-D51 -> 0 | I51: =IFERROR(C51/G50,0) -> 0 | J51: =IFERROR(E51/G50,0) -> 0 | K51: =IFERROR(D51/H50,0) -> 0 | L51: =IFERROR(F51/H50,0) -> 0 | M51: =IF(ROW()=11, IF($B$4>0,E51/$B$4,""), IF($B$4>0, (OFFSET(M51,-1,0)*$B$4 + E51)/$B$4, "") ) | N51: =IF(ROW()=11, IF($B$4>0,F51/$B$4,""), IF($B$4>0, (OFFSET(N51,-1,0)*$B$4 + F51)/$B$4, "") ) | O51: =$O$10 -> 0.0005 | S51: =IF($P51="FULL FEED",Q51,Q51*2) -> 0 | T51: =IF($P51="FULL FEED",R51,R51*2) -> 0 | U51: =IF(P51="FULL FEED",(Q51*G51/1000),(Q51*2*G51/1000)) -> 0 | V51: =IF(P51="FULL FEED",(R51*H51/1000),(R51*2*H51/1000)) -> 0 | W51: =W50 -> 58 | X51: =X50 -> 37 | AE51: =SUM(Z51,AA51,AB51,AC51) -> 0 | AF51: =Y51-AE51 -> 0 | AG51: =IFERROR(Y51/H50,0) -> 0 | AH51: =IFERROR(Z51/$Y51,0) -> 0 | AI51: =IFERROR(AA51/$Y51,0) -> 0 | AJ51: =IFERROR(AB51/$Y51,0) -> 0 | AK51: =IFERROR(AC51/$Y51,0) -> 0 | AL51: =IFERROR(AE51/Y51,0) -> 0 | AM51: =IFERROR(AF51/Y51,0) -> 0 | AU51: =IF(OR(AT51="",AR51=""),"", (AT51-AR51)/100*1000) | AV51: =IF(OR(AR52="",OFFSET(AR52,-1,0)=""),"", (AR52-OFFSET(AR52,-1,0))/100*1000) | AW51: =IFERROR(IF(OR(AR51="",AT51="",K51="",L51=""),"", ((AT51-AR51)/100*1000)/(U51+V51)),0) | AX51: =IF(OR(AR51="",AR52="",M51="",N51=""),"", ((AR52-AR51)/100*1000)/((G51+H51))*1000) | BA51: =IF(OR(AY51="",AZ51=""),"",MOD(AZ51-AY51,1)*24) | BD51: =IF(OR(BB51="",BC51=""),"",MOD(BC51-BB51,1)*24)
A52: =A45+1 -> 6.7 | B52: =B51+1 -> 42 | G52: =G51-E52-C52 -> 0 | H52: =H51-F52-D52 -> 0 | I52: =IFERROR(C52/G51,0) -> 0 | J52: =IFERROR(E52/G51,0) -> 0 | K52: =IFERROR(D52/H51,0) -> 0 | L52: =IFERROR(F52/H51,0) -> 0 | M52: =IF(ROW()=11, IF($B$4>0,E52/$B$4,""), IF($B$4>0, (OFFSET(M52,-1,0)*$B$4 + E52)/$B$4, "") ) | N52: =IF(ROW()=11, IF($B$4>0,F52/$B$4,""), IF($B$4>0, (OFFSET(N52,-1,0)*$B$4 + F52)/$B$4, "") ) | O52: =$O$10 -> 0.0005 | S52: =IF($P52="FULL FEED",Q52,Q52*2) -> 0 | T52: =IF($P52="FULL FEED",R52,R52*2) -> 0 | U52: =IF(P52="FULL FEED",(Q52*G52/1000),(Q52*2*G52/1000)) -> 0 | V52: =IF(P52="FULL FEED",(R52*H52/1000),(R52*2*H52/1000)) -> 0 | W52: =W51 -> 58 | X52: =X51 -> 37 | AE52: =SUM(Z52,AA52,AB52,AC52) -> 0 | AF52: =Y52-AE52 -> 0 | AG52: =IFERROR(Y52/H51,0) -> 0 | AH52: =IFERROR(Z52/$Y52,0) -> 0 | AI52: =IFERROR(AA52/$Y52,0) -> 0 | AJ52: =IFERROR(AB52/$Y52,0) -> 0 | AK52: =IFERROR(AC52/$Y52,0) -> 0 | AL52: =IFERROR(AE52/Y52,0) -> 0 | AM52: =IFERROR(AF52/Y52,0) -> 0 | AU52: =IF(OR(AT52="",AR52=""),"", (AT52-AR52)/100*1000) | AV52: =IF(OR(AR53="",OFFSET(AR53,-1,0)=""),"", (AR53-OFFSET(AR53,-1,0))/100*1000) | AW52: =IFERROR(IF(OR(AR52="",AT52="",K52="",L52=""),"", ((AT52-AR52)/100*1000)/(U52+V52)),0) | AX52: =IF(OR(AR52="",AR53="",M52="",N52=""),"", ((AR53-AR52)/100*1000)/((G52+H52))*1000) | BA52: =IF(OR(AY52="",AZ52=""),"",MOD(AZ52-AY52,1)*24) | BD52: =IF(OR(BB52="",BC52=""),"",MOD(BC52-BB52,1)*24)
A53: =A46+1 -> 7.1 | B53: =B52+1 -> 43 | G53: =G52-E53-C53 -> 0 | H53: =H52-F53-D53 -> 0 | I53: =IFERROR(C53/G52,0) -> 0 | J53: =IFERROR(E53/G52,0) -> 0 | K53: =IFERROR(D53/H52,0) -> 0 | L53: =IFERROR(F53/H52,0) -> 0 | M53: =IF(ROW()=11, IF($B$4>0,E53/$B$4,""), IF($B$4>0, (OFFSET(M53,-1,0)*$B$4 + E53)/$B$4, "") ) | N53: =IF(ROW()=11, IF($B$4>0,F53/$B$4,""), IF($B$4>0, (OFFSET(N53,-1,0)*$B$4 + F53)/$B$4, "") ) | O53: =$O$10 -> 0.0005 | S53: =IF($P53="FULL FEED",Q53,Q53*2) -> 0 | T53: =IF($P53="FULL FEED",R53,R53*2) -> 0 | U53: =IF(P53="FULL FEED",(Q53*G53/1000),(Q53*2*G53/1000)) -> 0 | V53: =IF(P53="FULL FEED",(R53*H53/1000),(R53*2*H53/1000)) -> 0 | W53: 61 | X53: 40 | AE53: =SUM(Z53,AA53,AB53,AC53) -> 0 | AF53: =Y53-AE53 -> 0 | AG53: =IFERROR(Y53/H52,0) -> 0 | AH53: =IFERROR(Z53/$Y53,0) -> 0 | AI53: =IFERROR(AA53/$Y53,0) -> 0 | AJ53: =IFERROR(AB53/$Y53,0) -> 0 | AK53: =IFERROR(AC53/$Y53,0) -> 0 | AL53: =IFERROR(AE53/Y53,0) -> 0 | AM53: =IFERROR(AF53/Y53,0) -> 0 | AU53: =IF(OR(AT53="",AR53=""),"", (AT53-AR53)/100*1000) | AV53: =IF(OR(AR54="",OFFSET(AR54,-1,0)=""),"", (AR54-OFFSET(AR54,-1,0))/100*1000) | AW53: =IFERROR(IF(OR(AR53="",AT53="",K53="",L53=""),"", ((AT53-AR53)/100*1000)/(U53+V53)),0) | AX53: =IF(OR(AR53="",AR54="",M53="",N53=""),"", ((AR54-AR53)/100*1000)/((G53+H53))*1000) | BA53: =IF(OR(AY53="",AZ53=""),"",MOD(AZ53-AY53,1)*24) | BD53: =IF(OR(BB53="",BC53=""),"",MOD(BC53-BB53,1)*24)
A54: =A47+1 -> 7.2 | B54: =B53+1 -> 44 | G54: =G53-E54-C54 -> 0 | H54: =H53-F54-D54 -> 0 | I54: =IFERROR(C54/G53,0) -> 0 | J54: =IFERROR(E54/G53,0) -> 0 | K54: =IFERROR(D54/H53,0) -> 0 | L54: =IFERROR(F54/H53,0) -> 0 | M54: =IF(ROW()=11, IF($B$4>0,E54/$B$4,""), IF($B$4>0, (OFFSET(M54,-1,0)*$B$4 + E54)/$B$4, "") ) | N54: =IF(ROW()=11, IF($B$4>0,F54/$B$4,""), IF($B$4>0, (OFFSET(N54,-1,0)*$B$4 + F54)/$B$4, "") ) | O54: =$O$10 -> 0.0005 | S54: =IF($P54="FULL FEED",Q54,Q54*2) -> 0 | T54: =IF($P54="FULL FEED",R54,R54*2) -> 0 | U54: =IF(P54="FULL FEED",(Q54*G54/1000),(Q54*2*G54/1000)) -> 0 | V54: =IF(P54="FULL FEED",(R54*H54/1000),(R54*2*H54/1000)) -> 0 | W54: =W53 -> 61 | X54: =X53 -> 40 | AE54: =SUM(Z54,AA54,AB54,AC54) -> 0 | AF54: =Y54-AE54 -> 0 | AG54: =IFERROR(Y54/H53,0) -> 0 | AH54: =IFERROR(Z54/$Y54,0) -> 0 | AI54: =IFERROR(AA54/$Y54,0) -> 0 | AJ54: =IFERROR(AB54/$Y54,0) -> 0 | AK54: =IFERROR(AC54/$Y54,0) -> 0 | AL54: =IFERROR(AE54/Y54,0) -> 0 | AM54: =IFERROR(AF54/Y54,0) -> 0 | AU54: =IF(OR(AT54="",AR54=""),"", (AT54-AR54)/100*1000) | AV54: =IF(OR(AR55="",OFFSET(AR55,-1,0)=""),"", (AR55-OFFSET(AR55,-1,0))/100*1000) | AW54: =IFERROR(IF(OR(AR54="",AT54="",K54="",L54=""),"", ((AT54-AR54)/100*1000)/(U54+V54)),0) | AX54: =IF(OR(AR54="",AR55="",M54="",N54=""),"", ((AR55-AR54)/100*1000)/((G54+H54))*1000) | BA54: =IF(OR(AY54="",AZ54=""),"",MOD(AZ54-AY54,1)*24) | BD54: =IF(OR(BB54="",BC54=""),"",MOD(BC54-BB54,1)*24)
A55: =A48+1 -> 7.3 | B55: =B54+1 -> 45 | G55: =G54-E55-C55 -> 0 | H55: =H54-F55-D55 -> 0 | I55: =IFERROR(C55/G54,0) -> 0 | J55: =IFERROR(E55/G54,0) -> 0 | K55: =IFERROR(D55/H54,0) -> 0 | L55: =IFERROR(F55/H54,0) -> 0 | M55: =IF(ROW()=11, IF($B$4>0,E55/$B$4,""), IF($B$4>0, (OFFSET(M55,-1,0)*$B$4 + E55)/$B$4, "") ) | N55: =IF(ROW()=11, IF($B$4>0,F55/$B$4,""), IF($B$4>0, (OFFSET(N55,-1,0)*$B$4 + F55)/$B$4, "") ) | O55: =$O$10 -> 0.0005 | S55: =IF($P55="FULL FEED",Q55,Q55*2) -> 0 | T55: =IF($P55="FULL FEED",R55,R55*2) -> 0 | U55: =IF(P55="FULL FEED",(Q55*G55/1000),(Q55*2*G55/1000)) -> 0 | V55: =IF(P55="FULL FEED",(R55*H55/1000),(R55*2*H55/1000)) -> 0 | W55: =W54 -> 61 | X55: =X54 -> 40 | AE55: =SUM(Z55,AA55,AB55,AC55) -> 0 | AF55: =Y55-AE55 -> 0 | AG55: =IFERROR(Y55/H54,0) -> 0 | AH55: =IFERROR(Z55/$Y55,0) -> 0 | AI55: =IFERROR(AA55/$Y55,0) -> 0 | AJ55: =IFERROR(AB55/$Y55,0) -> 0 | AK55: =IFERROR(AC55/$Y55,0) -> 0 | AL55: =IFERROR(AE55/Y55,0) -> 0 | AM55: =IFERROR(AF55/Y55,0) -> 0 | AU55: =IF(OR(AT55="",AR55=""),"", (AT55-AR55)/100*1000) | AV55: =IF(OR(AR56="",OFFSET(AR56,-1,0)=""),"", (AR56-OFFSET(AR56,-1,0))/100*1000) | AW55: =IFERROR(IF(OR(AR55="",AT55="",K55="",L55=""),"", ((AT55-AR55)/100*1000)/(U55+V55)),0) | AX55: =IF(OR(AR55="",AR56="",M55="",N55=""),"", ((AR56-AR55)/100*1000)/((G55+H55))*1000) | BA55: =IF(OR(AY55="",AZ55=""),"",MOD(AZ55-AY55,1)*24) | BD55: =IF(OR(BB55="",BC55=""),"",MOD(BC55-BB55,1)*24)
A56: =A49+1 -> 7.4 | B56: =B55+1 -> 46 | G56: =G55-E56-C56 -> 0 | H56: =H55-F56-D56 -> 0 | I56: =IFERROR(C56/G55,0) -> 0 | J56: =IFERROR(E56/G55,0) -> 0 | K56: =IFERROR(D56/H55,0) -> 0 | L56: =IFERROR(F56/H55,0) -> 0 | M56: =IF(ROW()=11, IF($B$4>0,E56/$B$4,""), IF($B$4>0, (OFFSET(M56,-1,0)*$B$4 + E56)/$B$4, "") ) | N56: =IF(ROW()=11, IF($B$4>0,F56/$B$4,""), IF($B$4>0, (OFFSET(N56,-1,0)*$B$4 + F56)/$B$4, "") ) | O56: =$O$10 -> 0.0005 | S56: =IF($P56="FULL FEED",Q56,Q56*2) -> 0 | T56: =IF($P56="FULL FEED",R56,R56*2) -> 0 | U56: =IF(P56="FULL FEED",(Q56*G56/1000),(Q56*2*G56/1000)) -> 0 | V56: =IF(P56="FULL FEED",(R56*H56/1000),(R56*2*H56/1000)) -> 0 | W56: =W55 -> 61 | X56: =X55 -> 40 | AE56: =SUM(Z56,AA56,AB56,AC56) -> 0 | AF56: =Y56-AE56 -> 0 | AG56: =IFERROR(Y56/H55,0) -> 0 | AH56: =IFERROR(Z56/$Y56,0) -> 0 | AI56: =IFERROR(AA56/$Y56,0) -> 0 | AJ56: =IFERROR(AB56/$Y56,0) -> 0 | AK56: =IFERROR(AC56/$Y56,0) -> 0 | AL56: =IFERROR(AE56/Y56,0) -> 0 | AM56: =IFERROR(AF56/Y56,0) -> 0 | AU56: =IF(OR(AT56="",AR56=""),"", (AT56-AR56)/100*1000) | AV56: =IF(OR(AR57="",OFFSET(AR57,-1,0)=""),"", (AR57-OFFSET(AR57,-1,0))/100*1000) | AW56: =IFERROR(IF(OR(AR56="",AT56="",K56="",L56=""),"", ((AT56-AR56)/100*1000)/(U56+V56)),0) | AX56: =IF(OR(AR56="",AR57="",M56="",N56=""),"", ((AR57-AR56)/100*1000)/((G56+H56))*1000) | BA56: =IF(OR(AY56="",AZ56=""),"",MOD(AZ56-AY56,1)*24) | BD56: =IF(OR(BB56="",BC56=""),"",MOD(BC56-BB56,1)*24)
A57: =A50+1 -> 7.5 | B57: =B56+1 -> 47 | G57: =G56-E57-C57 -> 0 | H57: =H56-F57-D57 -> 0 | I57: =IFERROR(C57/G56,0) -> 0 | J57: =IFERROR(E57/G56,0) -> 0 | K57: =IFERROR(D57/H56,0) -> 0 | L57: =IFERROR(F57/H56,0) -> 0 | M57: =IF(ROW()=11, IF($B$4>0,E57/$B$4,""), IF($B$4>0, (OFFSET(M57,-1,0)*$B$4 + E57)/$B$4, "") ) | N57: =IF(ROW()=11, IF($B$4>0,F57/$B$4,""), IF($B$4>0, (OFFSET(N57,-1,0)*$B$4 + F57)/$B$4, "") ) | O57: =$O$10 -> 0.0005 | S57: =IF($P57="FULL FEED",Q57,Q57*2) -> 0 | T57: =IF($P57="FULL FEED",R57,R57*2) -> 0 | U57: =IF(P57="FULL FEED",(Q57*G57/1000),(Q57*2*G57/1000)) -> 0 | V57: =IF(P57="FULL FEED",(R57*H57/1000),(R57*2*H57/1000)) -> 0 | W57: =W56 -> 61 | X57: =X56 -> 40 | AE57: =SUM(Z57,AA57,AB57,AC57) -> 0 | AF57: =Y57-AE57 -> 0 | AG57: =IFERROR(Y57/H56,0) -> 0 | AH57: =IFERROR(Z57/$Y57,0) -> 0 | AI57: =IFERROR(AA57/$Y57,0) -> 0 | AJ57: =IFERROR(AB57/$Y57,0) -> 0 | AK57: =IFERROR(AC57/$Y57,0) -> 0 | AL57: =IFERROR(AE57/Y57,0) -> 0 | AM57: =IFERROR(AF57/Y57,0) -> 0 | AU57: =IF(OR(AT57="",AR57=""),"", (AT57-AR57)/100*1000) | AV57: =IF(OR(AR58="",OFFSET(AR58,-1,0)=""),"", (AR58-OFFSET(AR58,-1,0))/100*1000) | AW57: =IFERROR(IF(OR(AR57="",AT57="",K57="",L57=""),"", ((AT57-AR57)/100*1000)/(U57+V57)),0) | AX57: =IF(OR(AR57="",AR58="",M57="",N57=""),"", ((AR58-AR57)/100*1000)/((G57+H57))*1000) | BA57: =IF(OR(AY57="",AZ57=""),"",MOD(AZ57-AY57,1)*24) | BD57: =IF(OR(BB57="",BC57=""),"",MOD(BC57-BB57,1)*24)
A58: =A51+1 -> 7.6 | B58: =B57+1 -> 48 | G58: =G57-E58-C58 -> 0 | H58: =H57-F58-D58 -> 0 | I58: =IFERROR(C58/G57,0) -> 0 | J58: =IFERROR(E58/G57,0) -> 0 | K58: =IFERROR(D58/H57,0) -> 0 | L58: =IFERROR(F58/H57,0) -> 0 | M58: =IF(ROW()=11, IF($B$4>0,E58/$B$4,""), IF($B$4>0, (OFFSET(M58,-1,0)*$B$4 + E58)/$B$4, "") ) | N58: =IF(ROW()=11, IF($B$4>0,F58/$B$4,""), IF($B$4>0, (OFFSET(N58,-1,0)*$B$4 + F58)/$B$4, "") ) | O58: =$O$10 -> 0.0005 | S58: =IF($P58="FULL FEED",Q58,Q58*2) -> 0 | T58: =IF($P58="FULL FEED",R58,R58*2) -> 0 | U58: =IF(P58="FULL FEED",(Q58*G58/1000),(Q58*2*G58/1000)) -> 0 | V58: =IF(P58="FULL FEED",(R58*H58/1000),(R58*2*H58/1000)) -> 0 | W58: =W57 -> 61 | X58: =X57 -> 40 | AE58: =SUM(Z58,AA58,AB58,AC58) -> 0 | AF58: =Y58-AE58 -> 0 | AG58: =IFERROR(Y58/H57,0) -> 0 | AH58: =IFERROR(Z58/$Y58,0) -> 0 | AI58: =IFERROR(AA58/$Y58,0) -> 0 | AJ58: =IFERROR(AB58/$Y58,0) -> 0 | AK58: =IFERROR(AC58/$Y58,0) -> 0 | AL58: =IFERROR(AE58/Y58,0) -> 0 | AM58: =IFERROR(AF58/Y58,0) -> 0 | AU58: =IF(OR(AT58="",AR58=""),"", (AT58-AR58)/100*1000) | AV58: =IF(OR(AR59="",OFFSET(AR59,-1,0)=""),"", (AR59-OFFSET(AR59,-1,0))/100*1000) | AW58: =IFERROR(IF(OR(AR58="",AT58="",K58="",L58=""),"", ((AT58-AR58)/100*1000)/(U58+V58)),0) | AX58: =IF(OR(AR58="",AR59="",M58="",N58=""),"", ((AR59-AR58)/100*1000)/((G58+H58))*1000) | BA58: =IF(OR(AY58="",AZ58=""),"",MOD(AZ58-AY58,1)*24) | BD58: =IF(OR(BB58="",BC58=""),"",MOD(BC58-BB58,1)*24)
A59: =A52+1 -> 7.7 | B59: =B58+1 -> 49 | G59: =G58-E59-C59 -> 0 | H59: =H58-F59-D59 -> 0 | I59: =IFERROR(C59/G58,0) -> 0 | J59: =IFERROR(E59/G58,0) -> 0 | K59: =IFERROR(D59/H58,0) -> 0 | L59: =IFERROR(F59/H58,0) -> 0 | M59: =IF(ROW()=11, IF($B$4>0,E59/$B$4,""), IF($B$4>0, (OFFSET(M59,-1,0)*$B$4 + E59)/$B$4, "") ) | N59: =IF(ROW()=11, IF($B$4>0,F59/$B$4,""), IF($B$4>0, (OFFSET(N59,-1,0)*$B$4 + F59)/$B$4, "") ) | O59: =$O$10 -> 0.0005 | S59: =IF($P59="FULL FEED",Q59,Q59*2) -> 0 | T59: =IF($P59="FULL FEED",R59,R59*2) -> 0 | U59: =IF(P59="FULL FEED",(Q59*G59/1000),(Q59*2*G59/1000)) -> 0 | V59: =IF(P59="FULL FEED",(R59*H59/1000),(R59*2*H59/1000)) -> 0 | W59: =W58 -> 61 | X59: =X58 -> 40 | AE59: =SUM(Z59,AA59,AB59,AC59) -> 0 | AF59: =Y59-AE59 -> 0 | AG59: =IFERROR(Y59/H58,0) -> 0 | AH59: =IFERROR(Z59/$Y59,0) -> 0 | AI59: =IFERROR(AA59/$Y59,0) -> 0 | AJ59: =IFERROR(AB59/$Y59,0) -> 0 | AK59: =IFERROR(AC59/$Y59,0) -> 0 | AL59: =IFERROR(AE59/Y59,0) -> 0 | AM59: =IFERROR(AF59/Y59,0) -> 0 | AU59: =IF(OR(AT59="",AR59=""),"", (AT59-AR59)/100*1000) | AV59: =IF(OR(AR60="",OFFSET(AR60,-1,0)=""),"", (AR60-OFFSET(AR60,-1,0))/100*1000) | AW59: =IFERROR(IF(OR(AR59="",AT59="",K59="",L59=""),"", ((AT59-AR59)/100*1000)/(U59+V59)),0) | AX59: =IF(OR(AR59="",AR60="",M59="",N59=""),"", ((AR60-AR59)/100*1000)/((G59+H59))*1000) | BA59: =IF(OR(AY59="",AZ59=""),"",MOD(AZ59-AY59,1)*24) | BD59: =IF(OR(BB59="",BC59=""),"",MOD(BC59-BB59,1)*24)
A60: =A53+1 -> 8.1 | B60: =B59+1 -> 50 | G60: =G59-E60-C60 -> 0 | H60: =H59-F60-D60 -> 0 | I60: =IFERROR(C60/G59,0) -> 0 | J60: =IFERROR(E60/G59,0) -> 0 | K60: =IFERROR(D60/H59,0) -> 0 | L60: =IFERROR(F60/H59,0) -> 0 | M60: =IF(ROW()=11, IF($B$4>0,E60/$B$4,""), IF($B$4>0, (OFFSET(M60,-1,0)*$B$4 + E60)/$B$4, "") ) | N60: =IF(ROW()=11, IF($B$4>0,F60/$B$4,""), IF($B$4>0, (OFFSET(N60,-1,0)*$B$4 + F60)/$B$4, "") ) | O60: =$O$10 -> 0.0005 | S60: =IF($P60="FULL FEED",Q60,Q60*2) -> 0 | T60: =IF($P60="FULL FEED",R60,R60*2) -> 0 | U60: =IF(P60="FULL FEED",(Q60*G60/1000),(Q60*2*G60/1000)) -> 0 | V60: =IF(P60="FULL FEED",(R60*H60/1000),(R60*2*H60/1000)) -> 0 | W60: 63 | X60: 43 | AE60: =SUM(Z60,AA60,AB60,AC60) -> 0 | AF60: =Y60-AE60 -> 0 | AG60: =IFERROR(Y60/H59,0) -> 0 | AH60: =IFERROR(Z60/$Y60,0) -> 0 | AI60: =IFERROR(AA60/$Y60,0) -> 0 | AJ60: =IFERROR(AB60/$Y60,0) -> 0 | AK60: =IFERROR(AC60/$Y60,0) -> 0 | AL60: =IFERROR(AE60/Y60,0) -> 0 | AM60: =IFERROR(AF60/Y60,0) -> 0 | AU60: =IF(OR(AT60="",AR60=""),"", (AT60-AR60)/100*1000) | AV60: =IF(OR(AR61="",OFFSET(AR61,-1,0)=""),"", (AR61-OFFSET(AR61,-1,0))/100*1000) | AW60: =IFERROR(IF(OR(AR60="",AT60="",K60="",L60=""),"", ((AT60-AR60)/100*1000)/(U60+V60)),0) | AX60: =IF(OR(AR60="",AR61="",M60="",N60=""),"", ((AR61-AR60)/100*1000)/((G60+H60))*1000) | BA60: =IF(OR(AY60="",AZ60=""),"",MOD(AZ60-AY60,1)*24) | BD60: =IF(OR(BB60="",BC60=""),"",MOD(BC60-BB60,1)*24)
A61: =A54+1 -> 8.2 | B61: =B60+1 -> 51 | G61: =G60-E61-C61 -> 0 | H61: =H60-F61-D61 -> 0 | I61: =IFERROR(C61/G60,0) -> 0 | J61: =IFERROR(E61/G60,0) -> 0 | K61: =IFERROR(D61/H60,0) -> 0 | L61: =IFERROR(F61/H60,0) -> 0 | M61: =IF(ROW()=11, IF($B$4>0,E61/$B$4,""), IF($B$4>0, (OFFSET(M61,-1,0)*$B$4 + E61)/$B$4, "") ) | N61: =IF(ROW()=11, IF($B$4>0,F61/$B$4,""), IF($B$4>0, (OFFSET(N61,-1,0)*$B$4 + F61)/$B$4, "") ) | O61: =$O$10 -> 0.0005 | S61: =IF($P61="FULL FEED",Q61,Q61*2) -> 0 | T61: =IF($P61="FULL FEED",R61,R61*2) -> 0 | U61: =IF(P61="FULL FEED",(Q61*G61/1000),(Q61*2*G61/1000)) -> 0 | V61: =IF(P61="FULL FEED",(R61*H61/1000),(R61*2*H61/1000)) -> 0 | W61: =W60 -> 63 | X61: =X60 -> 43 | AE61: =SUM(Z61,AA61,AB61,AC61) -> 0 | AF61: =Y61-AE61 -> 0 | AG61: =IFERROR(Y61/H60,0) -> 0 | AH61: =IFERROR(Z61/$Y61,0) -> 0 | AI61: =IFERROR(AA61/$Y61,0) -> 0 | AJ61: =IFERROR(AB61/$Y61,0) -> 0 | AK61: =IFERROR(AC61/$Y61,0) -> 0 | AL61: =IFERROR(AE61/Y61,0) -> 0 | AM61: =IFERROR(AF61/Y61,0) -> 0 | AU61: =IF(OR(AT61="",AR61=""),"", (AT61-AR61)/100*1000) | AV61: =IF(OR(AR62="",OFFSET(AR62,-1,0)=""),"", (AR62-OFFSET(AR62,-1,0))/100*1000) | AW61: =IFERROR(IF(OR(AR61="",AT61="",K61="",L61=""),"", ((AT61-AR61)/100*1000)/(U61+V61)),0) | AX61: =IF(OR(AR61="",AR62="",M61="",N61=""),"", ((AR62-AR61)/100*1000)/((G61+H61))*1000) | BA61: =IF(OR(AY61="",AZ61=""),"",MOD(AZ61-AY61,1)*24) | BD61: =IF(OR(BB61="",BC61=""),"",MOD(BC61-BB61,1)*24)
A62: =A55+1 -> 8.3 | B62: =B61+1 -> 52 | G62: =G61-E62-C62 -> 0 | H62: =H61-F62-D62 -> 0 | I62: =IFERROR(C62/G61,0) -> 0 | J62: =IFERROR(E62/G61,0) -> 0 | K62: =IFERROR(D62/H61,0) -> 0 | L62: =IFERROR(F62/H61,0) -> 0 | M62: =IF(ROW()=11, IF($B$4>0,E62/$B$4,""), IF($B$4>0, (OFFSET(M62,-1,0)*$B$4 + E62)/$B$4, "") ) | N62: =IF(ROW()=11, IF($B$4>0,F62/$B$4,""), IF($B$4>0, (OFFSET(N62,-1,0)*$B$4 + F62)/$B$4, "") ) | O62: =$O$10 -> 0.0005 | S62: =IF($P62="FULL FEED",Q62,Q62*2) -> 0 | T62: =IF($P62="FULL FEED",R62,R62*2) -> 0 | U62: =IF(P62="FULL FEED",(Q62*G62/1000),(Q62*2*G62/1000)) -> 0 | V62: =IF(P62="FULL FEED",(R62*H62/1000),(R62*2*H62/1000)) -> 0 | W62: =W61 -> 63 | X62: =X61 -> 43 | AE62: =SUM(Z62,AA62,AB62,AC62) -> 0 | AF62: =Y62-AE62 -> 0 | AG62: =IFERROR(Y62/H61,0) -> 0 | AH62: =IFERROR(Z62/$Y62,0) -> 0 | AI62: =IFERROR(AA62/$Y62,0) -> 0 | AJ62: =IFERROR(AB62/$Y62,0) -> 0 | AK62: =IFERROR(AC62/$Y62,0) -> 0 | AL62: =IFERROR(AE62/Y62,0) -> 0 | AM62: =IFERROR(AF62/Y62,0) -> 0 | AU62: =IF(OR(AT62="",AR62=""),"", (AT62-AR62)/100*1000) | AV62: =IF(OR(AR63="",OFFSET(AR63,-1,0)=""),"", (AR63-OFFSET(AR63,-1,0))/100*1000) | AW62: =IFERROR(IF(OR(AR62="",AT62="",K62="",L62=""),"", ((AT62-AR62)/100*1000)/(U62+V62)),0) | AX62: =IF(OR(AR62="",AR63="",M62="",N62=""),"", ((AR63-AR62)/100*1000)/((G62+H62))*1000) | BA62: =IF(OR(AY62="",AZ62=""),"",MOD(AZ62-AY62,1)*24) | BD62: =IF(OR(BB62="",BC62=""),"",MOD(BC62-BB62,1)*24)
A63: =A56+1 -> 8.4 | B63: =B62+1 -> 53 | G63: =G62-E63-C63 -> 0 | H63: =H62-F63-D63 -> 0 | I63: =IFERROR(C63/G62,0) -> 0 | J63: =IFERROR(E63/G62,0) -> 0 | K63: =IFERROR(D63/H62,0) -> 0 | L63: =IFERROR(F63/H62,0) -> 0 | M63: =IF(ROW()=11, IF($B$4>0,E63/$B$4,""), IF($B$4>0, (OFFSET(M63,-1,0)*$B$4 + E63)/$B$4, "") ) | N63: =IF(ROW()=11, IF($B$4>0,F63/$B$4,""), IF($B$4>0, (OFFSET(N63,-1,0)*$B$4 + F63)/$B$4, "") ) | O63: =$O$10 -> 0.0005 | S63: =IF($P63="FULL FEED",Q63,Q63*2) -> 0 | T63: =IF($P63="FULL FEED",R63,R63*2) -> 0 | U63: =IF(P63="FULL FEED",(Q63*G63/1000),(Q63*2*G63/1000)) -> 0 | V63: =IF(P63="FULL FEED",(R63*H63/1000),(R63*2*H63/1000)) -> 0 | W63: =W62 -> 63 | X63: =X62 -> 43 | AE63: =SUM(Z63,AA63,AB63,AC63) -> 0 | AF63: =Y63-AE63 -> 0 | AG63: =IFERROR(Y63/H62,0) -> 0 | AH63: =IFERROR(Z63/$Y63,0) -> 0 | AI63: =IFERROR(AA63/$Y63,0) -> 0 | AJ63: =IFERROR(AB63/$Y63,0) -> 0 | AK63: =IFERROR(AC63/$Y63,0) -> 0 | AL63: =IFERROR(AE63/Y63,0) -> 0 | AM63: =IFERROR(AF63/Y63,0) -> 0 | AU63: =IF(OR(AT63="",AR63=""),"", (AT63-AR63)/100*1000) | AV63: =IF(OR(AR64="",OFFSET(AR64,-1,0)=""),"", (AR64-OFFSET(AR64,-1,0))/100*1000) | AW63: =IFERROR(IF(OR(AR63="",AT63="",K63="",L63=""),"", ((AT63-AR63)/100*1000)/(U63+V63)),0) | AX63: =IF(OR(AR63="",AR64="",M63="",N63=""),"", ((AR64-AR63)/100*1000)/((G63+H63))*1000) | BA63: =IF(OR(AY63="",AZ63=""),"",MOD(AZ63-AY63,1)*24) | BD63: =IF(OR(BB63="",BC63=""),"",MOD(BC63-BB63,1)*24)
A64: =A57+1 -> 8.5 | B64: =B63+1 -> 54 | G64: =G63-E64-C64 -> 0 | H64: =H63-F64-D64 -> 0 | I64: =IFERROR(C64/G63,0) -> 0 | J64: =IFERROR(E64/G63,0) -> 0 | K64: =IFERROR(D64/H63,0) -> 0 | L64: =IFERROR(F64/H63,0) -> 0 | M64: =IF(ROW()=11, IF($B$4>0,E64/$B$4,""), IF($B$4>0, (OFFSET(M64,-1,0)*$B$4 + E64)/$B$4, "") ) | N64: =IF(ROW()=11, IF($B$4>0,F64/$B$4,""), IF($B$4>0, (OFFSET(N64,-1,0)*$B$4 + F64)/$B$4, "") ) | O64: =$O$10 -> 0.0005 | S64: =IF($P64="FULL FEED",Q64,Q64*2) -> 0 | T64: =IF($P64="FULL FEED",R64,R64*2) -> 0 | U64: =IF(P64="FULL FEED",(Q64*G64/1000),(Q64*2*G64/1000)) -> 0 | V64: =IF(P64="FULL FEED",(R64*H64/1000),(R64*2*H64/1000)) -> 0 | W64: =W63 -> 63 | X64: =X63 -> 43 | AE64: =SUM(Z64,AA64,AB64,AC64) -> 0 | AF64: =Y64-AE64 -> 0 | AG64: =IFERROR(Y64/H63,0) -> 0 | AH64: =IFERROR(Z64/$Y64,0) -> 0 | AI64: =IFERROR(AA64/$Y64,0) -> 0 | AJ64: =IFERROR(AB64/$Y64,0) -> 0 | AK64: =IFERROR(AC64/$Y64,0) -> 0 | AL64: =IFERROR(AE64/Y64,0) -> 0 | AM64: =IFERROR(AF64/Y64,0) -> 0 | AU64: =IF(OR(AT64="",AR64=""),"", (AT64-AR64)/100*1000) | AV64: =IF(OR(AR65="",OFFSET(AR65,-1,0)=""),"", (AR65-OFFSET(AR65,-1,0))/100*1000) | AW64: =IFERROR(IF(OR(AR64="",AT64="",K64="",L64=""),"", ((AT64-AR64)/100*1000)/(U64+V64)),0) | AX64: =IF(OR(AR64="",AR65="",M64="",N64=""),"", ((AR65-AR64)/100*1000)/((G64+H64))*1000) | BA64: =IF(OR(AY64="",AZ64=""),"",MOD(AZ64-AY64,1)*24) | BD64: =IF(OR(BB64="",BC64=""),"",MOD(BC64-BB64,1)*24)
A65: =A58+1 -> 8.6 | B65: =B64+1 -> 55 | G65: =G64-E65-C65 -> 0 | H65: =H64-F65-D65 -> 0 | I65: =IFERROR(C65/G64,0) -> 0 | J65: =IFERROR(E65/G64,0) -> 0 | K65: =IFERROR(D65/H64,0) -> 0 | L65: =IFERROR(F65/H64,0) -> 0 | M65: =IF(ROW()=11, IF($B$4>0,E65/$B$4,""), IF($B$4>0, (OFFSET(M65,-1,0)*$B$4 + E65)/$B$4, "") ) | N65: =IF(ROW()=11, IF($B$4>0,F65/$B$4,""), IF($B$4>0, (OFFSET(N65,-1,0)*$B$4 + F65)/$B$4, "") ) | O65: =$O$10 -> 0.0005 | S65: =IF($P65="FULL FEED",Q65,Q65*2) -> 0 | T65: =IF($P65="FULL FEED",R65,R65*2) -> 0 | U65: =IF(P65="FULL FEED",(Q65*G65/1000),(Q65*2*G65/1000)) -> 0 | V65: =IF(P65="FULL FEED",(R65*H65/1000),(R65*2*H65/1000)) -> 0 | W65: =W64 -> 63 | X65: =X64 -> 43 | AE65: =SUM(Z65,AA65,AB65,AC65) -> 0 | AF65: =Y65-AE65 -> 0 | AG65: =IFERROR(Y65/H64,0) -> 0 | AH65: =IFERROR(Z65/$Y65,0) -> 0 | AI65: =IFERROR(AA65/$Y65,0) -> 0 | AJ65: =IFERROR(AB65/$Y65,0) -> 0 | AK65: =IFERROR(AC65/$Y65,0) -> 0 | AL65: =IFERROR(AE65/Y65,0) -> 0 | AM65: =IFERROR(AF65/Y65,0) -> 0 | AU65: =IF(OR(AT65="",AR65=""),"", (AT65-AR65)/100*1000) | AV65: =IF(OR(AR66="",OFFSET(AR66,-1,0)=""),"", (AR66-OFFSET(AR66,-1,0))/100*1000) | AW65: =IFERROR(IF(OR(AR65="",AT65="",K65="",L65=""),"", ((AT65-AR65)/100*1000)/(U65+V65)),0) | AX65: =IF(OR(AR65="",AR66="",M65="",N65=""),"", ((AR66-AR65)/100*1000)/((G65+H65))*1000) | BA65: =IF(OR(AY65="",AZ65=""),"",MOD(AZ65-AY65,1)*24) | BD65: =IF(OR(BB65="",BC65=""),"",MOD(BC65-BB65,1)*24)
A66: =A59+1 -> 8.7 | B66: =B65+1 -> 56 | G66: =G65-E66-C66 -> 0 | H66: =H65-F66-D66 -> 0 | I66: =IFERROR(C66/G65,0) -> 0 | J66: =IFERROR(E66/G65,0) -> 0 | K66: =IFERROR(D66/H65,0) -> 0 | L66: =IFERROR(F66/H65,0) -> 0 | M66: =IF(ROW()=11, IF($B$4>0,E66/$B$4,""), IF($B$4>0, (OFFSET(M66,-1,0)*$B$4 + E66)/$B$4, "") ) | N66: =IF(ROW()=11, IF($B$4>0,F66/$B$4,""), IF($B$4>0, (OFFSET(N66,-1,0)*$B$4 + F66)/$B$4, "") ) | O66: =$O$10 -> 0.0005 | S66: =IF($P66="FULL FEED",Q66,Q66*2) -> 0 | T66: =IF($P66="FULL FEED",R66,R66*2) -> 0 | U66: =IF(P66="FULL FEED",(Q66*G66/1000),(Q66*2*G66/1000)) -> 0 | V66: =IF(P66="FULL FEED",(R66*H66/1000),(R66*2*H66/1000)) -> 0 | W66: =W65 -> 63 | X66: =X65 -> 43 | AE66: =SUM(Z66,AA66,AB66,AC66) -> 0 | AF66: =Y66-AE66 -> 0 | AG66: =IFERROR(Y66/H65,0) -> 0 | AH66: =IFERROR(Z66/$Y66,0) -> 0 | AI66: =IFERROR(AA66/$Y66,0) -> 0 | AJ66: =IFERROR(AB66/$Y66,0) -> 0 | AK66: =IFERROR(AC66/$Y66,0) -> 0 | AL66: =IFERROR(AE66/Y66,0) -> 0 | AM66: =IFERROR(AF66/Y66,0) -> 0 | AU66: =IF(OR(AT66="",AR66=""),"", (AT66-AR66)/100*1000) | AV66: =IF(OR(AR67="",OFFSET(AR67,-1,0)=""),"", (AR67-OFFSET(AR67,-1,0))/100*1000) | AW66: =IFERROR(IF(OR(AR66="",AT66="",K66="",L66=""),"", ((AT66-AR66)/100*1000)/(U66+V66)),0) | AX66: =IF(OR(AR66="",AR67="",M66="",N66=""),"", ((AR67-AR66)/100*1000)/((G66+H66))*1000) | BA66: =IF(OR(AY66="",AZ66=""),"",MOD(AZ66-AY66,1)*24) | BD66: =IF(OR(BB66="",BC66=""),"",MOD(BC66-BB66,1)*24)
A67: =A60+1 -> 9.1 | B67: =B66+1 -> 57 | G67: =G66-E67-C67 -> 0 | H67: =H66-F67-D67 -> 0 | I67: =IFERROR(C67/G66,0) -> 0 | J67: =IFERROR(E67/G66,0) -> 0 | K67: =IFERROR(D67/H66,0) -> 0 | L67: =IFERROR(F67/H66,0) -> 0 | M67: =IF(ROW()=11, IF($B$4>0,E67/$B$4,""), IF($B$4>0, (OFFSET(M67,-1,0)*$B$4 + E67)/$B$4, "") ) | N67: =IF(ROW()=11, IF($B$4>0,F67/$B$4,""), IF($B$4>0, (OFFSET(N67,-1,0)*$B$4 + F67)/$B$4, "") ) | O67: =$O$10 -> 0.0005 | S67: =IF($P67="FULL FEED",Q67,Q67*2) -> 0 | T67: =IF($P67="FULL FEED",R67,R67*2) -> 0 | U67: =IF(P67="FULL FEED",(Q67*G67/1000),(Q67*2*G67/1000)) -> 0 | V67: =IF(P67="FULL FEED",(R67*H67/1000),(R67*2*H67/1000)) -> 0 | W67: 65 | X67: 46 | AE67: =SUM(Z67,AA67,AB67,AC67) -> 0 | AF67: =Y67-AE67 -> 0 | AG67: =IFERROR(Y67/H66,0) -> 0 | AH67: =IFERROR(Z67/$Y67,0) -> 0 | AI67: =IFERROR(AA67/$Y67,0) -> 0 | AJ67: =IFERROR(AB67/$Y67,0) -> 0 | AK67: =IFERROR(AC67/$Y67,0) -> 0 | AL67: =IFERROR(AE67/Y67,0) -> 0 | AM67: =IFERROR(AF67/Y67,0) -> 0 | AU67: =IF(OR(AT67="",AR67=""),"", (AT67-AR67)/100*1000) | AV67: =IF(OR(AR68="",OFFSET(AR68,-1,0)=""),"", (AR68-OFFSET(AR68,-1,0))/100*1000) | AW67: =IFERROR(IF(OR(AR67="",AT67="",K67="",L67=""),"", ((AT67-AR67)/100*1000)/(U67+V67)),0) | AX67: =IF(OR(AR67="",AR68="",M67="",N67=""),"", ((AR68-AR67)/100*1000)/((G67+H67))*1000) | BA67: =IF(OR(AY67="",AZ67=""),"",MOD(AZ67-AY67,1)*24) | BD67: =IF(OR(BB67="",BC67=""),"",MOD(BC67-BB67,1)*24)
A68: =A61+1 -> 9.2 | B68: =B67+1 -> 58 | G68: =G67-E68-C68 -> 0 | H68: =H67-F68-D68 -> 0 | I68: =IFERROR(C68/G67,0) -> 0 | J68: =IFERROR(E68/G67,0) -> 0 | K68: =IFERROR(D68/H67,0) -> 0 | L68: =IFERROR(F68/H67,0) -> 0 | M68: =IF(ROW()=11, IF($B$4>0,E68/$B$4,""), IF($B$4>0, (OFFSET(M68,-1,0)*$B$4 + E68)/$B$4, "") ) | N68: =IF(ROW()=11, IF($B$4>0,F68/$B$4,""), IF($B$4>0, (OFFSET(N68,-1,0)*$B$4 + F68)/$B$4, "") ) | O68: =$O$10 -> 0.0005 | S68: =IF($P68="FULL FEED",Q68,Q68*2) -> 0 | T68: =IF($P68="FULL FEED",R68,R68*2) -> 0 | U68: =IF(P68="FULL FEED",(Q68*G68/1000),(Q68*2*G68/1000)) -> 0 | V68: =IF(P68="FULL FEED",(R68*H68/1000),(R68*2*H68/1000)) -> 0 | W68: =W67 -> 65 | X68: =X67 -> 46 | AE68: =SUM(Z68,AA68,AB68,AC68) -> 0 | AF68: =Y68-AE68 -> 0 | AG68: =IFERROR(Y68/H67,0) -> 0 | AH68: =IFERROR(Z68/$Y68,0) -> 0 | AI68: =IFERROR(AA68/$Y68,0) -> 0 | AJ68: =IFERROR(AB68/$Y68,0) -> 0 | AK68: =IFERROR(AC68/$Y68,0) -> 0 | AL68: =IFERROR(AE68/Y68,0) -> 0 | AM68: =IFERROR(AF68/Y68,0) -> 0 | AU68: =IF(OR(AT68="",AR68=""),"", (AT68-AR68)/100*1000) | AV68: =IF(OR(AR69="",OFFSET(AR69,-1,0)=""),"", (AR69-OFFSET(AR69,-1,0))/100*1000) | AW68: =IFERROR(IF(OR(AR68="",AT68="",K68="",L68=""),"", ((AT68-AR68)/100*1000)/(U68+V68)),0) | AX68: =IF(OR(AR68="",AR69="",M68="",N68=""),"", ((AR69-AR68)/100*1000)/((G68+H68))*1000) | BA68: =IF(OR(AY68="",AZ68=""),"",MOD(AZ68-AY68,1)*24) | BD68: =IF(OR(BB68="",BC68=""),"",MOD(BC68-BB68,1)*24)
A69: =A62+1 -> 9.3 | B69: =B68+1 -> 59 | G69: =G68-E69-C69 -> 0 | H69: =H68-F69-D69 -> 0 | I69: =IFERROR(C69/G68,0) -> 0 | J69: =IFERROR(E69/G68,0) -> 0 | K69: =IFERROR(D69/H68,0) -> 0 | L69: =IFERROR(F69/H68,0) -> 0 | M69: =IF(ROW()=11, IF($B$4>0,E69/$B$4,""), IF($B$4>0, (OFFSET(M69,-1,0)*$B$4 + E69)/$B$4, "") ) | N69: =IF(ROW()=11, IF($B$4>0,F69/$B$4,""), IF($B$4>0, (OFFSET(N69,-1,0)*$B$4 + F69)/$B$4, "") ) | O69: =$O$10 -> 0.0005 | S69: =IF($P69="FULL FEED",Q69,Q69*2) -> 0 | T69: =IF($P69="FULL FEED",R69,R69*2) -> 0 | U69: =IF(P69="FULL FEED",(Q69*G69/1000),(Q69*2*G69/1000)) -> 0 | V69: =IF(P69="FULL FEED",(R69*H69/1000),(R69*2*H69/1000)) -> 0 | W69: =W68 -> 65 | X69: =X68 -> 46 | AE69: =SUM(Z69,AA69,AB69,AC69) -> 0 | AF69: =Y69-AE69 -> 0 | AG69: =IFERROR(Y69/H68,0) -> 0 | AH69: =IFERROR(Z69/$Y69,0) -> 0 | AI69: =IFERROR(AA69/$Y69,0) -> 0 | AJ69: =IFERROR(AB69/$Y69,0) -> 0 | AK69: =IFERROR(AC69/$Y69,0) -> 0 | AL69: =IFERROR(AE69/Y69,0) -> 0 | AM69: =IFERROR(AF69/Y69,0) -> 0 | AU69: =IF(OR(AT69="",AR69=""),"", (AT69-AR69)/100*1000) | AV69: =IF(OR(AR70="",OFFSET(AR70,-1,0)=""),"", (AR70-OFFSET(AR70,-1,0))/100*1000) | AW69: =IFERROR(IF(OR(AR69="",AT69="",K69="",L69=""),"", ((AT69-AR69)/100*1000)/(U69+V69)),0) | AX69: =IF(OR(AR69="",AR70="",M69="",N69=""),"", ((AR70-AR69)/100*1000)/((G69+H69))*1000) | BA69: =IF(OR(AY69="",AZ69=""),"",MOD(AZ69-AY69,1)*24) | BD69: =IF(OR(BB69="",BC69=""),"",MOD(BC69-BB69,1)*24)
A70: =A63+1 -> 9.4 | B70: =B69+1 -> 60 | G70: =G69-E70-C70 -> 0 | H70: =H69-F70-D70 -> 0 | I70: =IFERROR(C70/G69,0) -> 0 | J70: =IFERROR(E70/G69,0) -> 0 | K70: =IFERROR(D70/H69,0) -> 0 | L70: =IFERROR(F70/H69,0) -> 0 | M70: =IF(ROW()=11, IF($B$4>0,E70/$B$4,""), IF($B$4>0, (OFFSET(M70,-1,0)*$B$4 + E70)/$B$4, "") ) | N70: =IF(ROW()=11, IF($B$4>0,F70/$B$4,""), IF($B$4>0, (OFFSET(N70,-1,0)*$B$4 + F70)/$B$4, "") ) | O70: =$O$10 -> 0.0005 | S70: =IF($P70="FULL FEED",Q70,Q70*2) -> 0 | T70: =IF($P70="FULL FEED",R70,R70*2) -> 0 | U70: =IF(P70="FULL FEED",(Q70*G70/1000),(Q70*2*G70/1000)) -> 0 | V70: =IF(P70="FULL FEED",(R70*H70/1000),(R70*2*H70/1000)) -> 0 | W70: =W69 -> 65 | X70: =X69 -> 46 | AE70: =SUM(Z70,AA70,AB70,AC70) -> 0 | AF70: =Y70-AE70 -> 0 | AG70: =IFERROR(Y70/H69,0) -> 0 | AH70: =IFERROR(Z70/$Y70,0) -> 0 | AI70: =IFERROR(AA70/$Y70,0) -> 0 | AJ70: =IFERROR(AB70/$Y70,0) -> 0 | AK70: =IFERROR(AC70/$Y70,0) -> 0 | AL70: =IFERROR(AE70/Y70,0) -> 0 | AM70: =IFERROR(AF70/Y70,0) -> 0 | AU70: =IF(OR(AT70="",AR70=""),"", (AT70-AR70)/100*1000) | AV70: =IF(OR(AR71="",OFFSET(AR71,-1,0)=""),"", (AR71-OFFSET(AR71,-1,0))/100*1000) | AW70: =IFERROR(IF(OR(AR70="",AT70="",K70="",L70=""),"", ((AT70-AR70)/100*1000)/(U70+V70)),0) | AX70: =IF(OR(AR70="",AR71="",M70="",N70=""),"", ((AR71-AR70)/100*1000)/((G70+H70))*1000) | BA70: =IF(OR(AY70="",AZ70=""),"",MOD(AZ70-AY70,1)*24) | BD70: =IF(OR(BB70="",BC70=""),"",MOD(BC70-BB70,1)*24)
A71: =A64+1 -> 9.5 | B71: =B70+1 -> 61 | G71: =G70-E71-C71 -> 0 | H71: =H70-F71-D71 -> 0 | I71: =IFERROR(C71/G70,0) -> 0 | J71: =IFERROR(E71/G70,0) -> 0 | K71: =IFERROR(D71/H70,0) -> 0 | L71: =IFERROR(F71/H70,0) -> 0 | M71: =IF(ROW()=11, IF($B$4>0,E71/$B$4,""), IF($B$4>0, (OFFSET(M71,-1,0)*$B$4 + E71)/$B$4, "") ) | N71: =IF(ROW()=11, IF($B$4>0,F71/$B$4,""), IF($B$4>0, (OFFSET(N71,-1,0)*$B$4 + F71)/$B$4, "") ) | O71: =$O$10 -> 0.0005 | S71: =IF($P71="FULL FEED",Q71,Q71*2) -> 0 | T71: =IF($P71="FULL FEED",R71,R71*2) -> 0 | U71: =IF(P71="FULL FEED",(Q71*G71/1000),(Q71*2*G71/1000)) -> 0 | V71: =IF(P71="FULL FEED",(R71*H71/1000),(R71*2*H71/1000)) -> 0 | W71: =W70 -> 65 | X71: =X70 -> 46 | AE71: =SUM(Z71,AA71,AB71,AC71) -> 0 | AF71: =Y71-AE71 -> 0 | AG71: =IFERROR(Y71/H70,0) -> 0 | AH71: =IFERROR(Z71/$Y71,0) -> 0 | AI71: =IFERROR(AA71/$Y71,0) -> 0 | AJ71: =IFERROR(AB71/$Y71,0) -> 0 | AK71: =IFERROR(AC71/$Y71,0) -> 0 | AL71: =IFERROR(AE71/Y71,0) -> 0 | AM71: =IFERROR(AF71/Y71,0) -> 0 | AU71: =IF(OR(AT71="",AR71=""),"", (AT71-AR71)/100*1000) | AV71: =IF(OR(AR72="",OFFSET(AR72,-1,0)=""),"", (AR72-OFFSET(AR72,-1,0))/100*1000) | AW71: =IFERROR(IF(OR(AR71="",AT71="",K71="",L71=""),"", ((AT71-AR71)/100*1000)/(U71+V71)),0) | AX71: =IF(OR(AR71="",AR72="",M71="",N71=""),"", ((AR72-AR71)/100*1000)/((G71+H71))*1000) | BA71: =IF(OR(AY71="",AZ71=""),"",MOD(AZ71-AY71,1)*24) | BD71: =IF(OR(BB71="",BC71=""),"",MOD(BC71-BB71,1)*24)
A72: =A65+1 -> 9.6 | B72: =B71+1 -> 62 | G72: =G71-E72-C72 -> 0 | H72: =H71-F72-D72 -> 0 | I72: =IFERROR(C72/G71,0) -> 0 | J72: =IFERROR(E72/G71,0) -> 0 | K72: =IFERROR(D72/H71,0) -> 0 | L72: =IFERROR(F72/H71,0) -> 0 | M72: =IF(ROW()=11, IF($B$4>0,E72/$B$4,""), IF($B$4>0, (OFFSET(M72,-1,0)*$B$4 + E72)/$B$4, "") ) | N72: =IF(ROW()=11, IF($B$4>0,F72/$B$4,""), IF($B$4>0, (OFFSET(N72,-1,0)*$B$4 + F72)/$B$4, "") ) | O72: =$O$10 -> 0.0005 | S72: =IF($P72="FULL FEED",Q72,Q72*2) -> 0 | T72: =IF($P72="FULL FEED",R72,R72*2) -> 0 | U72: =IF(P72="FULL FEED",(Q72*G72/1000),(Q72*2*G72/1000)) -> 0 | V72: =IF(P72="FULL FEED",(R72*H72/1000),(R72*2*H72/1000)) -> 0 | W72: =W71 -> 65 | X72: =X71 -> 46 | AE72: =SUM(Z72,AA72,AB72,AC72) -> 0 | AF72: =Y72-AE72 -> 0 | AG72: =IFERROR(Y72/H71,0) -> 0 | AH72: =IFERROR(Z72/$Y72,0) -> 0 | AI72: =IFERROR(AA72/$Y72,0) -> 0 | AJ72: =IFERROR(AB72/$Y72,0) -> 0 | AK72: =IFERROR(AC72/$Y72,0) -> 0 | AL72: =IFERROR(AE72/Y72,0) -> 0 | AM72: =IFERROR(AF72/Y72,0) -> 0 | AU72: =IF(OR(AT72="",AR72=""),"", (AT72-AR72)/100*1000) | AV72: =IF(OR(AR73="",OFFSET(AR73,-1,0)=""),"", (AR73-OFFSET(AR73,-1,0))/100*1000) | AW72: =IFERROR(IF(OR(AR72="",AT72="",K72="",L72=""),"", ((AT72-AR72)/100*1000)/(U72+V72)),0) | AX72: =IF(OR(AR72="",AR73="",M72="",N72=""),"", ((AR73-AR72)/100*1000)/((G72+H72))*1000) | BA72: =IF(OR(AY72="",AZ72=""),"",MOD(AZ72-AY72,1)*24) | BD72: =IF(OR(BB72="",BC72=""),"",MOD(BC72-BB72,1)*24)
A73: =A66+1 -> 9.7 | B73: =B72+1 -> 63 | G73: =G72-E73-C73 -> 0 | H73: =H72-F73-D73 -> 0 | I73: =IFERROR(C73/G72,0) -> 0 | J73: =IFERROR(E73/G72,0) -> 0 | K73: =IFERROR(D73/H72,0) -> 0 | L73: =IFERROR(F73/H72,0) -> 0 | M73: =IF(ROW()=11, IF($B$4>0,E73/$B$4,""), IF($B$4>0, (OFFSET(M73,-1,0)*$B$4 + E73)/$B$4, "") ) | N73: =IF(ROW()=11, IF($B$4>0,F73/$B$4,""), IF($B$4>0, (OFFSET(N73,-1,0)*$B$4 + F73)/$B$4, "") ) | O73: =$O$10 -> 0.0005 | S73: =IF($P73="FULL FEED",Q73,Q73*2) -> 0 | T73: =IF($P73="FULL FEED",R73,R73*2) -> 0 | U73: =IF(P73="FULL FEED",(Q73*G73/1000),(Q73*2*G73/1000)) -> 0 | V73: =IF(P73="FULL FEED",(R73*H73/1000),(R73*2*H73/1000)) -> 0 | W73: =W72 -> 65 | X73: =X72 -> 46 | AE73: =SUM(Z73,AA73,AB73,AC73) -> 0 | AF73: =Y73-AE73 -> 0 | AG73: =IFERROR(Y73/H72,0) -> 0 | AH73: =IFERROR(Z73/$Y73,0) -> 0 | AI73: =IFERROR(AA73/$Y73,0) -> 0 | AJ73: =IFERROR(AB73/$Y73,0) -> 0 | AK73: =IFERROR(AC73/$Y73,0) -> 0 | AL73: =IFERROR(AE73/Y73,0) -> 0 | AM73: =IFERROR(AF73/Y73,0) -> 0 | AU73: =IF(OR(AT73="",AR73=""),"", (AT73-AR73)/100*1000) | AV73: =IF(OR(AR74="",OFFSET(AR74,-1,0)=""),"", (AR74-OFFSET(AR74,-1,0))/100*1000) | AW73: =IFERROR(IF(OR(AR73="",AT73="",K73="",L73=""),"", ((AT73-AR73)/100*1000)/(U73+V73)),0) | AX73: =IF(OR(AR73="",AR74="",M73="",N73=""),"", ((AR74-AR73)/100*1000)/((G73+H73))*1000) | BA73: =IF(OR(AY73="",AZ73=""),"",MOD(AZ73-AY73,1)*24) | BD73: =IF(OR(BB73="",BC73=""),"",MOD(BC73-BB73,1)*24)
A74: =A67+1 -> 10.1 | B74: =B73+1 -> 64 | G74: =G73-E74-C74 -> 0 | H74: =H73-F74-D74 -> 0 | I74: =IFERROR(C74/G73,0) -> 0 | J74: =IFERROR(E74/G73,0) -> 0 | K74: =IFERROR(D74/H73,0) -> 0 | L74: =IFERROR(F74/H73,0) -> 0 | M74: =IF(ROW()=11, IF($B$4>0,E74/$B$4,""), IF($B$4>0, (OFFSET(M74,-1,0)*$B$4 + E74)/$B$4, "") ) | N74: =IF(ROW()=11, IF($B$4>0,F74/$B$4,""), IF($B$4>0, (OFFSET(N74,-1,0)*$B$4 + F74)/$B$4, "") ) | O74: =$O$10 -> 0.0005 | S74: =IF($P74="FULL FEED",Q74,Q74*2) -> 0 | T74: =IF($P74="FULL FEED",R74,R74*2) -> 0 | U74: =IF(P74="FULL FEED",(Q74*G74/1000),(Q74*2*G74/1000)) -> 0 | V74: =IF(P74="FULL FEED",(R74*H74/1000),(R74*2*H74/1000)) -> 0 | W74: 67 | X74: 50 | AE74: =SUM(Z74,AA74,AB74,AC74) -> 0 | AF74: =Y74-AE74 -> 0 | AG74: =IFERROR(Y74/H73,0) -> 0 | AH74: =IFERROR(Z74/$Y74,0) -> 0 | AI74: =IFERROR(AA74/$Y74,0) -> 0 | AJ74: =IFERROR(AB74/$Y74,0) -> 0 | AK74: =IFERROR(AC74/$Y74,0) -> 0 | AL74: =IFERROR(AE74/Y74,0) -> 0 | AM74: =IFERROR(AF74/Y74,0) -> 0 | AU74: =IF(OR(AT74="",AR74=""),"", (AT74-AR74)/100*1000) | AV74: =IF(OR(AR75="",OFFSET(AR75,-1,0)=""),"", (AR75-OFFSET(AR75,-1,0))/100*1000) | AW74: =IFERROR(IF(OR(AR74="",AT74="",K74="",L74=""),"", ((AT74-AR74)/100*1000)/(U74+V74)),0) | AX74: =IF(OR(AR74="",AR75="",M74="",N74=""),"", ((AR75-AR74)/100*1000)/((G74+H74))*1000) | BA74: =IF(OR(AY74="",AZ74=""),"",MOD(AZ74-AY74,1)*24) | BD74: =IF(OR(BB74="",BC74=""),"",MOD(BC74-BB74,1)*24)
A75: =A68+1 -> 10.2 | B75: =B74+1 -> 65 | G75: =G74-E75-C75 -> 0 | H75: =H74-F75-D75 -> 0 | I75: =IFERROR(C75/G74,0) -> 0 | J75: =IFERROR(E75/G74,0) -> 0 | K75: =IFERROR(D75/H74,0) -> 0 | L75: =IFERROR(F75/H74,0) -> 0 | M75: =IF(ROW()=11, IF($B$4>0,E75/$B$4,""), IF($B$4>0, (OFFSET(M75,-1,0)*$B$4 + E75)/$B$4, "") ) | N75: =IF(ROW()=11, IF($B$4>0,F75/$B$4,""), IF($B$4>0, (OFFSET(N75,-1,0)*$B$4 + F75)/$B$4, "") ) | O75: =$O$10 -> 0.0005 | S75: =IF($P75="FULL FEED",Q75,Q75*2) -> 0 | T75: =IF($P75="FULL FEED",R75,R75*2) -> 0 | U75: =IF(P75="FULL FEED",(Q75*G75/1000),(Q75*2*G75/1000)) -> 0 | V75: =IF(P75="FULL FEED",(R75*H75/1000),(R75*2*H75/1000)) -> 0 | W75: =W74 -> 67 | X75: =X74 -> 50 | AE75: =SUM(Z75,AA75,AB75,AC75) -> 0 | AF75: =Y75-AE75 -> 0 | AG75: =IFERROR(Y75/H74,0) -> 0 | AH75: =IFERROR(Z75/$Y75,0) -> 0 | AI75: =IFERROR(AA75/$Y75,0) -> 0 | AJ75: =IFERROR(AB75/$Y75,0) -> 0 | AK75: =IFERROR(AC75/$Y75,0) -> 0 | AL75: =IFERROR(AE75/Y75,0) -> 0 | AM75: =IFERROR(AF75/Y75,0) -> 0 | AU75: =IF(OR(AT75="",AR75=""),"", (AT75-AR75)/100*1000) | AV75: =IF(OR(AR76="",OFFSET(AR76,-1,0)=""),"", (AR76-OFFSET(AR76,-1,0))/100*1000) | AW75: =IFERROR(IF(OR(AR75="",AT75="",K75="",L75=""),"", ((AT75-AR75)/100*1000)/(U75+V75)),0) | AX75: =IF(OR(AR75="",AR76="",M75="",N75=""),"", ((AR76-AR75)/100*1000)/((G75+H75))*1000) | BA75: =IF(OR(AY75="",AZ75=""),"",MOD(AZ75-AY75,1)*24) | BD75: =IF(OR(BB75="",BC75=""),"",MOD(BC75-BB75,1)*24)
A76: =A69+1 -> 10.3 | B76: =B75+1 -> 66 | G76: =G75-E76-C76 -> 0 | H76: =H75-F76-D76 -> 0 | I76: =IFERROR(C76/G75,0) -> 0 | J76: =IFERROR(E76/G75,0) -> 0 | K76: =IFERROR(D76/H75,0) -> 0 | L76: =IFERROR(F76/H75,0) -> 0 | M76: =IF(ROW()=11, IF($B$4>0,E76/$B$4,""), IF($B$4>0, (OFFSET(M76,-1,0)*$B$4 + E76)/$B$4, "") ) | N76: =IF(ROW()=11, IF($B$4>0,F76/$B$4,""), IF($B$4>0, (OFFSET(N76,-1,0)*$B$4 + F76)/$B$4, "") ) | O76: =$O$10 -> 0.0005 | S76: =IF($P76="FULL FEED",Q76,Q76*2) -> 0 | T76: =IF($P76="FULL FEED",R76,R76*2) -> 0 | U76: =IF(P76="FULL FEED",(Q76*G76/1000),(Q76*2*G76/1000)) -> 0 | V76: =IF(P76="FULL FEED",(R76*H76/1000),(R76*2*H76/1000)) -> 0 | W76: =W75 -> 67 | X76: =X75 -> 50 | AE76: =SUM(Z76,AA76,AB76,AC76) -> 0 | AF76: =Y76-AE76 -> 0 | AG76: =IFERROR(Y76/H75,0) -> 0 | AH76: =IFERROR(Z76/$Y76,0) -> 0 | AI76: =IFERROR(AA76/$Y76,0) -> 0 | AJ76: =IFERROR(AB76/$Y76,0) -> 0 | AK76: =IFERROR(AC76/$Y76,0) -> 0 | AL76: =IFERROR(AE76/Y76,0) -> 0 | AM76: =IFERROR(AF76/Y76,0) -> 0 | AU76: =IF(OR(AT76="",AR76=""),"", (AT76-AR76)/100*1000) | AV76: =IF(OR(AR77="",OFFSET(AR77,-1,0)=""),"", (AR77-OFFSET(AR77,-1,0))/100*1000) | AW76: =IFERROR(IF(OR(AR76="",AT76="",K76="",L76=""),"", ((AT76-AR76)/100*1000)/(U76+V76)),0) | AX76: =IF(OR(AR76="",AR77="",M76="",N76=""),"", ((AR77-AR76)/100*1000)/((G76+H76))*1000) | BA76: =IF(OR(AY76="",AZ76=""),"",MOD(AZ76-AY76,1)*24) | BD76: =IF(OR(BB76="",BC76=""),"",MOD(BC76-BB76,1)*24)
A77: =A70+1 -> 10.4 | B77: =B76+1 -> 67 | G77: =G76-E77-C77 -> 0 | H77: =H76-F77-D77 -> 0 | I77: =IFERROR(C77/G76,0) -> 0 | J77: =IFERROR(E77/G76,0) -> 0 | K77: =IFERROR(D77/H76,0) -> 0 | L77: =IFERROR(F77/H76,0) -> 0 | M77: =IF(ROW()=11, IF($B$4>0,E77/$B$4,""), IF($B$4>0, (OFFSET(M77,-1,0)*$B$4 + E77)/$B$4, "") ) | N77: =IF(ROW()=11, IF($B$4>0,F77/$B$4,""), IF($B$4>0, (OFFSET(N77,-1,0)*$B$4 + F77)/$B$4, "") ) | O77: =$O$10 -> 0.0005 | S77: =IF($P77="FULL FEED",Q77,Q77*2) -> 0 | T77: =IF($P77="FULL FEED",R77,R77*2) -> 0 | U77: =IF(P77="FULL FEED",(Q77*G77/1000),(Q77*2*G77/1000)) -> 0 | V77: =IF(P77="FULL FEED",(R77*H77/1000),(R77*2*H77/1000)) -> 0 | W77: =W76 -> 67 | X77: =X76 -> 50 | AE77: =SUM(Z77,AA77,AB77,AC77) -> 0 | AF77: =Y77-AE77 -> 0 | AG77: =IFERROR(Y77/H76,0) -> 0 | AH77: =IFERROR(Z77/$Y77,0) -> 0 | AI77: =IFERROR(AA77/$Y77,0) -> 0 | AJ77: =IFERROR(AB77/$Y77,0) -> 0 | AK77: =IFERROR(AC77/$Y77,0) -> 0 | AL77: =IFERROR(AE77/Y77,0) -> 0 | AM77: =IFERROR(AF77/Y77,0) -> 0 | AU77: =IF(OR(AT77="",AR77=""),"", (AT77-AR77)/100*1000) | AV77: =IF(OR(AR78="",OFFSET(AR78,-1,0)=""),"", (AR78-OFFSET(AR78,-1,0))/100*1000) | AW77: =IFERROR(IF(OR(AR77="",AT77="",K77="",L77=""),"", ((AT77-AR77)/100*1000)/(U77+V77)),0) | AX77: =IF(OR(AR77="",AR78="",M77="",N77=""),"", ((AR78-AR77)/100*1000)/((G77+H77))*1000) | BA77: =IF(OR(AY77="",AZ77=""),"",MOD(AZ77-AY77,1)*24) | BD77: =IF(OR(BB77="",BC77=""),"",MOD(BC77-BB77,1)*24)
A78: =A71+1 -> 10.5 | B78: =B77+1 -> 68 | G78: =G77-E78-C78 -> 0 | H78: =H77-F78-D78 -> 0 | I78: =IFERROR(C78/G77,0) -> 0 | J78: =IFERROR(E78/G77,0) -> 0 | K78: =IFERROR(D78/H77,0) -> 0 | L78: =IFERROR(F78/H77,0) -> 0 | M78: =IF(ROW()=11, IF($B$4>0,E78/$B$4,""), IF($B$4>0, (OFFSET(M78,-1,0)*$B$4 + E78)/$B$4, "") ) | N78: =IF(ROW()=11, IF($B$4>0,F78/$B$4,""), IF($B$4>0, (OFFSET(N78,-1,0)*$B$4 + F78)/$B$4, "") ) | O78: =$O$10 -> 0.0005 | S78: =IF($P78="FULL FEED",Q78,Q78*2) -> 0 | T78: =IF($P78="FULL FEED",R78,R78*2) -> 0 | U78: =IF(P78="FULL FEED",(Q78*G78/1000),(Q78*2*G78/1000)) -> 0 | V78: =IF(P78="FULL FEED",(R78*H78/1000),(R78*2*H78/1000)) -> 0 | W78: =W77 -> 67 | X78: =X77 -> 50 | AE78: =SUM(Z78,AA78,AB78,AC78) -> 0 | AF78: =Y78-AE78 -> 0 | AG78: =IFERROR(Y78/H77,0) -> 0 | AH78: =IFERROR(Z78/$Y78,0) -> 0 | AI78: =IFERROR(AA78/$Y78,0) -> 0 | AJ78: =IFERROR(AB78/$Y78,0) -> 0 | AK78: =IFERROR(AC78/$Y78,0) -> 0 | AL78: =IFERROR(AE78/Y78,0) -> 0 | AM78: =IFERROR(AF78/Y78,0) -> 0 | AU78: =IF(OR(AT78="",AR78=""),"", (AT78-AR78)/100*1000) | AV78: =IF(OR(AR79="",OFFSET(AR79,-1,0)=""),"", (AR79-OFFSET(AR79,-1,0))/100*1000) | AW78: =IFERROR(IF(OR(AR78="",AT78="",K78="",L78=""),"", ((AT78-AR78)/100*1000)/(U78+V78)),0) | AX78: =IF(OR(AR78="",AR79="",M78="",N78=""),"", ((AR79-AR78)/100*1000)/((G78+H78))*1000) | BA78: =IF(OR(AY78="",AZ78=""),"",MOD(AZ78-AY78,1)*24) | BD78: =IF(OR(BB78="",BC78=""),"",MOD(BC78-BB78,1)*24)
A79: =A72+1 -> 10.6 | B79: =B78+1 -> 69 | G79: =G78-E79-C79 -> 0 | H79: =H78-F79-D79 -> 0 | I79: =IFERROR(C79/G78,0) -> 0 | J79: =IFERROR(E79/G78,0) -> 0 | K79: =IFERROR(D79/H78,0) -> 0 | L79: =IFERROR(F79/H78,0) -> 0 | M79: =IF(ROW()=11, IF($B$4>0,E79/$B$4,""), IF($B$4>0, (OFFSET(M79,-1,0)*$B$4 + E79)/$B$4, "") ) | N79: =IF(ROW()=11, IF($B$4>0,F79/$B$4,""), IF($B$4>0, (OFFSET(N79,-1,0)*$B$4 + F79)/$B$4, "") ) | O79: =$O$10 -> 0.0005 | S79: =IF($P79="FULL FEED",Q79,Q79*2) -> 0 | T79: =IF($P79="FULL FEED",R79,R79*2) -> 0 | U79: =IF(P79="FULL FEED",(Q79*G79/1000),(Q79*2*G79/1000)) -> 0 | V79: =IF(P79="FULL FEED",(R79*H79/1000),(R79*2*H79/1000)) -> 0 | W79: =W78 -> 67 | X79: =X78 -> 50 | AE79: =SUM(Z79,AA79,AB79,AC79) -> 0 | AF79: =Y79-AE79 -> 0 | AG79: =IFERROR(Y79/H78,0) -> 0 | AH79: =IFERROR(Z79/$Y79,0) -> 0 | AI79: =IFERROR(AA79/$Y79,0) -> 0 | AJ79: =IFERROR(AB79/$Y79,0) -> 0 | AK79: =IFERROR(AC79/$Y79,0) -> 0 | AL79: =IFERROR(AE79/Y79,0) -> 0 | AM79: =IFERROR(AF79/Y79,0) -> 0 | AU79: =IF(OR(AT79="",AR79=""),"", (AT79-AR79)/100*1000) | AV79: =IF(OR(AR80="",OFFSET(AR80,-1,0)=""),"", (AR80-OFFSET(AR80,-1,0))/100*1000) | AW79: =IFERROR(IF(OR(AR79="",AT79="",K79="",L79=""),"", ((AT79-AR79)/100*1000)/(U79+V79)),0) | AX79: =IF(OR(AR79="",AR80="",M79="",N79=""),"", ((AR80-AR79)/100*1000)/((G79+H79))*1000) | BA79: =IF(OR(AY79="",AZ79=""),"",MOD(AZ79-AY79,1)*24) | BD79: =IF(OR(BB79="",BC79=""),"",MOD(BC79-BB79,1)*24)
A80: =A73+1 -> 10.7 | B80: =B79+1 -> 70 | G80: =G79-E80-C80 -> 0 | H80: =H79-F80-D80 -> 0 | I80: =IFERROR(C80/G79,0) -> 0 | J80: =IFERROR(E80/G79,0) -> 0 | K80: =IFERROR(D80/H79,0) -> 0 | L80: =IFERROR(F80/H79,0) -> 0 | M80: =IF(ROW()=11, IF($B$4>0,E80/$B$4,""), IF($B$4>0, (OFFSET(M80,-1,0)*$B$4 + E80)/$B$4, "") ) | N80: =IF(ROW()=11, IF($B$4>0,F80/$B$4,""), IF($B$4>0, (OFFSET(N80,-1,0)*$B$4 + F80)/$B$4, "") ) | O80: =$O$10 -> 0.0005 | S80: =IF($P80="FULL FEED",Q80,Q80*2) -> 0 | T80: =IF($P80="FULL FEED",R80,R80*2) -> 0 | U80: =IF(P80="FULL FEED",(Q80*G80/1000),(Q80*2*G80/1000)) -> 0 | V80: =IF(P80="FULL FEED",(R80*H80/1000),(R80*2*H80/1000)) -> 0 | W80: =W79 -> 67 | X80: =X79 -> 50 | AE80: =SUM(Z80,AA80,AB80,AC80) -> 0 | AF80: =Y80-AE80 -> 0 | AG80: =IFERROR(Y80/H79,0) -> 0 | AH80: =IFERROR(Z80/$Y80,0) -> 0 | AI80: =IFERROR(AA80/$Y80,0) -> 0 | AJ80: =IFERROR(AB80/$Y80,0) -> 0 | AK80: =IFERROR(AC80/$Y80,0) -> 0 | AL80: =IFERROR(AE80/Y80,0) -> 0 | AM80: =IFERROR(AF80/Y80,0) -> 0 | AU80: =IF(OR(AT80="",AR80=""),"", (AT80-AR80)/100*1000) | AV80: =IF(OR(AR81="",OFFSET(AR81,-1,0)=""),"", (AR81-OFFSET(AR81,-1,0))/100*1000) | AW80: =IFERROR(IF(OR(AR80="",AT80="",K80="",L80=""),"", ((AT80-AR80)/100*1000)/(U80+V80)),0) | AX80: =IF(OR(AR80="",AR81="",M80="",N80=""),"", ((AR81-AR80)/100*1000)/((G80+H80))*1000) | BA80: =IF(OR(AY80="",AZ80=""),"",MOD(AZ80-AY80,1)*24) | BD80: =IF(OR(BB80="",BC80=""),"",MOD(BC80-BB80,1)*24)
A81: =A74+1 -> 11.1 | B81: =B80+1 -> 71 | G81: =G80-E81-C81 -> 0 | H81: =H80-F81-D81 -> 0 | I81: =IFERROR(C81/G80,0) -> 0 | J81: =IFERROR(E81/G80,0) -> 0 | K81: =IFERROR(D81/H80,0) -> 0 | L81: =IFERROR(F81/H80,0) -> 0 | M81: =IF(ROW()=11, IF($B$4>0,E81/$B$4,""), IF($B$4>0, (OFFSET(M81,-1,0)*$B$4 + E81)/$B$4, "") ) | N81: =IF(ROW()=11, IF($B$4>0,F81/$B$4,""), IF($B$4>0, (OFFSET(N81,-1,0)*$B$4 + F81)/$B$4, "") ) | O81: =$O$10 -> 0.0005 | S81: =IF($P81="FULL FEED",Q81,Q81*2) -> 0 | T81: =IF($P81="FULL FEED",R81,R81*2) -> 0 | U81: =IF(P81="FULL FEED",(Q81*G81/1000),(Q81*2*G81/1000)) -> 0 | V81: =IF(P81="FULL FEED",(R81*H81/1000),(R81*2*H81/1000)) -> 0 | W81: 69 | X81: 53 | AE81: =SUM(Z81,AA81,AB81,AC81) -> 0 | AF81: =Y81-AE81 -> 0 | AG81: =IFERROR(Y81/H80,0) -> 0 | AH81: =IFERROR(Z81/$Y81,0) -> 0 | AI81: =IFERROR(AA81/$Y81,0) -> 0 | AJ81: =IFERROR(AB81/$Y81,0) -> 0 | AK81: =IFERROR(AC81/$Y81,0) -> 0 | AL81: =IFERROR(AE81/Y81,0) -> 0 | AM81: =IFERROR(AF81/Y81,0) -> 0 | AU81: =IF(OR(AT81="",AR81=""),"", (AT81-AR81)/100*1000) | AV81: =IF(OR(AR82="",OFFSET(AR82,-1,0)=""),"", (AR82-OFFSET(AR82,-1,0))/100*1000) | AW81: =IFERROR(IF(OR(AR81="",AT81="",K81="",L81=""),"", ((AT81-AR81)/100*1000)/(U81+V81)),0) | AX81: =IF(OR(AR81="",AR82="",M81="",N81=""),"", ((AR82-AR81)/100*1000)/((G81+H81))*1000) | BA81: =IF(OR(AY81="",AZ81=""),"",MOD(AZ81-AY81,1)*24) | BD81: =IF(OR(BB81="",BC81=""),"",MOD(BC81-BB81,1)*24)
A82: =A75+1 -> 11.2 | B82: =B81+1 -> 72 | G82: =G81-E82-C82 -> 0 | H82: =H81-F82-D82 -> 0 | I82: =IFERROR(C82/G81,0) -> 0 | J82: =IFERROR(E82/G81,0) -> 0 | K82: =IFERROR(D82/H81,0) -> 0 | L82: =IFERROR(F82/H81,0) -> 0 | M82: =IF(ROW()=11, IF($B$4>0,E82/$B$4,""), IF($B$4>0, (OFFSET(M82,-1,0)*$B$4 + E82)/$B$4, "") ) | N82: =IF(ROW()=11, IF($B$4>0,F82/$B$4,""), IF($B$4>0, (OFFSET(N82,-1,0)*$B$4 + F82)/$B$4, "") ) | O82: =$O$10 -> 0.0005 | S82: =IF($P82="FULL FEED",Q82,Q82*2) -> 0 | T82: =IF($P82="FULL FEED",R82,R82*2) -> 0 | U82: =IF(P82="FULL FEED",(Q82*G82/1000),(Q82*2*G82/1000)) -> 0 | V82: =IF(P82="FULL FEED",(R82*H82/1000),(R82*2*H82/1000)) -> 0 | W82: =W81 -> 69 | X82: =X81 -> 53 | AE82: =SUM(Z82,AA82,AB82,AC82) -> 0 | AF82: =Y82-AE82 -> 0 | AG82: =IFERROR(Y82/H81,0) -> 0 | AH82: =IFERROR(Z82/$Y82,0) -> 0 | AI82: =IFERROR(AA82/$Y82,0) -> 0 | AJ82: =IFERROR(AB82/$Y82,0) -> 0 | AK82: =IFERROR(AC82/$Y82,0) -> 0 | AL82: =IFERROR(AE82/Y82,0) -> 0 | AM82: =IFERROR(AF82/Y82,0) -> 0 | AU82: =IF(OR(AT82="",AR82=""),"", (AT82-AR82)/100*1000) | AV82: =IF(OR(AR83="",OFFSET(AR83,-1,0)=""),"", (AR83-OFFSET(AR83,-1,0))/100*1000) | AW82: =IFERROR(IF(OR(AR82="",AT82="",K82="",L82=""),"", ((AT82-AR82)/100*1000)/(U82+V82)),0) | AX82: =IF(OR(AR82="",AR83="",M82="",N82=""),"", ((AR83-AR82)/100*1000)/((G82+H82))*1000) | BA82: =IF(OR(AY82="",AZ82=""),"",MOD(AZ82-AY82,1)*24) | BD82: =IF(OR(BB82="",BC82=""),"",MOD(BC82-BB82,1)*24)
A83: =A76+1 -> 11.3 | B83: =B82+1 -> 73 | G83: =G82-E83-C83 -> 0 | H83: =H82-F83-D83 -> 0 | I83: =IFERROR(C83/G82,0) -> 0 | J83: =IFERROR(E83/G82,0) -> 0 | K83: =IFERROR(D83/H82,0) -> 0 | L83: =IFERROR(F83/H82,0) -> 0 | M83: =IF(ROW()=11, IF($B$4>0,E83/$B$4,""), IF($B$4>0, (OFFSET(M83,-1,0)*$B$4 + E83)/$B$4, "") ) | N83: =IF(ROW()=11, IF($B$4>0,F83/$B$4,""), IF($B$4>0, (OFFSET(N83,-1,0)*$B$4 + F83)/$B$4, "") ) | O83: =$O$10 -> 0.0005 | S83: =IF($P83="FULL FEED",Q83,Q83*2) -> 0 | T83: =IF($P83="FULL FEED",R83,R83*2) -> 0 | U83: =IF(P83="FULL FEED",(Q83*G83/1000),(Q83*2*G83/1000)) -> 0 | V83: =IF(P83="FULL FEED",(R83*H83/1000),(R83*2*H83/1000)) -> 0 | W83: =W82 -> 69 | X83: =X82 -> 53 | AE83: =SUM(Z83,AA83,AB83,AC83) -> 0 | AF83: =Y83-AE83 -> 0 | AG83: =IFERROR(Y83/H82,0) -> 0 | AH83: =IFERROR(Z83/$Y83,0) -> 0 | AI83: =IFERROR(AA83/$Y83,0) -> 0 | AJ83: =IFERROR(AB83/$Y83,0) -> 0 | AK83: =IFERROR(AC83/$Y83,0) -> 0 | AL83: =IFERROR(AE83/Y83,0) -> 0 | AM83: =IFERROR(AF83/Y83,0) -> 0 | AU83: =IF(OR(AT83="",AR83=""),"", (AT83-AR83)/100*1000) | AV83: =IF(OR(AR84="",OFFSET(AR84,-1,0)=""),"", (AR84-OFFSET(AR84,-1,0))/100*1000) | AW83: =IFERROR(IF(OR(AR83="",AT83="",K83="",L83=""),"", ((AT83-AR83)/100*1000)/(U83+V83)),0) | AX83: =IF(OR(AR83="",AR84="",M83="",N83=""),"", ((AR84-AR83)/100*1000)/((G83+H83))*1000) | BA83: =IF(OR(AY83="",AZ83=""),"",MOD(AZ83-AY83,1)*24) | BD83: =IF(OR(BB83="",BC83=""),"",MOD(BC83-BB83,1)*24)
A84: =A77+1 -> 11.4 | B84: =B83+1 -> 74 | G84: =G83-E84-C84 -> 0 | H84: =H83-F84-D84 -> 0 | I84: =IFERROR(C84/G83,0) -> 0 | J84: =IFERROR(E84/G83,0) -> 0 | K84: =IFERROR(D84/H83,0) -> 0 | L84: =IFERROR(F84/H83,0) -> 0 | M84: =IF(ROW()=11, IF($B$4>0,E84/$B$4,""), IF($B$4>0, (OFFSET(M84,-1,0)*$B$4 + E84)/$B$4, "") ) | N84: =IF(ROW()=11, IF($B$4>0,F84/$B$4,""), IF($B$4>0, (OFFSET(N84,-1,0)*$B$4 + F84)/$B$4, "") ) | O84: =$O$10 -> 0.0005 | S84: =IF($P84="FULL FEED",Q84,Q84*2) -> 0 | T84: =IF($P84="FULL FEED",R84,R84*2) -> 0 | U84: =IF(P84="FULL FEED",(Q84*G84/1000),(Q84*2*G84/1000)) -> 0 | V84: =IF(P84="FULL FEED",(R84*H84/1000),(R84*2*H84/1000)) -> 0 | W84: =W83 -> 69 | X84: =X83 -> 53 | AE84: =SUM(Z84,AA84,AB84,AC84) -> 0 | AF84: =Y84-AE84 -> 0 | AG84: =IFERROR(Y84/H83,0) -> 0 | AH84: =IFERROR(Z84/$Y84,0) -> 0 | AI84: =IFERROR(AA84/$Y84,0) -> 0 | AJ84: =IFERROR(AB84/$Y84,0) -> 0 | AK84: =IFERROR(AC84/$Y84,0) -> 0 | AL84: =IFERROR(AE84/Y84,0) -> 0 | AM84: =IFERROR(AF84/Y84,0) -> 0 | AU84: =IF(OR(AT84="",AR84=""),"", (AT84-AR84)/100*1000) | AV84: =IF(OR(AR85="",OFFSET(AR85,-1,0)=""),"", (AR85-OFFSET(AR85,-1,0))/100*1000) | AW84: =IFERROR(IF(OR(AR84="",AT84="",K84="",L84=""),"", ((AT84-AR84)/100*1000)/(U84+V84)),0) | AX84: =IF(OR(AR84="",AR85="",M84="",N84=""),"", ((AR85-AR84)/100*1000)/((G84+H84))*1000) | BA84: =IF(OR(AY84="",AZ84=""),"",MOD(AZ84-AY84,1)*24) | BD84: =IF(OR(BB84="",BC84=""),"",MOD(BC84-BB84,1)*24)
A85: =A78+1 -> 11.5 | B85: =B84+1 -> 75 | G85: =G84-E85-C85 -> 0 | H85: =H84-F85-D85 -> 0 | I85: =IFERROR(C85/G84,0) -> 0 | J85: =IFERROR(E85/G84,0) -> 0 | K85: =IFERROR(D85/H84,0) -> 0 | L85: =IFERROR(F85/H84,0) -> 0 | M85: =IF(ROW()=11, IF($B$4>0,E85/$B$4,""), IF($B$4>0, (OFFSET(M85,-1,0)*$B$4 + E85)/$B$4, "") ) | N85: =IF(ROW()=11, IF($B$4>0,F85/$B$4,""), IF($B$4>0, (OFFSET(N85,-1,0)*$B$4 + F85)/$B$4, "") ) | O85: =$O$10 -> 0.0005 | S85: =IF($P85="FULL FEED",Q85,Q85*2) -> 0 | T85: =IF($P85="FULL FEED",R85,R85*2) -> 0 | U85: =IF(P85="FULL FEED",(Q85*G85/1000),(Q85*2*G85/1000)) -> 0 | V85: =IF(P85="FULL FEED",(R85*H85/1000),(R85*2*H85/1000)) -> 0 | W85: =W84 -> 69 | X85: =X84 -> 53 | AE85: =SUM(Z85,AA85,AB85,AC85) -> 0 | AF85: =Y85-AE85 -> 0 | AG85: =IFERROR(Y85/H84,0) -> 0 | AH85: =IFERROR(Z85/$Y85,0) -> 0 | AI85: =IFERROR(AA85/$Y85,0) -> 0 | AJ85: =IFERROR(AB85/$Y85,0) -> 0 | AK85: =IFERROR(AC85/$Y85,0) -> 0 | AL85: =IFERROR(AE85/Y85,0) -> 0 | AM85: =IFERROR(AF85/Y85,0) -> 0 | AU85: =IF(OR(AT85="",AR85=""),"", (AT85-AR85)/100*1000) | AV85: =IF(OR(AR86="",OFFSET(AR86,-1,0)=""),"", (AR86-OFFSET(AR86,-1,0))/100*1000) | AW85: =IFERROR(IF(OR(AR85="",AT85="",K85="",L85=""),"", ((AT85-AR85)/100*1000)/(U85+V85)),0) | AX85: =IF(OR(AR85="",AR86="",M85="",N85=""),"", ((AR86-AR85)/100*1000)/((G85+H85))*1000) | BA85: =IF(OR(AY85="",AZ85=""),"",MOD(AZ85-AY85,1)*24) | BD85: =IF(OR(BB85="",BC85=""),"",MOD(BC85-BB85,1)*24)
A86: =A79+1 -> 11.6 | B86: =B85+1 -> 76 | G86: =G85-E86-C86 -> 0 | H86: =H85-F86-D86 -> 0 | I86: =IFERROR(C86/G85,0) -> 0 | J86: =IFERROR(E86/G85,0) -> 0 | K86: =IFERROR(D86/H85,0) -> 0 | L86: =IFERROR(F86/H85,0) -> 0 | M86: =IF(ROW()=11, IF($B$4>0,E86/$B$4,""), IF($B$4>0, (OFFSET(M86,-1,0)*$B$4 + E86)/$B$4, "") ) | N86: =IF(ROW()=11, IF($B$4>0,F86/$B$4,""), IF($B$4>0, (OFFSET(N86,-1,0)*$B$4 + F86)/$B$4, "") ) | O86: =$O$10 -> 0.0005 | S86: =IF($P86="FULL FEED",Q86,Q86*2) -> 0 | T86: =IF($P86="FULL FEED",R86,R86*2) -> 0 | U86: =IF(P86="FULL FEED",(Q86*G86/1000),(Q86*2*G86/1000)) -> 0 | V86: =IF(P86="FULL FEED",(R86*H86/1000),(R86*2*H86/1000)) -> 0 | W86: =W85 -> 69 | X86: =X85 -> 53 | AE86: =SUM(Z86,AA86,AB86,AC86) -> 0 | AF86: =Y86-AE86 -> 0 | AG86: =IFERROR(Y86/H85,0) -> 0 | AH86: =IFERROR(Z86/$Y86,0) -> 0 | AI86: =IFERROR(AA86/$Y86,0) -> 0 | AJ86: =IFERROR(AB86/$Y86,0) -> 0 | AK86: =IFERROR(AC86/$Y86,0) -> 0 | AL86: =IFERROR(AE86/Y86,0) -> 0 | AM86: =IFERROR(AF86/Y86,0) -> 0 | AU86: =IF(OR(AT86="",AR86=""),"", (AT86-AR86)/100*1000) | AV86: =IF(OR(AR87="",OFFSET(AR87,-1,0)=""),"", (AR87-OFFSET(AR87,-1,0))/100*1000) | AW86: =IFERROR(IF(OR(AR86="",AT86="",K86="",L86=""),"", ((AT86-AR86)/100*1000)/(U86+V86)),0) | AX86: =IF(OR(AR86="",AR87="",M86="",N86=""),"", ((AR87-AR86)/100*1000)/((G86+H86))*1000) | BA86: =IF(OR(AY86="",AZ86=""),"",MOD(AZ86-AY86,1)*24) | BD86: =IF(OR(BB86="",BC86=""),"",MOD(BC86-BB86,1)*24)
A87: =A80+1 -> 11.7 | B87: =B86+1 -> 77 | G87: =G86-E87-C87 -> 0 | H87: =H86-F87-D87 -> 0 | I87: =IFERROR(C87/G86,0) -> 0 | J87: =IFERROR(E87/G86,0) -> 0 | K87: =IFERROR(D87/H86,0) -> 0 | L87: =IFERROR(F87/H86,0) -> 0 | M87: =IF(ROW()=11, IF($B$4>0,E87/$B$4,""), IF($B$4>0, (OFFSET(M87,-1,0)*$B$4 + E87)/$B$4, "") ) | N87: =IF(ROW()=11, IF($B$4>0,F87/$B$4,""), IF($B$4>0, (OFFSET(N87,-1,0)*$B$4 + F87)/$B$4, "") ) | O87: =$O$10 -> 0.0005 | S87: =IF($P87="FULL FEED",Q87,Q87*2) -> 0 | T87: =IF($P87="FULL FEED",R87,R87*2) -> 0 | U87: =IF(P87="FULL FEED",(Q87*G87/1000),(Q87*2*G87/1000)) -> 0 | V87: =IF(P87="FULL FEED",(R87*H87/1000),(R87*2*H87/1000)) -> 0 | W87: =W86 -> 69 | X87: =X86 -> 53 | AE87: =SUM(Z87,AA87,AB87,AC87) -> 0 | AF87: =Y87-AE87 -> 0 | AG87: =IFERROR(Y87/H86,0) -> 0 | AH87: =IFERROR(Z87/$Y87,0) -> 0 | AI87: =IFERROR(AA87/$Y87,0) -> 0 | AJ87: =IFERROR(AB87/$Y87,0) -> 0 | AK87: =IFERROR(AC87/$Y87,0) -> 0 | AL87: =IFERROR(AE87/Y87,0) -> 0 | AM87: =IFERROR(AF87/Y87,0) -> 0 | AU87: =IF(OR(AT87="",AR87=""),"", (AT87-AR87)/100*1000) | AV87: =IF(OR(AR88="",OFFSET(AR88,-1,0)=""),"", (AR88-OFFSET(AR88,-1,0))/100*1000) | AW87: =IFERROR(IF(OR(AR87="",AT87="",K87="",L87=""),"", ((AT87-AR87)/100*1000)/(U87+V87)),0) | AX87: =IF(OR(AR87="",AR88="",M87="",N87=""),"", ((AR88-AR87)/100*1000)/((G87+H87))*1000) | BA87: =IF(OR(AY87="",AZ87=""),"",MOD(AZ87-AY87,1)*24) | BD87: =IF(OR(BB87="",BC87=""),"",MOD(BC87-BB87,1)*24)
A88: =A81+1 -> 12.1 | B88: =B87+1 -> 78 | G88: =G87-E88-C88 -> 0 | H88: =H87-F88-D88 -> 0 | I88: =IFERROR(C88/G87,0) -> 0 | J88: =IFERROR(E88/G87,0) -> 0 | K88: =IFERROR(D88/H87,0) -> 0 | L88: =IFERROR(F88/H87,0) -> 0 | M88: =IF(ROW()=11, IF($B$4>0,E88/$B$4,""), IF($B$4>0, (OFFSET(M88,-1,0)*$B$4 + E88)/$B$4, "") ) | N88: =IF(ROW()=11, IF($B$4>0,F88/$B$4,""), IF($B$4>0, (OFFSET(N88,-1,0)*$B$4 + F88)/$B$4, "") ) | O88: =$O$10 -> 0.0005 | S88: =IF($P88="FULL FEED",Q88,Q88*2) -> 0 | T88: =IF($P88="FULL FEED",R88,R88*2) -> 0 | U88: =IF(P88="FULL FEED",(Q88*G88/1000),(Q88*2*G88/1000)) -> 0 | V88: =IF(P88="FULL FEED",(R88*H88/1000),(R88*2*H88/1000)) -> 0 | W88: 72 | X88: 57 | AE88: =SUM(Z88,AA88,AB88,AC88) -> 0 | AF88: =Y88-AE88 -> 0 | AG88: =IFERROR(Y88/H87,0) -> 0 | AH88: =IFERROR(Z88/$Y88,0) -> 0 | AI88: =IFERROR(AA88/$Y88,0) -> 0 | AJ88: =IFERROR(AB88/$Y88,0) -> 0 | AK88: =IFERROR(AC88/$Y88,0) -> 0 | AL88: =IFERROR(AE88/Y88,0) -> 0 | AM88: =IFERROR(AF88/Y88,0) -> 0 | AU88: =IF(OR(AT88="",AR88=""),"", (AT88-AR88)/100*1000) | AV88: =IF(OR(AR89="",OFFSET(AR89,-1,0)=""),"", (AR89-OFFSET(AR89,-1,0))/100*1000) | AW88: =IFERROR(IF(OR(AR88="",AT88="",K88="",L88=""),"", ((AT88-AR88)/100*1000)/(U88+V88)),0) | AX88: =IF(OR(AR88="",AR89="",M88="",N88=""),"", ((AR89-AR88)/100*1000)/((G88+H88))*1000) | BA88: =IF(OR(AY88="",AZ88=""),"",MOD(AZ88-AY88,1)*24) | BD88: =IF(OR(BB88="",BC88=""),"",MOD(BC88-BB88,1)*24)
A89: =A82+1 -> 12.2 | B89: =B88+1 -> 79 | G89: =G88-E89-C89 -> 0 | H89: =H88-F89-D89 -> 0 | I89: =IFERROR(C89/G88,0) -> 0 | J89: =IFERROR(E89/G88,0) -> 0 | K89: =IFERROR(D89/H88,0) -> 0 | L89: =IFERROR(F89/H88,0) -> 0 | M89: =IF(ROW()=11, IF($B$4>0,E89/$B$4,""), IF($B$4>0, (OFFSET(M89,-1,0)*$B$4 + E89)/$B$4, "") ) | N89: =IF(ROW()=11, IF($B$4>0,F89/$B$4,""), IF($B$4>0, (OFFSET(N89,-1,0)*$B$4 + F89)/$B$4, "") ) | O89: =$O$10 -> 0.0005 | S89: =IF($P89="FULL FEED",Q89,Q89*2) -> 0 | T89: =IF($P89="FULL FEED",R89,R89*2) -> 0 | U89: =IF(P89="FULL FEED",(Q89*G89/1000),(Q89*2*G89/1000)) -> 0 | V89: =IF(P89="FULL FEED",(R89*H89/1000),(R89*2*H89/1000)) -> 0 | W89: =W88 -> 72 | X89: =X88 -> 57 | AE89: =SUM(Z89,AA89,AB89,AC89) -> 0 | AF89: =Y89-AE89 -> 0 | AG89: =IFERROR(Y89/H88,0) -> 0 | AH89: =IFERROR(Z89/$Y89,0) -> 0 | AI89: =IFERROR(AA89/$Y89,0) -> 0 | AJ89: =IFERROR(AB89/$Y89,0) -> 0 | AK89: =IFERROR(AC89/$Y89,0) -> 0 | AL89: =IFERROR(AE89/Y89,0) -> 0 | AM89: =IFERROR(AF89/Y89,0) -> 0 | AU89: =IF(OR(AT89="",AR89=""),"", (AT89-AR89)/100*1000) | AV89: =IF(OR(AR90="",OFFSET(AR90,-1,0)=""),"", (AR90-OFFSET(AR90,-1,0))/100*1000) | AW89: =IFERROR(IF(OR(AR89="",AT89="",K89="",L89=""),"", ((AT89-AR89)/100*1000)/(U89+V89)),0) | AX89: =IF(OR(AR89="",AR90="",M89="",N89=""),"", ((AR90-AR89)/100*1000)/((G89+H89))*1000) | BA89: =IF(OR(AY89="",AZ89=""),"",MOD(AZ89-AY89,1)*24) | BD89: =IF(OR(BB89="",BC89=""),"",MOD(BC89-BB89,1)*24)
A90: =A83+1 -> 12.3 | B90: =B89+1 -> 80 | G90: =G89-E90-C90 -> 0 | H90: =H89-F90-D90 -> 0 | I90: =IFERROR(C90/G89,0) -> 0 | J90: =IFERROR(E90/G89,0) -> 0 | K90: =IFERROR(D90/H89,0) -> 0 | L90: =IFERROR(F90/H89,0) -> 0 | M90: =IF(ROW()=11, IF($B$4>0,E90/$B$4,""), IF($B$4>0, (OFFSET(M90,-1,0)*$B$4 + E90)/$B$4, "") ) | N90: =IF(ROW()=11, IF($B$4>0,F90/$B$4,""), IF($B$4>0, (OFFSET(N90,-1,0)*$B$4 + F90)/$B$4, "") ) | O90: =$O$10 -> 0.0005 | S90: =IF($P90="FULL FEED",Q90,Q90*2) -> 0 | T90: =IF($P90="FULL FEED",R90,R90*2) -> 0 | U90: =IF(P90="FULL FEED",(Q90*G90/1000),(Q90*2*G90/1000)) -> 0 | V90: =IF(P90="FULL FEED",(R90*H90/1000),(R90*2*H90/1000)) -> 0 | W90: =W89 -> 72 | X90: =X89 -> 57 | AE90: =SUM(Z90,AA90,AB90,AC90) -> 0 | AF90: =Y90-AE90 -> 0 | AG90: =IFERROR(Y90/H89,0) -> 0 | AH90: =IFERROR(Z90/$Y90,0) -> 0 | AI90: =IFERROR(AA90/$Y90,0) -> 0 | AJ90: =IFERROR(AB90/$Y90,0) -> 0 | AK90: =IFERROR(AC90/$Y90,0) -> 0 | AL90: =IFERROR(AE90/Y90,0) -> 0 | AM90: =IFERROR(AF90/Y90,0) -> 0 | AU90: =IF(OR(AT90="",AR90=""),"", (AT90-AR90)/100*1000) | AV90: =IF(OR(AR91="",OFFSET(AR91,-1,0)=""),"", (AR91-OFFSET(AR91,-1,0))/100*1000) | AW90: =IFERROR(IF(OR(AR90="",AT90="",K90="",L90=""),"", ((AT90-AR90)/100*1000)/(U90+V90)),0) | AX90: =IF(OR(AR90="",AR91="",M90="",N90=""),"", ((AR91-AR90)/100*1000)/((G90+H90))*1000) | BA90: =IF(OR(AY90="",AZ90=""),"",MOD(AZ90-AY90,1)*24) | BD90: =IF(OR(BB90="",BC90=""),"",MOD(BC90-BB90,1)*24)
A91: =A84+1 -> 12.4 | B91: =B90+1 -> 81 | G91: =G90-E91-C91 -> 0 | H91: =H90-F91-D91 -> 0 | I91: =IFERROR(C91/G90,0) -> 0 | J91: =IFERROR(E91/G90,0) -> 0 | K91: =IFERROR(D91/H90,0) -> 0 | L91: =IFERROR(F91/H90,0) -> 0 | M91: =IF(ROW()=11, IF($B$4>0,E91/$B$4,""), IF($B$4>0, (OFFSET(M91,-1,0)*$B$4 + E91)/$B$4, "") ) | N91: =IF(ROW()=11, IF($B$4>0,F91/$B$4,""), IF($B$4>0, (OFFSET(N91,-1,0)*$B$4 + F91)/$B$4, "") ) | O91: =$O$10 -> 0.0005 | S91: =IF($P91="FULL FEED",Q91,Q91*2) -> 0 | T91: =IF($P91="FULL FEED",R91,R91*2) -> 0 | U91: =IF(P91="FULL FEED",(Q91*G91/1000),(Q91*2*G91/1000)) -> 0 | V91: =IF(P91="FULL FEED",(R91*H91/1000),(R91*2*H91/1000)) -> 0 | W91: =W90 -> 72 | X91: =X90 -> 57 | AE91: =SUM(Z91,AA91,AB91,AC91) -> 0 | AF91: =Y91-AE91 -> 0 | AG91: =IFERROR(Y91/H90,0) -> 0 | AH91: =IFERROR(Z91/$Y91,0) -> 0 | AI91: =IFERROR(AA91/$Y91,0) -> 0 | AJ91: =IFERROR(AB91/$Y91,0) -> 0 | AK91: =IFERROR(AC91/$Y91,0) -> 0 | AL91: =IFERROR(AE91/Y91,0) -> 0 | AM91: =IFERROR(AF91/Y91,0) -> 0 | AU91: =IF(OR(AT91="",AR91=""),"", (AT91-AR91)/100*1000) | AV91: =IF(OR(AR92="",OFFSET(AR92,-1,0)=""),"", (AR92-OFFSET(AR92,-1,0))/100*1000) | AW91: =IFERROR(IF(OR(AR91="",AT91="",K91="",L91=""),"", ((AT91-AR91)/100*1000)/(U91+V91)),0) | AX91: =IF(OR(AR91="",AR92="",M91="",N91=""),"", ((AR92-AR91)/100*1000)/((G91+H91))*1000) | BA91: =IF(OR(AY91="",AZ91=""),"",MOD(AZ91-AY91,1)*24) | BD91: =IF(OR(BB91="",BC91=""),"",MOD(BC91-BB91,1)*24)
A92: =A85+1 -> 12.5 | B92: =B91+1 -> 82 | G92: =G91-E92-C92 -> 0 | H92: =H91-F92-D92 -> 0 | I92: =IFERROR(C92/G91,0) -> 0 | J92: =IFERROR(E92/G91,0) -> 0 | K92: =IFERROR(D92/H91,0) -> 0 | L92: =IFERROR(F92/H91,0) -> 0 | M92: =IF(ROW()=11, IF($B$4>0,E92/$B$4,""), IF($B$4>0, (OFFSET(M92,-1,0)*$B$4 + E92)/$B$4, "") ) | N92: =IF(ROW()=11, IF($B$4>0,F92/$B$4,""), IF($B$4>0, (OFFSET(N92,-1,0)*$B$4 + F92)/$B$4, "") ) | O92: =$O$10 -> 0.0005 | S92: =IF($P92="FULL FEED",Q92,Q92*2) -> 0 | T92: =IF($P92="FULL FEED",R92,R92*2) -> 0 | U92: =IF(P92="FULL FEED",(Q92*G92/1000),(Q92*2*G92/1000)) -> 0 | V92: =IF(P92="FULL FEED",(R92*H92/1000),(R92*2*H92/1000)) -> 0 | W92: =W91 -> 72 | X92: =X91 -> 57 | AE92: =SUM(Z92,AA92,AB92,AC92) -> 0 | AF92: =Y92-AE92 -> 0 | AG92: =IFERROR(Y92/H91,0) -> 0 | AH92: =IFERROR(Z92/$Y92,0) -> 0 | AI92: =IFERROR(AA92/$Y92,0) -> 0 | AJ92: =IFERROR(AB92/$Y92,0) -> 0 | AK92: =IFERROR(AC92/$Y92,0) -> 0 | AL92: =IFERROR(AE92/Y92,0) -> 0 | AM92: =IFERROR(AF92/Y92,0) -> 0 | AU92: =IF(OR(AT92="",AR92=""),"", (AT92-AR92)/100*1000) | AV92: =IF(OR(AR93="",OFFSET(AR93,-1,0)=""),"", (AR93-OFFSET(AR93,-1,0))/100*1000) | AW92: =IFERROR(IF(OR(AR92="",AT92="",K92="",L92=""),"", ((AT92-AR92)/100*1000)/(U92+V92)),0) | AX92: =IF(OR(AR92="",AR93="",M92="",N92=""),"", ((AR93-AR92)/100*1000)/((G92+H92))*1000) | BA92: =IF(OR(AY92="",AZ92=""),"",MOD(AZ92-AY92,1)*24) | BD92: =IF(OR(BB92="",BC92=""),"",MOD(BC92-BB92,1)*24)
A93: =A86+1 -> 12.6 | B93: =B92+1 -> 83 | G93: =G92-E93-C93 -> 0 | H93: =H92-F93-D93 -> 0 | I93: =IFERROR(C93/G92,0) -> 0 | J93: =IFERROR(E93/G92,0) -> 0 | K93: =IFERROR(D93/H92,0) -> 0 | L93: =IFERROR(F93/H92,0) -> 0 | M93: =IF(ROW()=11, IF($B$4>0,E93/$B$4,""), IF($B$4>0, (OFFSET(M93,-1,0)*$B$4 + E93)/$B$4, "") ) | N93: =IF(ROW()=11, IF($B$4>0,F93/$B$4,""), IF($B$4>0, (OFFSET(N93,-1,0)*$B$4 + F93)/$B$4, "") ) | O93: =$O$10 -> 0.0005 | S93: =IF($P93="FULL FEED",Q93,Q93*2) -> 0 | T93: =IF($P93="FULL FEED",R93,R93*2) -> 0 | U93: =IF(P93="FULL FEED",(Q93*G93/1000),(Q93*2*G93/1000)) -> 0 | V93: =IF(P93="FULL FEED",(R93*H93/1000),(R93*2*H93/1000)) -> 0 | W93: =W92 -> 72 | X93: =X92 -> 57 | AE93: =SUM(Z93,AA93,AB93,AC93) -> 0 | AF93: =Y93-AE93 -> 0 | AG93: =IFERROR(Y93/H92,0) -> 0 | AH93: =IFERROR(Z93/$Y93,0) -> 0 | AI93: =IFERROR(AA93/$Y93,0) -> 0 | AJ93: =IFERROR(AB93/$Y93,0) -> 0 | AK93: =IFERROR(AC93/$Y93,0) -> 0 | AL93: =IFERROR(AE93/Y93,0) -> 0 | AM93: =IFERROR(AF93/Y93,0) -> 0 | AU93: =IF(OR(AT93="",AR93=""),"", (AT93-AR93)/100*1000) | AV93: =IF(OR(AR94="",OFFSET(AR94,-1,0)=""),"", (AR94-OFFSET(AR94,-1,0))/100*1000) | AW93: =IFERROR(IF(OR(AR93="",AT93="",K93="",L93=""),"", ((AT93-AR93)/100*1000)/(U93+V93)),0) | AX93: =IF(OR(AR93="",AR94="",M93="",N93=""),"", ((AR94-AR93)/100*1000)/((G93+H93))*1000) | BA93: =IF(OR(AY93="",AZ93=""),"",MOD(AZ93-AY93,1)*24) | BD93: =IF(OR(BB93="",BC93=""),"",MOD(BC93-BB93,1)*24)
A94: =A87+1 -> 12.7 | B94: =B93+1 -> 84 | G94: =G93-E94-C94 -> 0 | H94: =H93-F94-D94 -> 0 | I94: =IFERROR(C94/G93,0) -> 0 | J94: =IFERROR(E94/G93,0) -> 0 | K94: =IFERROR(D94/H93,0) -> 0 | L94: =IFERROR(F94/H93,0) -> 0 | M94: =IF(ROW()=11, IF($B$4>0,E94/$B$4,""), IF($B$4>0, (OFFSET(M94,-1,0)*$B$4 + E94)/$B$4, "") ) | N94: =IF(ROW()=11, IF($B$4>0,F94/$B$4,""), IF($B$4>0, (OFFSET(N94,-1,0)*$B$4 + F94)/$B$4, "") ) | O94: =$O$10 -> 0.0005 | S94: =IF($P94="FULL FEED",Q94,Q94*2) -> 0 | T94: =IF($P94="FULL FEED",R94,R94*2) -> 0 | U94: =IF(P94="FULL FEED",(Q94*G94/1000),(Q94*2*G94/1000)) -> 0 | V94: =IF(P94="FULL FEED",(R94*H94/1000),(R94*2*H94/1000)) -> 0 | W94: =W93 -> 72 | X94: =X93 -> 57 | AE94: =SUM(Z94,AA94,AB94,AC94) -> 0 | AF94: =Y94-AE94 -> 0 | AG94: =IFERROR(Y94/H93,0) -> 0 | AH94: =IFERROR(Z94/$Y94,0) -> 0 | AI94: =IFERROR(AA94/$Y94,0) -> 0 | AJ94: =IFERROR(AB94/$Y94,0) -> 0 | AK94: =IFERROR(AC94/$Y94,0) -> 0 | AL94: =IFERROR(AE94/Y94,0) -> 0 | AM94: =IFERROR(AF94/Y94,0) -> 0 | AU94: =IF(OR(AT94="",AR94=""),"", (AT94-AR94)/100*1000) | AV94: =IF(OR(AR95="",OFFSET(AR95,-1,0)=""),"", (AR95-OFFSET(AR95,-1,0))/100*1000) | AW94: =IFERROR(IF(OR(AR94="",AT94="",K94="",L94=""),"", ((AT94-AR94)/100*1000)/(U94+V94)),0) | AX94: =IF(OR(AR94="",AR95="",M94="",N94=""),"", ((AR95-AR94)/100*1000)/((G94+H94))*1000) | BA94: =IF(OR(AY94="",AZ94=""),"",MOD(AZ94-AY94,1)*24) | BD94: =IF(OR(BB94="",BC94=""),"",MOD(BC94-BB94,1)*24)
A95: =A88+1 -> 13.1 | B95: =B94+1 -> 85 | G95: =G94-E95-C95 -> 0 | H95: =H94-F95-D95 -> 0 | I95: =IFERROR(C95/G94,0) -> 0 | J95: =IFERROR(E95/G94,0) -> 0 | K95: =IFERROR(D95/H94,0) -> 0 | L95: =IFERROR(F95/H94,0) -> 0 | M95: =IF(ROW()=11, IF($B$4>0,E95/$B$4,""), IF($B$4>0, (OFFSET(M95,-1,0)*$B$4 + E95)/$B$4, "") ) | N95: =IF(ROW()=11, IF($B$4>0,F95/$B$4,""), IF($B$4>0, (OFFSET(N95,-1,0)*$B$4 + F95)/$B$4, "") ) | O95: =$O$10 -> 0.0005 | S95: =IF($P95="FULL FEED",Q95,Q95*2) -> 0 | T95: =IF($P95="FULL FEED",R95,R95*2) -> 0 | U95: =IF(P95="FULL FEED",(Q95*G95/1000),(Q95*2*G95/1000)) -> 0 | V95: =IF(P95="FULL FEED",(R95*H95/1000),(R95*2*H95/1000)) -> 0 | W95: 74 | X95: 60 | AE95: =SUM(Z95,AA95,AB95,AC95) -> 0 | AF95: =Y95-AE95 -> 0 | AG95: =IFERROR(Y95/H94,0) -> 0 | AH95: =IFERROR(Z95/$Y95,0) -> 0 | AI95: =IFERROR(AA95/$Y95,0) -> 0 | AJ95: =IFERROR(AB95/$Y95,0) -> 0 | AK95: =IFERROR(AC95/$Y95,0) -> 0 | AL95: =IFERROR(AE95/Y95,0) -> 0 | AM95: =IFERROR(AF95/Y95,0) -> 0 | AU95: =IF(OR(AT95="",AR95=""),"", (AT95-AR95)/100*1000) | AV95: =IF(OR(AR96="",OFFSET(AR96,-1,0)=""),"", (AR96-OFFSET(AR96,-1,0))/100*1000) | AW95: =IFERROR(IF(OR(AR95="",AT95="",K95="",L95=""),"", ((AT95-AR95)/100*1000)/(U95+V95)),0) | AX95: =IF(OR(AR95="",AR96="",M95="",N95=""),"", ((AR96-AR95)/100*1000)/((G95+H95))*1000) | BA95: =IF(OR(AY95="",AZ95=""),"",MOD(AZ95-AY95,1)*24) | BD95: =IF(OR(BB95="",BC95=""),"",MOD(BC95-BB95,1)*24)
A96: =A89+1 -> 13.2 | B96: =B95+1 -> 86 | G96: =G95-E96-C96 -> 0 | H96: =H95-F96-D96 -> 0 | I96: =IFERROR(C96/G95,0) -> 0 | J96: =IFERROR(E96/G95,0) -> 0 | K96: =IFERROR(D96/H95,0) -> 0 | L96: =IFERROR(F96/H95,0) -> 0 | M96: =IF(ROW()=11, IF($B$4>0,E96/$B$4,""), IF($B$4>0, (OFFSET(M96,-1,0)*$B$4 + E96)/$B$4, "") ) | N96: =IF(ROW()=11, IF($B$4>0,F96/$B$4,""), IF($B$4>0, (OFFSET(N96,-1,0)*$B$4 + F96)/$B$4, "") ) | O96: =$O$10 -> 0.0005 | S96: =IF($P96="FULL FEED",Q96,Q96*2) -> 0 | T96: =IF($P96="FULL FEED",R96,R96*2) -> 0 | U96: =IF(P96="FULL FEED",(Q96*G96/1000),(Q96*2*G96/1000)) -> 0 | V96: =IF(P96="FULL FEED",(R96*H96/1000),(R96*2*H96/1000)) -> 0 | W96: =W95 -> 74 | X96: =X95 -> 60 | AE96: =SUM(Z96,AA96,AB96,AC96) -> 0 | AF96: =Y96-AE96 -> 0 | AG96: =IFERROR(Y96/H95,0) -> 0 | AH96: =IFERROR(Z96/$Y96,0) -> 0 | AI96: =IFERROR(AA96/$Y96,0) -> 0 | AJ96: =IFERROR(AB96/$Y96,0) -> 0 | AK96: =IFERROR(AC96/$Y96,0) -> 0 | AL96: =IFERROR(AE96/Y96,0) -> 0 | AM96: =IFERROR(AF96/Y96,0) -> 0 | AU96: =IF(OR(AT96="",AR96=""),"", (AT96-AR96)/100*1000) | AV96: =IF(OR(AR97="",OFFSET(AR97,-1,0)=""),"", (AR97-OFFSET(AR97,-1,0))/100*1000) | AW96: =IFERROR(IF(OR(AR96="",AT96="",K96="",L96=""),"", ((AT96-AR96)/100*1000)/(U96+V96)),0) | AX96: =IF(OR(AR96="",AR97="",M96="",N96=""),"", ((AR97-AR96)/100*1000)/((G96+H96))*1000) | BA96: =IF(OR(AY96="",AZ96=""),"",MOD(AZ96-AY96,1)*24) | BD96: =IF(OR(BB96="",BC96=""),"",MOD(BC96-BB96,1)*24)
A97: =A90+1 -> 13.3 | B97: =B96+1 -> 87 | G97: =G96-E97-C97 -> 0 | H97: =H96-F97-D97 -> 0 | I97: =IFERROR(C97/G96,0) -> 0 | J97: =IFERROR(E97/G96,0) -> 0 | K97: =IFERROR(D97/H96,0) -> 0 | L97: =IFERROR(F97/H96,0) -> 0 | M97: =IF(ROW()=11, IF($B$4>0,E97/$B$4,""), IF($B$4>0, (OFFSET(M97,-1,0)*$B$4 + E97)/$B$4, "") ) | N97: =IF(ROW()=11, IF($B$4>0,F97/$B$4,""), IF($B$4>0, (OFFSET(N97,-1,0)*$B$4 + F97)/$B$4, "") ) | O97: =$O$10 -> 0.0005 | S97: =IF($P97="FULL FEED",Q97,Q97*2) -> 0 | T97: =IF($P97="FULL FEED",R97,R97*2) -> 0 | U97: =IF(P97="FULL FEED",(Q97*G97/1000),(Q97*2*G97/1000)) -> 0 | V97: =IF(P97="FULL FEED",(R97*H97/1000),(R97*2*H97/1000)) -> 0 | W97: =W96 -> 74 | X97: =X96 -> 60 | AE97: =SUM(Z97,AA97,AB97,AC97) -> 0 | AF97: =Y97-AE97 -> 0 | AG97: =IFERROR(Y97/H96,0) -> 0 | AH97: =IFERROR(Z97/$Y97,0) -> 0 | AI97: =IFERROR(AA97/$Y97,0) -> 0 | AJ97: =IFERROR(AB97/$Y97,0) -> 0 | AK97: =IFERROR(AC97/$Y97,0) -> 0 | AL97: =IFERROR(AE97/Y97,0) -> 0 | AM97: =IFERROR(AF97/Y97,0) -> 0 | AU97: =IF(OR(AT97="",AR97=""),"", (AT97-AR97)/100*1000) | AV97: =IF(OR(AR98="",OFFSET(AR98,-1,0)=""),"", (AR98-OFFSET(AR98,-1,0))/100*1000) | AW97: =IFERROR(IF(OR(AR97="",AT97="",K97="",L97=""),"", ((AT97-AR97)/100*1000)/(U97+V97)),0) | AX97: =IF(OR(AR97="",AR98="",M97="",N97=""),"", ((AR98-AR97)/100*1000)/((G97+H97))*1000) | BA97: =IF(OR(AY97="",AZ97=""),"",MOD(AZ97-AY97,1)*24) | BD97: =IF(OR(BB97="",BC97=""),"",MOD(BC97-BB97,1)*24)
A98: =A91+1 -> 13.4 | B98: =B97+1 -> 88 | G98: =G97-E98-C98 -> 0 | H98: =H97-F98-D98 -> 0 | I98: =IFERROR(C98/G97,0) -> 0 | J98: =IFERROR(E98/G97,0) -> 0 | K98: =IFERROR(D98/H97,0) -> 0 | L98: =IFERROR(F98/H97,0) -> 0 | M98: =IF(ROW()=11, IF($B$4>0,E98/$B$4,""), IF($B$4>0, (OFFSET(M98,-1,0)*$B$4 + E98)/$B$4, "") ) | N98: =IF(ROW()=11, IF($B$4>0,F98/$B$4,""), IF($B$4>0, (OFFSET(N98,-1,0)*$B$4 + F98)/$B$4, "") ) | O98: =$O$10 -> 0.0005 | S98: =IF($P98="FULL FEED",Q98,Q98*2) -> 0 | T98: =IF($P98="FULL FEED",R98,R98*2) -> 0 | U98: =IF(P98="FULL FEED",(Q98*G98/1000),(Q98*2*G98/1000)) -> 0 | V98: =IF(P98="FULL FEED",(R98*H98/1000),(R98*2*H98/1000)) -> 0 | W98: =W97 -> 74 | X98: =X97 -> 60 | AE98: =SUM(Z98,AA98,AB98,AC98) -> 0 | AF98: =Y98-AE98 -> 0 | AG98: =IFERROR(Y98/H97,0) -> 0 | AH98: =IFERROR(Z98/$Y98,0) -> 0 | AI98: =IFERROR(AA98/$Y98,0) -> 0 | AJ98: =IFERROR(AB98/$Y98,0) -> 0 | AK98: =IFERROR(AC98/$Y98,0) -> 0 | AL98: =IFERROR(AE98/Y98,0) -> 0 | AM98: =IFERROR(AF98/Y98,0) -> 0 | AU98: =IF(OR(AT98="",AR98=""),"", (AT98-AR98)/100*1000) | AV98: =IF(OR(AR99="",OFFSET(AR99,-1,0)=""),"", (AR99-OFFSET(AR99,-1,0))/100*1000) | AW98: =IFERROR(IF(OR(AR98="",AT98="",K98="",L98=""),"", ((AT98-AR98)/100*1000)/(U98+V98)),0) | AX98: =IF(OR(AR98="",AR99="",M98="",N98=""),"", ((AR99-AR98)/100*1000)/((G98+H98))*1000) | BA98: =IF(OR(AY98="",AZ98=""),"",MOD(AZ98-AY98,1)*24) | BD98: =IF(OR(BB98="",BC98=""),"",MOD(BC98-BB98,1)*24)
A99: =A92+1 -> 13.5 | B99: =B98+1 -> 89 | G99: =G98-E99-C99 -> 0 | H99: =H98-F99-D99 -> 0 | I99: =IFERROR(C99/G98,0) -> 0 | J99: =IFERROR(E99/G98,0) -> 0 | K99: =IFERROR(D99/H98,0) -> 0 | L99: =IFERROR(F99/H98,0) -> 0 | M99: =IF(ROW()=11, IF($B$4>0,E99/$B$4,""), IF($B$4>0, (OFFSET(M99,-1,0)*$B$4 + E99)/$B$4, "") ) | N99: =IF(ROW()=11, IF($B$4>0,F99/$B$4,""), IF($B$4>0, (OFFSET(N99,-1,0)*$B$4 + F99)/$B$4, "") ) | O99: =$O$10 -> 0.0005 | S99: =IF($P99="FULL FEED",Q99,Q99*2) -> 0 | T99: =IF($P99="FULL FEED",R99,R99*2) -> 0 | U99: =IF(P99="FULL FEED",(Q99*G99/1000),(Q99*2*G99/1000)) -> 0 | V99: =IF(P99="FULL FEED",(R99*H99/1000),(R99*2*H99/1000)) -> 0 | W99: =W98 -> 74 | X99: =X98 -> 60 | AE99: =SUM(Z99,AA99,AB99,AC99) -> 0 | AF99: =Y99-AE99 -> 0 | AG99: =IFERROR(Y99/H98,0) -> 0 | AH99: =IFERROR(Z99/$Y99,0) -> 0 | AI99: =IFERROR(AA99/$Y99,0) -> 0 | AJ99: =IFERROR(AB99/$Y99,0) -> 0 | AK99: =IFERROR(AC99/$Y99,0) -> 0 | AL99: =IFERROR(AE99/Y99,0) -> 0 | AM99: =IFERROR(AF99/Y99,0) -> 0 | AU99: =IF(OR(AT99="",AR99=""),"", (AT99-AR99)/100*1000) | AV99: =IF(OR(AR100="",OFFSET(AR100,-1,0)=""),"", (AR100-OFFSET(AR100,-1,0))/100*1000) | AW99: =IFERROR(IF(OR(AR99="",AT99="",K99="",L99=""),"", ((AT99-AR99)/100*1000)/(U99+V99)),0) | AX99: =IF(OR(AR99="",AR100="",M99="",N99=""),"", ((AR100-AR99)/100*1000)/((G99+H99))*1000) | BA99: =IF(OR(AY99="",AZ99=""),"",MOD(AZ99-AY99,1)*24) | BD99: =IF(OR(BB99="",BC99=""),"",MOD(BC99-BB99,1)*24)
A100: =A93+1 -> 13.6 | B100: =B99+1 -> 90 | G100: =G99-E100-C100 -> 0 | H100: =H99-F100-D100 -> 0 | I100: =IFERROR(C100/G99,0) -> 0 | J100: =IFERROR(E100/G99,0) -> 0 | K100: =IFERROR(D100/H99,0) -> 0 | L100: =IFERROR(F100/H99,0) -> 0 | M100: =IF(ROW()=11, IF($B$4>0,E100/$B$4,""), IF($B$4>0, (OFFSET(M100,-1,0)*$B$4 + E100)/$B$4, "") ) | N100: =IF(ROW()=11, IF($B$4>0,F100/$B$4,""), IF($B$4>0, (OFFSET(N100,-1,0)*$B$4 + F100)/$B$4, "") ) | O100: =$O$10 -> 0.0005 | S100: =IF($P100="FULL FEED",Q100,Q100*2) -> 0 | T100: =IF($P100="FULL FEED",R100,R100*2) -> 0 | U100: =IF(P100="FULL FEED",(Q100*G100/1000),(Q100*2*G100/1000)) -> 0 | V100: =IF(P100="FULL FEED",(R100*H100/1000),(R100*2*H100/1000)) -> 0 | W100: =W99 -> 74 | X100: =X99 -> 60 | AE100: =SUM(Z100,AA100,AB100,AC100) -> 0 | AF100: =Y100-AE100 -> 0 | AG100: =IFERROR(Y100/H99,0) -> 0 | AH100: =IFERROR(Z100/$Y100,0) -> 0 | AI100: =IFERROR(AA100/$Y100,0) -> 0 | AJ100: =IFERROR(AB100/$Y100,0) -> 0 | AK100: =IFERROR(AC100/$Y100,0) -> 0 | AL100: =IFERROR(AE100/Y100,0) -> 0 | AM100: =IFERROR(AF100/Y100,0) -> 0 | AU100: =IF(OR(AT100="",AR100=""),"", (AT100-AR100)/100*1000) | AV100: =IF(OR(AR101="",OFFSET(AR101,-1,0)=""),"", (AR101-OFFSET(AR101,-1,0))/100*1000) | AW100: =IFERROR(IF(OR(AR100="",AT100="",K100="",L100=""),"", ((AT100-AR100)/100*1000)/(U100+V100)),0) | AX100: =IF(OR(AR100="",AR101="",M100="",N100=""),"", ((AR101-AR100)/100*1000)/((G100+H100))*1000) | BA100: =IF(OR(AY100="",AZ100=""),"",MOD(AZ100-AY100,1)*24) | BD100: =IF(OR(BB100="",BC100=""),"",MOD(BC100-BB100,1)*24)
A101: =A94+1 -> 13.7 | B101: =B100+1 -> 91 | G101: =G100-E101-C101 -> 0 | H101: =H100-F101-D101 -> 0 | I101: =IFERROR(C101/G100,0) -> 0 | J101: =IFERROR(E101/G100,0) -> 0 | K101: =IFERROR(D101/H100,0) -> 0 | L101: =IFERROR(F101/H100,0) -> 0 | M101: =IF(ROW()=11, IF($B$4>0,E101/$B$4,""), IF($B$4>0, (OFFSET(M101,-1,0)*$B$4 + E101)/$B$4, "") ) | N101: =IF(ROW()=11, IF($B$4>0,F101/$B$4,""), IF($B$4>0, (OFFSET(N101,-1,0)*$B$4 + F101)/$B$4, "") ) | O101: =$O$10 -> 0.0005 | S101: =IF($P101="FULL FEED",Q101,Q101*2) -> 0 | T101: =IF($P101="FULL FEED",R101,R101*2) -> 0 | U101: =IF(P101="FULL FEED",(Q101*G101/1000),(Q101*2*G101/1000)) -> 0 | V101: =IF(P101="FULL FEED",(R101*H101/1000),(R101*2*H101/1000)) -> 0 | W101: =W100 -> 74 | X101: =X100 -> 60 | AE101: =SUM(Z101,AA101,AB101,AC101) -> 0 | AF101: =Y101-AE101 -> 0 | AG101: =IFERROR(Y101/H100,0) -> 0 | AH101: =IFERROR(Z101/$Y101,0) -> 0 | AI101: =IFERROR(AA101/$Y101,0) -> 0 | AJ101: =IFERROR(AB101/$Y101,0) -> 0 | AK101: =IFERROR(AC101/$Y101,0) -> 0 | AL101: =IFERROR(AE101/Y101,0) -> 0 | AM101: =IFERROR(AF101/Y101,0) -> 0 | AU101: =IF(OR(AT101="",AR101=""),"", (AT101-AR101)/100*1000) | AV101: =IF(OR(AR102="",OFFSET(AR102,-1,0)=""),"", (AR102-OFFSET(AR102,-1,0))/100*1000) | AW101: =IFERROR(IF(OR(AR101="",AT101="",K101="",L101=""),"", ((AT101-AR101)/100*1000)/(U101+V101)),0) | AX101: =IF(OR(AR101="",AR102="",M101="",N101=""),"", ((AR102-AR101)/100*1000)/((G101+H101))*1000) | BA101: =IF(OR(AY101="",AZ101=""),"",MOD(AZ101-AY101,1)*24) | BD101: =IF(OR(BB101="",BC101=""),"",MOD(BC101-BB101,1)*24)
...

Sheet DASHBOARD
A1: Farm Performance Dashboard | Q1: DF | R1: CF | S1: DM | T1: CM | U1: EP | V1: HE | W1: EG | X1: J | Y1: S | Z1: A | AA1: C | AB1: R | AC1: TF | AD1: FGB | AE1: FF | AF1: TM | AG1: MGB | AH1: FM | AI1: FBW | AJ1: FUNI | AK1: MBW | AL1: MUNI
A2: *ONLY WHITE CELL ARE EDITABLE | Q2: {=_xlfn.LET( _xlpm.sh, $B$5, _xlpm.refDate, --$D$5, _xlpm.colDate, MATCH("DATE", INDIRECT("'"&_xlpm.sh&"'!9:9"), 0), _xlpm.colMetric, MATCH("DEAD FEMALE%", INDIRECT("'"&_xlpm.sh&"'!9:9"), 0), _xlpm.dates, INDEX(INDIRECT("'"&_xlpm.sh&"'!11:500"),,_xlpm.colDate), _xlpm.values, INDEX(INDIRECT("'"&_xlpm.sh&"'!11:500"),,_xlpm.colMetric), _xlpm.recent, (_xlpm.dates >= _xlpm.refDate - 6) * (_xlpm.dates <= _xlpm.refDate), _xlpm.filtered, _xlfn._xlws.FILTER(_xlpm.values, _xlpm.recent), IFERROR(_xlpm.filtered, "") )} -> 0 | R2: {=_xlfn.LET( _xlpm.sh, $B$5, _xlpm.refDate, --$D$5, _xlpm.colDate, MATCH("DATE", INDIRECT("'"&_xlpm.sh&"'!9:9"), 0), _xlpm.colMetric, MATCH("CULL FEMALE%", INDIRECT("'"&_xlpm.sh&"'!9:9"), 0), _xlpm.dates, INDEX(INDIRECT("'"&_xlpm.sh&"'!11:500"),,_xlpm.colDate), _xlpm.values, INDEX(INDIRECT("'"&_xlpm.sh&"'!11:500"),,_xlpm.colMetric), _xlpm.recent, (_xlpm.dates >= _xlpm.refDate - 6) * (_xlpm.dates <= _xlpm.refDate), _xlpm.filtered, _xlfn._xlws.FILTER(_xlpm.values, _xlpm.recent), IFERROR(_xlpm.filtered, "") )} -> 0 | S2: {=_xlfn.LET( _xlpm.sh, $B$5, _xlpm.refDate, --$D$5, _xlpm.colDate, MATCH("DATE", INDIRECT("'"&_xlpm.sh&"'!9:9"), 0), _xlpm.colMetric, MATCH("DEAD MALE%", INDIRECT("'"&_xlpm.sh&"'!9:9"), 0), _xlpm.dates, INDEX(INDIRECT("'"&_xlpm.sh&"'!11:500"),,_xlpm.colDate), _xlpm.values, INDEX(INDIRECT("'"&_xlpm.sh&"'!11:500"),,_xlpm.colMetric), _xlpm.recent, (_xlpm.dates >= _xlpm.refDate - 6) * (_xlpm.dates <= _xlpm.refDate), _xlpm.filtered, _xlfn._xlws.FILTER(_xlpm.values, _xlpm.recent), IFERROR(_xlpm.filtered, "") )} -> 0 | T2: {=_xlfn.LET( _xlpm.sh, $B$5, _xlpm.refDate, --$D$5, _xlpm.colDate, MATCH("DATE", INDIRECT("'"&_xlpm.sh&"'!9:9"), 0), _xlpm.colMetric, MATCH("CULL MALE%", INDIRECT("'"&_xlpm.sh&"'!9:9"), 0), _xlpm.dates, INDEX(INDIRECT("'"&_xlpm.sh&"'!11:500"),,_xlpm.colDate), _xlpm.values, INDEX(INDIRECT("'"&_xlpm.sh&"'!11:500"),,_xlpm.colMetric), _xlpm.recent, (_xlpm.dates >= _xlpm.refDate - 6) * (_xlpm.dates <= _xlpm.refDate), _xlpm.filtered, _xlfn._xlws.FILTER(_xlpm.values, _xlpm.recent), IFERROR(_xlpm.filtered, "") )} -> 0 | U2: {=_xlfn.LET( _xlpm.sh, $B$5, _xlpm.refDate, --$D$5, _xlpm.colDate, MATCH("DATE", INDIRECT("'"&_xlpm.sh&"'!9:9"), 0), _xlpm.colMetric, MATCH("EGG PRODUCTION%", INDIRECT("'"&_xlpm.sh&"'!9:9"), 0), _xlpm.dates, INDEX(INDIRECT("'"&_xlpm.sh&"'!11:500"),,_xlpm.colDate), _xlpm.values, INDEX(INDIRECT("'"&_xlpm.sh&"'!11:500"),,_xlpm.colMetric), _xlpm.recent, (_xlpm.dates >= _xlpm.refDate - 6) * (_xlpm.dates <= _xlpm.refDate), _xlpm.filtered, _xlfn._xlws.FILTER(_xlpm.values, _xlpm.recent), IFERROR(_xlpm.filtered, "") )} -> 0 | V2: {=_xlfn.LET( _xlpm.sh, $B$5, _xlpm.refDate, --$D$5, _xlpm.colDate, MATCH("DATE", INDIRECT("'"&_xlpm.sh&"'!9:9"), 0), _xlpm.colMetric, MATCH("H.E%", INDIRECT("'"&_xlpm.sh&"'!9:9"), 0), _xlpm.dates, INDEX(INDIRECT("'"&_xlpm.sh&"'!11:500"),,_xlpm.colDate), _xlpm.values, INDEX(INDIRECT("'"&_xlpm.sh&"'!11:500"),,_xlpm.colMetric), _xlpm.recent, (_xlpm.dates >= _xlpm.refDate - 6) * (_xlpm.dates <= _xlpm.refDate), _xlpm.filtered, _xlfn._xlws.FILTER(_xlpm.values, _xlpm.recent), IFERROR(_xlpm.filtered, "") )} -> 0 | W2: {=_xlfn.LET( _xlpm.sh, $B$5, _xlpm.refDate, --$D$5, _xlpm.colDate, MATCH("DATE", INDIRECT("'"&_xlpm.sh&"'!9:9"), 0), _xlpm.colMetric, MATCH("GRAM EGG", INDIRECT("'"&_xlpm.sh&"'!9:9"), 0), _xlpm.dates, INDEX(INDIRECT("'"&_xlpm.sh&"'!11:500"),,_xlpm.colDate), _xlpm.values, INDEX(INDIRECT("'"&_xlpm.sh&"'!11:500"),,_xlpm.colMetric), _xlpm.recent, (_xlpm.dates >= _xlpm.refDate - 6) * (_xlpm.dates <= _xlpm.refDate), _xlpm.filtered, _xlfn._xlws.FILTER(_xlpm.values, _xlpm.recent), IFERROR(_xlpm.filtered, "") )} -> 0 | X2: {=_xlfn.LET( _xlpm.sh, $B$5, _xlpm.refDate, --$D$5, _xlpm.colDate, MATCH("DATE", INDIRECT("'"&_xlpm.sh&"'!9:9"), 0), _xlpm.colMetric, MATCH("JUMBO%", INDIRECT("'"&_xlpm.sh&"'!9:9"), 0), _xlpm.dates, INDEX(INDIRECT("'"&_xlpm.sh&"'!11:500"),,_xlpm.colDate), _xlpm.values, INDEX(INDIRECT("'"&_xlpm.sh&"'!11:500"),,_xlpm.colMetric), _xlpm.recent, (_xlpm.dates >= _xlpm.refDate - 6) * (_xlpm.dates <= _xlpm.refDate), _xlpm.filtered, _xlfn._xlws.FILTER(_xlpm.values, _xlpm.recent), IFERROR(_xlpm.filtered, "") )} -> 0 | Y2: {=_xlfn.LET( _xlpm.sh, $B$5, _xlpm.refDate, --$D$5, _xlpm.colDate, MATCH("DATE", INDIRECT("'"&_xlpm.sh&"'!9:9"), 0), _xlpm.colMetric, MATCH("SMALL%", INDIRECT("'"&_xlpm.sh&"'!9:9"), 0), _xlpm.dates, INDEX(INDIRECT("'"&_xlpm.sh&"'!11:500"),,_xlpm.colDate), _xlpm.values, INDEX(INDIRECT("'"&_xlpm.sh&"'!11:500"),,_xlpm.colMetric), _xlpm.recent, (_xlpm.dates >= _xlpm.refDate - 6) * (_xlpm.dates <= _xlpm.refDate), _xlpm.filtered, _xlfn._xlws.FILTER(_xlpm.values, _xlpm.recent), IFERROR(_xlpm.filtered, "") )} -> 0 | Z2: {=_xlfn.LET( _xlpm.sh, $B$5, _xlpm.refDate, --$D$5, _xlpm.colDate, MATCH("DATE", INDIRECT("'"&_xlpm.sh&"'!9:9"), 0), _xlpm.colMetric, MATCH("ABNORMAL%", INDIRECT("'"&_xlpm.sh&"'!9:9"), 0), _xlpm.dates, INDEX(INDIRECT("'"&_xlpm.sh&"'!11:500"),,_xlpm.colDate), _xlpm.values, INDEX(INDIRECT("'"&_xlpm.sh&"'!11:500"),,_xlpm.colMetric), _xlpm.recent, (_xlpm.dates >= _xlpm.refDate - 6) * (_xlpm.dates <= _xlpm.refDate), _xlpm.filtered, _xlfn._xlws.FILTER(_xlpm.values, _xlpm.recent), IFERROR(_xlpm.filtered, "") )} -> 0 | AA2: {=_xlfn.LET( _xlpm.sh, $B$5, _xlpm.refDate, --$D$5, _xlpm.colDate, MATCH("DATE", INDIRECT("'"&_xlpm.sh&"'!9:9"), 0), _xlpm.colMetric, MATCH("CRACK%", INDIRECT("'"&_xlpm.sh&"'!9:9"), 0), _xlpm.dates, INDEX(INDIRECT("'"&_xlpm.sh&"'!11:500"),,_xlpm.colDate), _xlpm.values, INDEX(INDIRECT("'"&_xlpm.sh&"'!11:500"),,_xlpm.colMetric), _xlpm.recent, (_xlpm.dates >= _xlpm.refDate - 6) * (_xlpm.dates <= _xlpm.refDate), _xlpm.filtered, _xlfn._xlws.FILTER(_xlpm.values, _xlpm.recent), IFERROR(_xlpm.filtered, "") )} -> 0 | AB2: {=_xlfn.LET( _xlpm.sh, $B$5, _xlpm.refDate, --$D$5, _xlpm.colDate, MATCH("DATE", INDIRECT("'"&_xlpm.sh&"'!9:9"), 0), _xlpm.colMetric, MATCH("REJECT%", INDIRECT("'"&_xlpm.sh&"'!9:9"), 0), _xlpm.dates, INDEX(INDIRECT("'"&_xlpm.sh&"'!11:500"),,_xlpm.colDate), _xlpm.values, INDEX(INDIRECT("'"&_xlpm.sh&"'!11:500"),,_xlpm.colMetric), _xlpm.recent, (_xlpm.dates >= _xlpm.refDate - 6) * (_xlpm.dates <= _xlpm.refDate), _xlpm.filtered, _xlfn._xlws.FILTER(_xlpm.values, _xlpm.recent), IFERROR(_xlpm.filtered, "") )} -> 0 | AC2: {=_xlfn.LET( _xlpm.sh, $B$5, _xlpm.refDate, --$D$5, _xlpm.colDate, MATCH("DATE", INDIRECT("'"&_xlpm.sh&"'!9:9"), 0), _xlpm.colMetric, MATCH("FEMALE STOCK", INDIRECT("'"&_xlpm.sh&"'!9:9"), 0), _xlpm.dates, INDEX(INDIRECT("'"&_xlpm.sh&"'!11:500"),,_xlpm.colDate), _xlpm.values, INDEX(INDIRECT("'"&_xlpm.sh&"'!11:500"),,_xlpm.colMetric), _xlpm.recent, (_xlpm.dates >= _xlpm.refDate - 6) * (_xlpm.dates <= _xlpm.refDate), _xlpm.filtered, _xlfn._xlws.FILTER(_xlpm.values, _xlpm.recent), IFERROR(_xlpm.filtered, "") )} -> 5890 | AD2: {=_xlfn.LET( _xlpm.sh, $B$5, _xlpm.refDate, --$D$5, _xlpm.colDate, MATCH("DATE", INDIRECT("'"&_xlpm.sh&"'!9:9"), 0), _xlpm.colMetric, MATCH("ACTUAL FEMALE G/B", INDIRECT("'"&_xlpm.sh&"'!9:9"), 0), _xlpm.dates, INDEX(INDIRECT("'"&_xlpm.sh&"'!11:500"),,_xlpm.colDate), _xlpm.values, INDEX(INDIRECT("'"&_xlpm.sh&"'!11:500"),,_xlpm.colMetric), _xlpm.recent, (_xlpm.dates >= _xlpm.refDate - 6) * (_xlpm.dates <= _xlpm.refDate), _xlpm.filtered, _xlfn._xlws.FILTER(_xlpm.values, _xlpm.recent), IFERROR(_xlpm.filtered, "") )} -> 38 | AE2: {=_xlfn.LET( _xlpm.sh, $B$5, _xlpm.refDate, --$D$5, _xlpm.colDate, MATCH("DATE", INDIRECT("'"&_xlpm.sh&"'!9:9"), 0), _xlpm.colMetric, MATCH("FEMALE TOTAL FEED (KG)", INDIRECT("'"&_xlpm.sh&"'!9:9"), 0), _xlpm.dates, INDEX(INDIRECT("'"&_xlpm.sh&"'!11:500"),,_xlpm.colDate), _xlpm.values, INDEX(INDIRECT("'"&_xlpm.sh&"'!11:500"),,_xlpm.colMetric), _xlpm.recent, (_xlpm.dates >= _xlpm.refDate - 6) * (_xlpm.dates <= _xlpm.refDate), _xlpm.filtered, _xlfn._xlws.FILTER(_xlpm.values, _xlpm.recent), IFERROR(_xlpm.filtered, "") )} -> 223.82 | AF2: {=_xlfn.LET( _xlpm.sh, $B$5, _xlpm.refDate, --$D$5, _xlpm.colDate, MATCH("DATE", INDIRECT("'"&_xlpm.sh&"'!9:9"), 0), _xlpm.colMetric, MATCH("FEMALE STOCK", INDIRECT("'"&_xlpm.sh&"'!9:9"), 0), _xlpm.dates, INDEX(INDIRECT("'"&_xlpm.sh&"'!11:500"),,_xlpm.colDate), _xlpm.values, INDEX(INDIRECT("'"&_xlpm.sh&"'!11:500"),,_xlpm.colMetric), _xlpm.recent, (_xlpm.dates >= _xlpm.refDate - 6) * (_xlpm.dates <= _xlpm.refDate), _xlpm.filtered, _xlfn._xlws.FILTER(_xlpm.values, _xlpm.recent), IFERROR(_xlpm.filtered, "") )} -> 5890 | AG2: {=_xlfn.LET( _xlpm.sh, $B$5, _xlpm.refDate, --$D$5, _xlpm.colDate, MATCH("DATE", INDIRECT("'"&_xlpm.sh&"'!9:9"), 0), _xlpm.colMetric, MATCH("ACTUAL FEMALE G/B", INDIRECT("'"&_xlpm.sh&"'!9:9"), 0), _xlpm.dates, INDEX(INDIRECT("'"&_xlpm.sh&"'!11:500"),,_xlpm.colDate), _xlpm.values, INDEX(INDIRECT("'"&_xlpm.sh&"'!11:500"),,_xlpm.colMetric), _xlpm.recent, (_xlpm.dates >= _xlpm.refDate - 6) * (_xlpm.dates <= _xlpm.refDate), _xlpm.filtered, _xlfn._xlws.FILTER(_xlpm.values, _xlpm.recent), IFERROR(_xlpm.filtered, "") )} -> 38 | AH2: {=_xlfn.LET( _xlpm.sh, $B$5, _xlpm.refDate, --$D$5, _xlpm.colDate, MATCH("DATE", INDIRECT("'"&_xlpm.sh&"'!9:9"), 0), _xlpm.colMetric, MATCH("FEMALE TOTAL FEED (KG)", INDIRECT("'"&_xlpm.sh&"'!9:9"), 0), _xlpm.dates, INDEX(INDIRECT("'"&_xlpm.sh&"'!11:500"),,_xlpm.colDate), _xlpm.values, INDEX(INDIRECT("'"&_xlpm.sh&"'!11:500"),,_xlpm.colMetric), _xlpm.recent, (_xlpm.dates >= _xlpm.refDate - 6) * (_xlpm.dates <= _xlpm.refDate), _xlpm.filtered, _xlfn._xlws.FILTER(_xlpm.values, _xlpm.recent), IFERROR(_xlpm.filtered, "") )} -> 223.82 | AI2: {=_xlfn.LET( _xlpm.sh, $B$5, _xlpm.refWeek, $G$5, _xlpm.colWeek, MATCH("WEEK", INDIRECT("'" & _xlpm.sh & "'!506:506"), 0), _xlpm.colBW, MATCH("FEMALE BW", INDIRECT("'" & _xlpm.sh & "'!506:506"), 0), _xlpm.wk, INDEX(INDIRECT("'" & _xlpm.sh & "'!508:577"), , _xlpm.colWeek), _xlpm.bw, INDEX(INDIRECT("'" & _xlpm.sh & "'!508:577"), , _xlpm.colBW), _xlpm.recent, (_xlpm.wk >= _xlpm.refWeek - 6) * (_xlpm.wk <= _xlpm.refWeek) * (_xlpm.bw <> ""), _xlpm.filtered, _xlfn._xlws.FILTER(_xlpm.bw, _xlpm.recent), _xlpm.filled, IF(_xlpm.filtered = "", 0, _xlpm.filtered), IFERROR(_xlpm.filled, 0) )} -> 132.5 | AJ2: {=_xlfn.LET( _xlpm.sh, $B$5, _xlpm.refWeek, $G$5, _xlpm.colWeek, MATCH("WEEK", INDIRECT("'" & _xlpm.sh & "'!506:506"), 0), _xlpm.colBW, MATCH("FEMALE uni%", INDIRECT("'" & _xlpm.sh & "'!506:506"), 0), _xlpm.wk, INDEX(INDIRECT("'" & _xlpm.sh & "'!508:577"), , _xlpm.colWeek), _xlpm.bw, INDEX(INDIRECT("'" & _xlpm.sh & "'!508:577"), , _xlpm.colBW), _xlpm.recent, (_xlpm.wk >= _xlpm.refWeek - 6) * (_xlpm.wk <= _xlpm.refWeek) * (_xlpm.bw <> ""), _xlpm.filtered, _xlfn._xlws.FILTER(_xlpm.bw, _xlpm.recent), _xlpm.filled, IF(_xlpm.filtered = "", 0, _xlpm.filtered), IFERROR(_xlpm.filled, 0) )} -> 0 | AK2: {=_xlfn.LET( _xlpm.sh, $B$5, _xlpm.refWeek, $G$5, _xlpm.colWeek, MATCH("WEEK", INDIRECT("'" & _xlpm.sh & "'!506:506"), 0), _xlpm.colBW, MATCH("MALE BW", INDIRECT("'" & _xlpm.sh & "'!506:506"), 0), _xlpm.wk, INDEX(INDIRECT("'" & _xlpm.sh & "'!508:577"), , _xlpm.colWeek), _xlpm.bw, INDEX(INDIRECT("'" & _xlpm.sh & "'!508:577"), , _xlpm.colBW), _xlpm.recent, (_xlpm.wk >= _xlpm.refWeek - 6) * (_xlpm.wk <= _xlpm.refWeek) * (_xlpm.bw <> ""), _xlpm.filtered, _xlfn._xlws.FILTER(_xlpm.bw, _xlpm.recent), _xlpm.filled, IF(_xlpm.filtered = "", 0, _xlpm.filtered), IFERROR(_xlpm.filled, 0) )} -> 138 | AL2: {=_xlfn.LET( _xlpm.sh, $B$5, _xlpm.refWeek, $G$5, _xlpm.colWeek, MATCH("WEEK", INDIRECT("'" & _xlpm.sh & "'!506:506"), 0), _xlpm.colBW, MATCH("MALE UNI%", INDIRECT("'" & _xlpm.sh & "'!506:506"), 0), _xlpm.wk, INDEX(INDIRECT("'" & _xlpm.sh & "'!508:577"), , _xlpm.colWeek), _xlpm.bw, INDEX(INDIRECT("'" & _xlpm.sh & "'!508:577"), , _xlpm.colBW), _xlpm.recent, (_xlpm.wk >= _xlpm.refWeek - 6) * (_xlpm.wk <= _xlpm.refWeek) * (_xlpm.bw <> ""), _xlpm.filtered, _xlfn._xlws.FILTER(_xlpm.bw, _xlpm.recent), _xlpm.filled, IF(_xlpm.filtered = "", 0, _xlpm.filtered), IFERROR(_xlpm.filled, 0) )} -> 0
Q3: 0.00016977929 | R3: 0 | S3: 0 | T3: 0 | U3: 0 | V3: 0 | W3: 0 | X3: 0 | Y3: 0 | Z3: 0 | AA3: 0 | AB3: 0 | AC3: 5889 | AD3: 38 | AE3: 223.782 | AF3: 5889 | AG3: 38 | AH3: 223.782 | AI3: 234.25 | AJ3: 0.48775 | AK3: 249 | AL3: 0.35
C4: PICK DATE MODE: | D4: Custom | Q4: 0.00033961623 | R4: 0 | S4: 0 | T4: 0 | U4: 0 | V4: 0 | W4: 0 | X4: 0 | Y4: 0 | Z4: 0 | AA4: 0 | AB4: 0 | AC4: 5887 | AD4: 38 | AE4: 223.706 | AF4: 5887 | AG4: 38 | AH4: 223.706 | AI4: 362 | AJ4: 0.525 | AK4: 354 | AL4: 0.4415
A5: HOUSE: | B5: VB3 | C5: DATE: | D5: {=_xlfn.LET( _xlpm.sh, $B$5, _xlpm.mode, $D$4, _xlpm.customDate, $G$6, _xlpm.colDate, MATCH("DATE", INDIRECT("'" & _xlpm.sh & "'!9:9"), 0), _xlpm.colValue, MATCH("FEED PROGRAM", INDIRECT("'" & _xlpm.sh & "'!9:9"), 0), _xlpm.dt, INDEX(INDIRECT("'" & _xlpm.sh & "'!11:500"), , _xlpm.colDate), _xlpm.val, INDEX(INDIRECT("'" & _xlpm.sh & "'!11:500"), , _xlpm.colValue), _xlpm.valid, _xlfn._xlws.FILTER(_xlpm.dt, _xlpm.val <> ""), _xlpm.lastDate, IFERROR(INDEX(_xlpm.valid, ROWS(_xlpm.valid)), ""), IF( _xlpm.mode = "Today", TODAY(), IF(_xlpm.mode = "Recent", _xlpm.lastDate, IF(_xlpm.mode = "Custom", _xlpm.customDate, "")) ) )} -> 45975 | E5: AGE: | F5: {=_xlfn.LET( _xlpm.sh, $B$5, _xlpm.selDate, --$D$5, _xlpm.colDate, MATCH("DATE", INDIRECT("'" & _xlpm.sh & "'!9:9"), 0), _xlpm.colAge, MATCH("AGE", INDIRECT("'" & _xlpm.sh & "'!9:9"), 0), _xlpm.dates, INDEX(INDIRECT("'" & _xlpm.sh & "'!11:500"), , _xlpm.colDate), _xlpm.ages, INDEX(INDIRECT("'" & _xlpm.sh & "'!11:500"), , _xlpm.colAge), _xlpm.matchRow, _xlfn.XMATCH(_xlpm.selDate, _xlpm.dates, 0, 1), IFERROR(INDEX(_xlpm.ages, _xlpm.matchRow), "No data for that date") )} -> 4.2 | G5: =INT(F5) -> 4 | H5: 3) USE SCROLL FOR CUSTOM DATE ONLY AVAILABLE WHILE USING LATEST EXCEL DESKTOP | Q5: 0.00016986581 | R5: 0 | S5: 0 | T5: 0 | U5: 0 | V5: 0 | W5: 0 | X5: 0 | Y5: 0 | Z5: 0 | AA5: 0 | AB5: 0 | AC5: 5886 | AD5: 38 | AE5: 223.668 | AF5: 5886 | AG5: 38 | AH5: 223.668 | AI5: 560.5 | AK5: 571
A6: INTAKE DATE: | B6: {=_xlfn.LET( _xlpm.sh, $B$5, _xlpm.result, IFERROR(INDIRECT("'" & _xlpm.sh & "'!B5"), ""), IF(_xlpm.result="", "No intake date", _xlpm.result) )} -> 45952 | C6: CUSTOM DATE: | D6: 45975 | E6: CUSTOM AGE IN DAY: | F6: =D6 - B6 -> 23 | G6: =B6 + F7 -> 45975 | Q6: 0 | R6: 0 | S6: 0.0012135922 | T6: 0 | U6: 0 | V6: 0 | W6: 0 | X6: 0 | Y6: 0 | Z6: 0 | AA6: 0 | AB6: 0 | AC6: 5886 | AD6: 38 | AE6: 223.668 | AF6: 5886 | AG6: 38 | AH6: 223.668
D7: 1) ENTER YOUR DATE | E7: OFFSET DATE: | F7: 23 | Q7: 0 | R7: 0 | S7: 0.0012150668 | T7: 0 | U7: 0 | V7: 0 | W7: 0 | X7: 0 | Y7: 0 | Z7: 0 | AA7: 0 | AB7: 0 | AC7: 5886 | AD7: 38 | AE7: 223.668 | AF7: 5886 | AG7: 38 | AH7: 223.668
B8: =HYPERLINK("#'" & B5 & "'!A1", "📋 Go to " & B5 & " Data") -> 📋 Go to VB3 Data | C8: =HYPERLINK("#Chart!A1","📊 Go to Chart") -> 📊 Go to Chart | E8: 2) COPY AND PASTE VALUE FROM CUSTOM DAY INTO OFFSET DATE | Q8: 0.000509684 | R8: 0 | S8: 0.001216545 | T8: 0 | U8: 0 | V8: 0 | W8: 0 | X8: 0 | Y8: 0 | Z8: 0 | AA8: 0 | AB8: 0 | AC8: 5883 | AD8: 38 | AE8: 223.554 | AF8: 5883 | AG8: 38 | AH8: 223.554
A11: KPI | B11: Latest | C11: Trend (▲/▼) | D11: Previous | E11: 7d Trend | Q11: DWC | R11: W/B | S11: W:F
A12: Female Mortality % | B12: {=_xlfn.LET( _xlpm.sh,$B$5, _xlpm.curDate,--$D$5, _xlpm.colDate,MATCH("DATE",INDIRECT("'"&_xlpm.sh&"'!9:9"),0), _xlpm.colVal,MATCH("DEAD FEMALE%",INDIRECT("'"&_xlpm.sh&"'!9:9"),0), _xlpm.dt,INDEX(INDIRECT("'"&_xlpm.sh&"'!11:500"),,_xlpm.colDate), _xlpm.val,INDEX(INDIRECT("'"&_xlpm.sh&"'!11:500"),,_xlpm.colVal), _xlpm.valid,(_xlpm.dt=_xlpm.curDate)*(_xlpm.val<>""),_xlpm.filtered,_xlfn._xlws.FILTER(_xlpm.val,_xlpm.valid), IFERROR(INDEX(_xlpm.filtered,ROWS(_xlpm.filtered)),"") )} -> 0.000509684 | C12: =IF( OR(B12="—", D12="—"), "—", _xlfn.LET( _xlpm.cur, B12*100, _xlpm.prev, D12*100, _xlpm.diff, ROUND(_xlpm.cur - _xlpm.prev, 2), IF( _xlpm.diff > 0, "▲ +" & TEXT(_xlpm.diff,"0.00") & "%", IF(_xlpm.diff < 0, "▼ " & TEXT(_xlpm.diff,"0.00") & "%", "–" ) ) ) ) -> ▲ +0.05% | D12: {=_xlfn.LET( _xlpm.sh, $B$5, _xlpm.curDate, --$D$5, _xlpm.colDate, MATCH("DATE", INDIRECT("'" & _xlpm.sh & "'!9:9"), 0), _xlpm.colVal, MATCH("DEAD FEMALE%", INDIRECT("'" & _xlpm.sh & "'!9:9"), 0), _xlpm.dt, INDEX(INDIRECT("'" & _xlpm.sh & "'!11:500"), , _xlpm.colDate), _xlpm.val, INDEX(INDIRECT("'" & _xlpm.sh & "'!11:500"), , _xlpm.colVal), _xlpm.valid, (_xlpm.dt<=_xlpm.curDate)*(_xlpm.val<>""), _xlpm.filtered, IFERROR(_xlfn._xlws.FILTER(_xlpm.val, _xlpm.valid), ""), IF(ROWS(_xlpm.filtered)>=2, INDEX(_xlpm.filtered, ROWS(_xlpm.filtered)-1), "—" ) )} -> 0 | Q12: {=_xlfn.LET( _xlpm.sh, $B$5, _xlpm.refDate, --$D$5, _xlpm.colDate, MATCH("DATE", INDIRECT("'"&_xlpm.sh&"'!9:9"), 0), _xlpm.colMetric, MATCH("24H WATER (L)", INDIRECT("'"&_xlpm.sh&"'!9:9"), 0), _xlpm.dates, INDEX(INDIRECT("'"&_xlpm.sh&"'!11:500"),,_xlpm.colDate), _xlpm.values, INDEX(INDIRECT("'"&_xlpm.sh&"'!11:500"),,_xlpm.colMetric), _xlpm.recent, (_xlpm.dates >= _xlpm.refDate - 6) * (_xlpm.dates <= _xlpm.refDate), _xlpm.filtered, _xlfn._xlws.FILTER(_xlpm.values, _xlpm.recent), IFERROR(_xlpm.filtered, "") )} -> 530 | R12: {=_xlfn.LET( _xlpm.sh, $B$5, _xlpm.refDate, --$D$5, _xlpm.colDate, MATCH("DATE", INDIRECT("'"&_xlpm.sh&"'!9:9"), 0), _xlpm.colMetric, MATCH("WATER/BIRD (ML/BIRD)", INDIRECT("'"&_xlpm.sh&"'!9:9"), 0), _xlpm.dates, INDEX(INDIRECT("'"&_xlpm.sh&"'!11:500"),,_xlpm.colDate), _xlpm.values, INDEX(INDIRECT("'"&_xlpm.sh&"'!11:500"),,_xlpm.colMetric), _xlpm.recent, (_xlpm.dates >= _xlpm.refDate - 6) * (_xlpm.dates <= _xlpm.refDate), _xlpm.filtered, _xlfn._xlws.FILTER(_xlpm.values, _xlpm.recent), IFERROR(_xlpm.filtered, "") )} -> 78.939529 | S12: {=_xlfn.LET( _xlpm.sh, $B$5, _xlpm.refDate, --$D$5, _xlpm.colDate, MATCH("DATE", INDIRECT("'"&_xlpm.sh&"'!9:9"), 0), _xlpm.colMetric, MATCH("WATER:FEED (L/kg)", INDIRECT("'"&_xlpm.sh&"'!9:9"), 0), _xlpm.dates, INDEX(INDIRECT("'"&_xlpm.sh&"'!11:500"),,_xlpm.colDate), _xlpm.values, INDEX(INDIRECT("'"&_xlpm.sh&"'!11:500"),,_xlpm.colMetric), _xlpm.recent, (_xlpm.dates >= _xlpm.refDate - 6) * (_xlpm.dates <= _xlpm.refDate), _xlpm.filtered, _xlfn._xlws.FILTER(_xlpm.values, _xlpm.recent), IFERROR(_xlpm.filtered, "") )} -> 1.4638074
A13: Female Cull % | B13: {=_xlfn.LET( _xlpm.sh,$B$5, _xlpm.curDate,--$D$5, _xlpm.colDate,MATCH("DATE",INDIRECT("'"&_xlpm.sh&"'!9:9"),0), _xlpm.colVal,MATCH("CULL FEMALE%",INDIRECT("'"&_xlpm.sh&"'!9:9"),0), _xlpm.dt,INDEX(INDIRECT("'"&_xlpm.sh&"'!11:500"),,_xlpm.colDate), _xlpm.val,INDEX(INDIRECT("'"&_xlpm.sh&"'!11:500"),,_xlpm.colVal), _xlpm.valid,(_xlpm.dt=_xlpm.curDate)*(_xlpm.val<>""),_xlpm.filtered,_xlfn._xlws.FILTER(_xlpm.val,_xlpm.valid), IFERROR(INDEX(_xlpm.filtered,ROWS(_xlpm.filtered)),"") )} -> 0 | C13: =IF( OR(B13="—", D13="—"), "—", _xlfn.LET( _xlpm.cur, B13*100, _xlpm.prev, D13*100, _xlpm.diff, ROUND(_xlpm.cur - _xlpm.prev, 2), IF( _xlpm.diff > 0, "▲ +" & TEXT(_xlpm.diff,"0.00") & "%", IF(_xlpm.diff < 0, "▼ " & TEXT(_xlpm.diff,"0.00") & "%", "–" ) ) ) ) -> – | D13: {=_xlfn.LET( _xlpm.sh, $B$5, _xlpm.curDate, --$D$5, _xlpm.colDate, MATCH("DATE", INDIRECT("'" & _xlpm.sh & "'!9:9"), 0), _xlpm.colVal, MATCH("CULL FEMALE%", INDIRECT("'" & _xlpm.sh & "'!9:9"), 0), _xlpm.dt, INDEX(INDIRECT("'" & _xlpm.sh & "'!11:500"), , _xlpm.colDate), _xlpm.val, INDEX(INDIRECT("'" & _xlpm.sh & "'!11:500"), , _xlpm.colVal), _xlpm.valid, (_xlpm.dt<=_xlpm.curDate)*(_xlpm.val<>""), _xlpm.filtered, IFERROR(_xlfn._xlws.FILTER(_xlpm.val, _xlpm.valid), ""), IF(ROWS(_xlpm.filtered)>=2, INDEX(_xlpm.filtered, ROWS(_xlpm.filtered)-1), "—" ) )} -> 0 | Q13: 500 | R13: 74.482348 | S13: 1.5738118
A14: Female Cum. Mort. % | B14: {=_xlfn.LET( _xlpm.sh,$B$5, _xlpm.curDate,--$D$5, _xlpm.colDate,MATCH("DATE",INDIRECT("'"&_xlpm.sh&"'!9:9"),0), _xlpm.colVal,MATCH("CUM. FEMALE%",INDIRECT("'"&_xlpm.sh&"'!9:9"),0), _xlpm.dt,INDEX(INDIRECT("'"&_xlpm.sh&"'!11:500"),,_xlpm.colDate), _xlpm.val,INDEX(INDIRECT("'"&_xlpm.sh&"'!11:500"),,_xlpm.colVal), _xlpm.valid,(_xlpm.dt=_xlpm.curDate)*(_xlpm.val<>""),_xlpm.filtered,_xlfn._xlws.FILTER(_xlpm.val,_xlpm.valid), IFERROR(INDEX(_xlpm.filtered,ROWS(_xlpm.filtered)),"") )} -> 0.0033881077 | C14: =IF( OR(B14="—", D14="—"), "—", _xlfn.LET( _xlpm.cur, B14*100, _xlpm.prev, D14*100, _xlpm.diff, ROUND(_xlpm.cur - _xlpm.prev, 2), IF( _xlpm.diff > 0, "▲ +" & TEXT(_xlpm.diff,"0.00") & "%", IF(_xlpm.diff < 0, "▼ " & TEXT(_xlpm.diff,"0.00") & "%", "–" ) ) ) ) -> ▲ +0.05% | D14: {=_xlfn.LET( _xlpm.sh, $B$5, _xlpm.curDate, --$D$5, _xlpm.colDate, MATCH("DATE", INDIRECT("'" & _xlpm.sh & "'!9:9"), 0), _xlpm.colVal, MATCH("CUM. FEMALE%", INDIRECT("'" & _xlpm.sh & "'!9:9"), 0), _xlpm.dt, INDEX(INDIRECT("'" & _xlpm.sh & "'!11:500"), , _xlpm.colDate), _xlpm.val, INDEX(INDIRECT("'" & _xlpm.sh & "'!11:500"), , _xlpm.colVal), _xlpm.valid, (_xlpm.dt<=_xlpm.curDate)*(_xlpm.val<>""), _xlpm.filtered, IFERROR(_xlfn._xlws.FILTER(_xlpm.val, _xlpm.valid), ""), IF(ROWS(_xlpm.filtered)>=2, INDEX(_xlpm.filtered, ROWS(_xlpm.filtered)-1), "—" ) )} -> 0.0028798916 | Q14: 570 | R14: 84.935181 | S14: 1.5376392
A15: Male Mortality % | B15: {=_xlfn.LET( _xlpm.sh,$B$5, _xlpm.curDate,--$D$5, _xlpm.colDate,MATCH("DATE",INDIRECT("'"&_xlpm.sh&"'!9:9"),0), _xlpm.colVal,MATCH("DEAD MALE%",INDIRECT("'"&_xlpm.sh&"'!9:9"),0), _xlpm.dt,INDEX(INDIRECT("'"&_xlpm.sh&"'!11:500"),,_xlpm.colDate), _xlpm.val,INDEX(INDIRECT("'"&_xlpm.sh&"'!11:500"),,_xlpm.colVal), _xlpm.valid,(_xlpm.dt=_xlpm.curDate)*(_xlpm.val<>""),_xlpm.filtered,_xlfn._xlws.FILTER(_xlpm.val,_xlpm.valid), IFERROR(INDEX(_xlpm.filtered,ROWS(_xlpm.filtered)),"") )} -> 0.001216545 | C15: =IF( OR(B15="—", D15="—"), "—", _xlfn.LET( _xlpm.cur, B15*100, _xlpm.prev, D15*100, _xlpm.diff, ROUND(_xlpm.cur - _xlpm.prev, 2), IF( _xlpm.diff > 0, "▲ +" & TEXT(_xlpm.diff,"0.00") & "%", IF(_xlpm.diff < 0, "▼ " & TEXT(_xlpm.diff,"0.00") & "%", "–" ) ) ) ) -> – | D15: {=_xlfn.LET( _xlpm.sh, $B$5, _xlpm.curDate, --$D$5, _xlpm.colDate, MATCH("DATE", INDIRECT("'" & _xlpm.sh & "'!9:9"), 0), _xlpm.colVal, MATCH("DEAD MALE%", INDIRECT("'" & _xlpm.sh & "'!9:9"), 0), _xlpm.dt, INDEX(INDIRECT("'" & _xlpm.sh & "'!11:500"), , _xlpm.colDate), _xlpm.val, INDEX(INDIRECT("'" & _xlpm.sh & "'!11:500"), , _xlpm.colVal), _xlpm.valid, (_xlpm.dt<=_xlpm.curDate)*(_xlpm.val<>""), _xlpm.filtered, IFERROR(_xlfn._xlws.FILTER(_xlpm.val, _xlpm.valid), ""), IF(ROWS(_xlpm.filtered)>=2, INDEX(_xlpm.filtered, ROWS(_xlpm.filtered)-1), "—" ) )} -> 0.0012150668 | Q15: 590 | R15: 87.928465 | S15: 1.391391
A16: Male Cull % | B16: {=_xlfn.LET( _xlpm.sh,$B$5, _xlpm.curDate,--$D$5, _xlpm.colDate,MATCH("DATE",INDIRECT("'"&_xlpm.sh&"'!9:9"),0), _xlpm.colVal,MATCH("CULL MALE%",INDIRECT("'"&_xlpm.sh&"'!9:9"),0), _xlpm.dt,INDEX(INDIRECT("'"&_xlpm.sh&"'!11:500"),,_xlpm.colDate), _xlpm.val,INDEX(INDIRECT("'"&_xlpm.sh&"'!11:500"),,_xlpm.colVal), _xlpm.valid,(_xlpm.dt=_xlpm.curDate)*(_xlpm.val<>""),_xlpm.filtered,_xlfn._xlws.FILTER(_xlpm.val,_xlpm.valid), IFERROR(INDEX(_xlpm.filtered,ROWS(_xlpm.filtered)),"") )} -> 0 | C16: =IF( OR(B16="—",D16="—"), "—", _xlfn.LET( _xlpm.cur, B16*100, _xlpm.prev, D16*100, _xlpm.diff, _xlpm.cur - _xlpm.prev, IF( _xlpm.diff > 0, "▲ +" & TEXT(_xlpm.diff,"0.00") & "%", IF(_xlpm.diff < 0, "▼ " & TEXT(_xlpm.diff,"0.00") & "%", "–" ) ) ) ) -> – | D16: {=_xlfn.LET( _xlpm.sh, $B$5, _xlpm.curDate, --$D$5, _xlpm.colDate, MATCH("DATE", INDIRECT("'" & _xlpm.sh & "'!9:9"), 0), _xlpm.colVal, MATCH("CULL MALE%", INDIRECT("'" & _xlpm.sh & "'!9:9"), 0), _xlpm.dt, INDEX(INDIRECT("'" & _xlpm.sh & "'!11:500"), , _xlpm.colDate), _xlpm.val, INDEX(INDIRECT("'" & _xlpm.sh & "'!11:500"), , _xlpm.colVal), _xlpm.valid, (_xlpm.dt<=_xlpm.curDate)*(_xlpm.val<>""), _xlpm.filtered, IFERROR(_xlfn._xlws.FILTER(_xlpm.val, _xlpm.valid), ""), IF(ROWS(_xlpm.filtered)>=2, INDEX(_xlpm.filtered, ROWS(_xlpm.filtered)-1), "—" ) )} -> 0 | Q16: 400 | R16: 59.621404 | S16: 1.3550731
A17: Male Cum. Mort % | B17: {=_xlfn.LET( _xlpm.sh,$B$5, _xlpm.curDate,--$D$5, _xlpm.colDate,MATCH("DATE",INDIRECT("'"&_xlpm.sh&"'!9:9"),0), _xlpm.colVal,MATCH("CUM. MALE%",INDIRECT("'"&_xlpm.sh&"'!9:9"),0), _xlpm.dt,INDEX(INDIRECT("'"&_xlpm.sh&"'!11:500"),,_xlpm.colDate), _xlpm.val,INDEX(INDIRECT("'"&_xlpm.sh&"'!11:500"),,_xlpm.colVal), _xlpm.valid,(_xlpm.dt=_xlpm.curDate)*(_xlpm.val<>""),_xlpm.filtered,_xlfn._xlws.FILTER(_xlpm.val,_xlpm.valid), IFERROR(INDEX(_xlpm.filtered,ROWS(_xlpm.filtered)),"") )} -> 0.012033694 | C17: =IF( OR(B17="—",D17="—"), "—", _xlfn.LET( _xlpm.cur, B17*100, _xlpm.prev, D17*100, _xlpm.diff, _xlpm.cur - _xlpm.prev, IF( _xlpm.diff > 0, "▲ +" & TEXT(_xlpm.diff,"0.00") & "%", IF(_xlpm.diff < 0, "▼ " & TEXT(_xlpm.diff,"0.00") & "%", "–" ) ) ) ) -> ▲ +0.12% | D17: {=_xlfn.LET( _xlpm.sh, $B$5, _xlpm.curDate, --$D$5, _xlpm.colDate, MATCH("DATE", INDIRECT("'" & _xlpm.sh & "'!9:9"), 0), _xlpm.colVal, MATCH("CUM. MALE%", INDIRECT("'" & _xlpm.sh & "'!9:9"), 0), _xlpm.dt, INDEX(INDIRECT("'" & _xlpm.sh & "'!11:500"), , _xlpm.colDate), _xlpm.val, INDEX(INDIRECT("'" & _xlpm.sh & "'!11:500"), , _xlpm.colVal), _xlpm.valid, (_xlpm.dt<=_xlpm.curDate)*(_xlpm.val<>""), _xlpm.filtered, IFERROR(_xlfn._xlws.FILTER(_xlpm.val, _xlpm.valid), ""), IF(ROWS(_xlpm.filtered)>=2, INDEX(_xlpm.filtered, ROWS(_xlpm.filtered)-1), "—" ) )} -> 0.010830325 | Q17: 450 | R17: 67.084079 | S17: 1.5202189
A18: Egg Production % | B18: {=_xlfn.LET( _xlpm.sh,$B$5, _xlpm.curDate,--$D$5, _xlpm.colDate,MATCH("DATE",INDIRECT("'"&_xlpm.sh&"'!9:9"),0), _xlpm.colVal,MATCH("EGG PRODUCTION%",INDIRECT("'"&_xlpm.sh&"'!9:9"),0), _xlpm.dt,INDEX(INDIRECT("'"&_xlpm.sh&"'!11:500"),,_xlpm.colDate), _xlpm.val,INDEX(INDIRECT("'"&_xlpm.sh&"'!11:500"),,_xlpm.colVal), _xlpm.valid,(_xlpm.dt=_xlpm.curDate)*(_xlpm.val<>""),_xlpm.filtered,_xlfn._xlws.FILTER(_xlpm.val,_xlpm.valid), IFERROR(INDEX(_xlpm.filtered,ROWS(_xlpm.filtered)),"") )} -> 0 | C18: =IF( OR(B18="—",D18="—"), "—", _xlfn.LET( _xlpm.cur, B18*100, _xlpm.prev, D18*100, _xlpm.diff, _xlpm.cur - _xlpm.prev, IF( _xlpm.diff > 0, "▲ +" & TEXT(_xlpm.diff,"0.00") & "%", IF(_xlpm.diff < 0, "▼ " & TEXT(_xlpm.diff,"0.00") & "%", "–" ) ) ) ) -> – | D18: {=_xlfn.LET( _xlpm.sh, $B$5, _xlpm.curDate, --$D$5, _xlpm.colDate, MATCH("DATE", INDIRECT("'" & _xlpm.sh & "'!9:9"), 0), _xlpm.colVal, MATCH("EGG PRODUCTION%", INDIRECT("'" & _xlpm.sh & "'!9:9"), 0), _xlpm.dt, INDEX(INDIRECT("'" & _xlpm.sh & "'!11:500"), , _xlpm.colDate), _xlpm.val, INDEX(INDIRECT("'" & _xlpm.sh & "'!11:500"), , _xlpm.colVal), _xlpm.valid, (_xlpm.dt<=_xlpm.curDate)*(_xlpm.val<>""), _xlpm.filtered, IFERROR(_xlfn._xlws.FILTER(_xlpm.val, _xlpm.valid), ""), IF(ROWS(_xlpm.filtered)>=2, INDEX(_xlpm.filtered, ROWS(_xlpm.filtered)-1), "—" ) )} -> 0 | Q18: 500 | R18: 74.582339 | S18: 1.6298561
A19: Hatchable Egg % | B19: {=_xlfn.LET( _xlpm.sh,$B$5, _xlpm.curDate,--$D$5, _xlpm.colDate,MATCH("DATE",INDIRECT("'"&_xlpm.sh&"'!9:9"),0), _xlpm.colVal,MATCH("H.E%",INDIRECT("'"&_xlpm.sh&"'!9:9"),0), _xlpm.dt,INDEX(INDIRECT("'"&_xlpm.sh&"'!11:500"),,_xlpm.colDate), _xlpm.val,INDEX(INDIRECT("'"&_xlpm.sh&"'!11:500"),,_xlpm.colVal), _xlpm.valid,(_xlpm.dt=_xlpm.curDate)*(_xlpm.val<>""),_xlpm.filtered,_xlfn._xlws.FILTER(_xlpm.val,_xlpm.valid), IFERROR(INDEX(_xlpm.filtered,ROWS(_xlpm.filtered)),"") )} -> 0 | C19: =IF( OR(B19="—",D19="—"), "—", _xlfn.LET( _xlpm.cur, B19*100, _xlpm.prev, D19*100, _xlpm.diff, _xlpm.cur - _xlpm.prev, IF( _xlpm.diff > 0, "▲ +" & TEXT(_xlpm.diff,"0.00") & "%", IF(_xlpm.diff < 0, "▼ " & TEXT(_xlpm.diff,"0.00") & "%", "–" ) ) ) ) -> – | D19: {=_xlfn.LET( _xlpm.sh, $B$5, _xlpm.curDate, --$D$5, _xlpm.colDate, MATCH("DATE", INDIRECT("'" & _xlpm.sh & "'!9:9"), 0), _xlpm.colVal, MATCH("H.E%", INDIRECT("'" & _xlpm.sh & "'!9:9"), 0), _xlpm.dt, INDEX(INDIRECT("'" & _xlpm.sh & "'!11:500"), , _xlpm.colDate), _xlpm.val, INDEX(INDIRECT("'" & _xlpm.sh & "'!11:500"), , _xlpm.colVal), _xlpm.valid, (_xlpm.dt<=_xlpm.curDate)*(_xlpm.val<>""), _xlpm.filtered, IFERROR(_xlfn._xlws.FILTER(_xlpm.val, _xlpm.valid), ""), IF(ROWS(_xlpm.filtered)>=2, INDEX(_xlpm.filtered, ROWS(_xlpm.filtered)-1), "—" ) )} -> 0
A20: Egg Gram (g) | B20: {=_xlfn.LET( _xlpm.sh, $B$5, _xlpm.curDate, --$D$5, _xlpm.colDate, MATCH("DATE", INDIRECT("'" & _xlpm.sh & "'!9:9"), 0), _xlpm.colVal, MATCH("GRAM EGG", INDIRECT("'" & _xlpm.sh & "'!9:9"), 0), _xlpm.dt, INDEX(INDIRECT("'" & _xlpm.sh & "'!11:500"), , _xlpm.colDate), _xlpm.val, INDEX(INDIRECT("'" & _xlpm.sh & "'!11:500"), , _xlpm.colVal), _xlpm.valid, (_xlpm.dt=_xlpm.curDate)*(_xlpm.val<>""), _xlpm.filtered, IFERROR(_xlfn._xlws.FILTER(_xlpm.val, _xlpm.valid), ""), _xlpm.n, ROWS(_xlpm.filtered), IF(_xlpm.n>=1, TEXT(INDEX(_xlpm.filtered, _xlpm.n), "0.0") & " g", "—" ) )} -> g | C20: =IFERROR( IF( OR(B20="—", D20="—"), "—", _xlfn.LET( _xlpm.cur, VALUE(SUBSTITUTE(B20," g","")), _xlpm.prev, VALUE(SUBSTITUTE(D20," g","")), _xlpm.diff, _xlpm.cur - _xlpm.prev, IF( _xlpm.diff > 0, "▲ +" & TEXT(_xlpm.diff, "0.0") & " g", IF(_xlpm.diff < 0, "▼ " & TEXT(_xlpm.diff, "0.0") & " g", "–" ) ) ) ), "–" ) -> — | D20: {=_xlfn.LET( _xlpm.sh, $B$5, _xlpm.curDate, --$D$5, _xlpm.colDate, MATCH("DATE", INDIRECT("'" & _xlpm.sh & "'!9:9"), 0), _xlpm.colVal, MATCH("GRAM EGG", INDIRECT("'" & _xlpm.sh & "'!9:9"), 0), _xlpm.dt, INDEX(INDIRECT("'" & _xlpm.sh & "'!11:500"), , _xlpm.colDate), _xlpm.val, INDEX(INDIRECT("'" & _xlpm.sh & "'!11:500"), , _xlpm.colVal), _xlpm.valid, (_xlpm.dt <= _xlpm.curDate) * (_xlpm.val <> ""), _xlpm.filtered, IFERROR(_xlfn._xlws.FILTER(_xlpm.val, _xlpm.valid), {""}), _xlpm.n, ROWS(_xlpm.filtered), _xlpm.prevVal, IF(_xlpm.n >= 2, INDEX(_xlpm.filtered, _xlpm.n - 1), "—"), IF(ISNUMBER(_xlpm.prevVal), TEXT(_xlpm.prevVal, "0.0") & " g", _xlpm.prevVal) )} -> —
A21: Jumbo % | B21: {=_xlfn.LET( _xlpm.sh,$B$5, _xlpm.curDate,--$D$5, _xlpm.colDate,MATCH("DATE",INDIRECT("'"&_xlpm.sh&"'!9:9"),0), _xlpm.colVal,MATCH("JUMBO%",INDIRECT("'"&_xlpm.sh&"'!9:9"),0), _xlpm.dt,INDEX(INDIRECT("'"&_xlpm.sh&"'!11:500"),,_xlpm.colDate), _xlpm.val,INDEX(INDIRECT("'"&_xlpm.sh&"'!11:500"),,_xlpm.colVal), _xlpm.valid,(_xlpm.dt=_xlpm.curDate)*(_xlpm.val<>""),_xlpm.filtered,_xlfn._xlws.FILTER(_xlpm.val,_xlpm.valid), IFERROR(INDEX(_xlpm.filtered,ROWS(_xlpm.filtered)),"") )} -> 0 | C21: =IF( OR(B21="—",D21="—"), "—", _xlfn.LET( _xlpm.cur, B21*100, _xlpm.prev, D21*100, _xlpm.diff, _xlpm.cur - _xlpm.prev, IF( _xlpm.diff > 0, "▲ +" & TEXT(_xlpm.diff,"0.00") & "%", IF(_xlpm.diff < 0, "▼ " & TEXT(_xlpm.diff,"0.00") & "%", "–" ) ) ) ) -> – | D21: {=_xlfn.LET( _xlpm.sh, $B$5, _xlpm.curDate, --$D$5, _xlpm.colDate, MATCH("DATE", INDIRECT("'" & _xlpm.sh & "'!9:9"), 0), _xlpm.colVal, MATCH("JUMBO%", INDIRECT("'" & _xlpm.sh & "'!9:9"), 0), _xlpm.dt, INDEX(INDIRECT("'" & _xlpm.sh & "'!11:500"), , _xlpm.colDate), _xlpm.val, INDEX(INDIRECT("'" & _xlpm.sh & "'!11:500"), , _xlpm.colVal), _xlpm.valid, (_xlpm.dt<=_xlpm.curDate)*(_xlpm.val<>""), _xlpm.filtered, IFERROR(_xlfn._xlws.FILTER(_xlpm.val, _xlpm.valid), ""), IF(ROWS(_xlpm.filtered)>=2, INDEX(_xlpm.filtered, ROWS(_xlpm.filtered)-1), "—" ) )} -> 0
A22: Small % | B22: {=_xlfn.LET( _xlpm.sh,$B$5, _xlpm.curDate,--$D$5, _xlpm.colDate,MATCH("DATE",INDIRECT("'"&_xlpm.sh&"'!9:9"),0), _xlpm.colVal,MATCH("SMALL%",INDIRECT("'"&_xlpm.sh&"'!9:9"),0), _xlpm.dt,INDEX(INDIRECT("'"&_xlpm.sh&"'!11:500"),,_xlpm.colDate), _xlpm.val,INDEX(INDIRECT("'"&_xlpm.sh&"'!11:500"),,_xlpm.colVal), _xlpm.valid,(_xlpm.dt=_xlpm.curDate)*(_xlpm.val<>""),_xlpm.filtered,_xlfn._xlws.FILTER(_xlpm.val,_xlpm.valid), IFERROR(INDEX(_xlpm.filtered,ROWS(_xlpm.filtered)),"") )} -> 0 | C22: =IF( OR(B22="—",D22="—"), "—", _xlfn.LET( _xlpm.cur, B22*100, _xlpm.prev, D22*100, _xlpm.diff, _xlpm.cur - _xlpm.prev, IF( _xlpm.diff > 0, "▲ +" & TEXT(_xlpm.diff,"0.00") & "%", IF(_xlpm.diff < 0, "▼ " & TEXT(_xlpm.diff,"0.00") & "%", "–" ) ) ) ) -> – | D22: {=_xlfn.LET( _xlpm.sh, $B$5, _xlpm.curDate, --$D$5, _xlpm.colDate, MATCH("DATE", INDIRECT("'" & _xlpm.sh & "'!9:9"), 0), _xlpm.colVal, MATCH("SMALL%", INDIRECT("'" & _xlpm.sh & "'!9:9"), 0), _xlpm.dt, INDEX(INDIRECT("'" & _xlpm.sh & "'!11:500"), , _xlpm.colDate), _xlpm.val, INDEX(INDIRECT("'" & _xlpm.sh & "'!11:500"), , _xlpm.colVal), _xlpm.valid, (_xlpm.dt<=_xlpm.curDate)*(_xlpm.val<>""), _xlpm.filtered, IFERROR(_xlfn._xlws.FILTER(_xlpm.val, _xlpm.valid), ""), IF(ROWS(_xlpm.filtered)>=2, INDEX(_xlpm.filtered, ROWS(_xlpm.filtered)-1), "—" ) )} -> 0
A23: Abnormal % | B23: {=_xlfn.LET( _xlpm.sh,$B$5, _xlpm.curDate,--$D$5, _xlpm.colDate,MATCH("DATE",INDIRECT("'"&_xlpm.sh&"'!9:9"),0), _xlpm.colVal,MATCH("ABNORMAL%",INDIRECT("'"&_xlpm.sh&"'!9:9"),0), _xlpm.dt,INDEX(INDIRECT("'"&_xlpm.sh&"'!11:500"),,_xlpm.colDate), _xlpm.val,INDEX(INDIRECT("'"&_xlpm.sh&"'!11:500"),,_xlpm.colVal), _xlpm.valid,(_xlpm.dt=_xlpm.curDate)*(_xlpm.val<>""),_xlpm.filtered,_xlfn._xlws.FILTER(_xlpm.val,_xlpm.valid), IFERROR(INDEX(_xlpm.filtered,ROWS(_xlpm.filtered)),"") )} -> 0 | C23: =IF( OR(B23="—",D23="—"), "—", _xlfn.LET( _xlpm.cur, B23*100, _xlpm.prev, D23*100, _xlpm.diff, _xlpm.cur - _xlpm.prev, IF( _xlpm.diff > 0, "▲ +" & TEXT(_xlpm.diff,"0.00") & "%", IF(_xlpm.diff < 0, "▼ " & TEXT(_xlpm.diff,"0.00") & "%", "–" ) ) ) ) -> – | D23: {=_xlfn.LET( _xlpm.sh, $B$5, _xlpm.curDate, --$D$5, _xlpm.colDate, MATCH("DATE", INDIRECT("'" & _xlpm.sh & "'!9:9"), 0), _xlpm.colVal, MATCH("ABNORMAL%", INDIRECT("'" & _xlpm.sh & "'!9:9"), 0), _xlpm.dt, INDEX(INDIRECT("'" & _xlpm.sh & "'!11:500"), , _xlpm.colDate), _xlpm.val, INDEX(INDIRECT("'" & _xlpm.sh & "'!11:500"), , _xlpm.colVal), _xlpm.valid, (_xlpm.dt<=_xlpm.curDate)*(_xlpm.val<>""), _xlpm.filtered, IFERROR(_xlfn._xlws.FILTER(_xlpm.val, _xlpm.valid), ""), IF(ROWS(_xlpm.filtered)>=2, INDEX(_xlpm.filtered, ROWS(_xlpm.filtered)-1), "—" ) )} -> 0
A24: Crack % | B24: {=_xlfn.LET( _xlpm.sh,$B$5, _xlpm.curDate,--$D$5, _xlpm.colDate,MATCH("DATE",INDIRECT("'"&_xlpm.sh&"'!9:9"),0), _xlpm.colVal,MATCH("CRACK%",INDIRECT("'"&_xlpm.sh&"'!9:9"),0), _xlpm.dt,INDEX(INDIRECT("'"&_xlpm.sh&"'!11:500"),,_xlpm.colDate), _xlpm.val,INDEX(INDIRECT("'"&_xlpm.sh&"'!11:500"),,_xlpm.colVal), _xlpm.valid,(_xlpm.dt=_xlpm.curDate)*(_xlpm.val<>""),_xlpm.filtered,_xlfn._xlws.FILTER(_xlpm.val,_xlpm.valid), IFERROR(INDEX(_xlpm.filtered,ROWS(_xlpm.filtered)),"") )} -> 0 | C24: =IF( OR(B24="—",D24="—"), "—", _xlfn.LET( _xlpm.cur, B24*100, _xlpm.prev, D24*100, _xlpm.diff, _xlpm.cur - _xlpm.prev, IF( _xlpm.diff > 0, "▲ +" & TEXT(_xlpm.diff,"0.00") & "%", IF(_xlpm.diff < 0, "▼ " & TEXT(_xlpm.diff,"0.00") & "%", "–" ) ) ) ) -> – | D24: {=_xlfn.LET( _xlpm.sh, $B$5, _xlpm.curDate, --$D$5, _xlpm.colDate, MATCH("DATE", INDIRECT("'" & _xlpm.sh & "'!9:9"), 0), _xlpm.colVal, MATCH("CRACK%", INDIRECT("'" & _xlpm.sh & "'!9:9"), 0), _xlpm.dt, INDEX(INDIRECT("'" & _xlpm.sh & "'!11:500"), , _xlpm.colDate), _xlpm.val, INDEX(INDIRECT("'" & _xlpm.sh & "'!11:500"), , _xlpm.colVal), _xlpm.valid, (_xlpm.dt<=_xlpm.curDate)*(_xlpm.val<>""), _xlpm.filtered, IFERROR(_xlfn._xlws.FILTER(_xlpm.val, _xlpm.valid), ""), IF(ROWS(_xlpm.filtered)>=2, INDEX(_xlpm.filtered, ROWS(_xlpm.filtered)-1), "—" ) )} -> 0
A25: Reject % | B25: {=_xlfn.LET( _xlpm.sh,$B$5, _xlpm.curDate,--$D$5, _xlpm.colDate,MATCH("DATE",INDIRECT("'"&_xlpm.sh&"'!9:9"),0), _xlpm.colVal,MATCH("REJECT%",INDIRECT("'"&_xlpm.sh&"'!9:9"),0), _xlpm.dt,INDEX(INDIRECT("'"&_xlpm.sh&"'!11:500"),,_xlpm.colDate), _xlpm.val,INDEX(INDIRECT("'"&_xlpm.sh&"'!11:500"),,_xlpm.colVal), _xlpm.valid,(_xlpm.dt=_xlpm.curDate)*(_xlpm.val<>""),_xlpm.filtered,_xlfn._xlws.FILTER(_xlpm.val,_xlpm.valid), IFERROR(INDEX(_xlpm.filtered,ROWS(_xlpm.filtered)),"") )} -> 0 | C25: =IF( OR(B25="—",D25="—"), "—", _xlfn.LET( _xlpm.cur, B25*100, _xlpm.prev, D25*100, _xlpm.diff, _xlpm.cur - _xlpm.prev, IF( _xlpm.diff > 0, "▲ +" & TEXT(_xlpm.diff,"0.00") & "%", IF(_xlpm.diff < 0, "▼ " & TEXT(_xlpm.diff,"0.00") & "%", "–" ) ) ) ) -> – | D25: {=_xlfn.LET( _xlpm.sh, $B$5, _xlpm.curDate, --$D$5, _xlpm.colDate, MATCH("DATE", INDIRECT("'" & _xlpm.sh & "'!9:9"), 0), _xlpm.colVal, MATCH("REJECT%", INDIRECT("'" & _xlpm.sh & "'!9:9"), 0), _xlpm.dt, INDEX(INDIRECT("'" & _xlpm.sh & "'!11:500"), , _xlpm.colDate), _xlpm.val, INDEX(INDIRECT("'" & _xlpm.sh & "'!11:500"), , _xlpm.colVal), _xlpm.valid, (_xlpm.dt<=_xlpm.curDate)*(_xlpm.val<>""), _xlpm.filtered, IFERROR(_xlfn._xlws.FILTER(_xlpm.val, _xlpm.valid), ""), IF(ROWS(_xlpm.filtered)>=2, INDEX(_xlpm.filtered, ROWS(_xlpm.filtered)-1), "—" ) )} -> 0
A26: Lighting Hour (h) | B26: {=_xlfn.LET( _xlpm.sh,$B$5, _xlpm.colDate,MATCH("DATE",INDIRECT("'"&_xlpm.sh&"'!9:9"),0), _xlpm.colOn,MATCH("LIGHT ON",INDIRECT("'"&_xlpm.sh&"'!9:9"),0), _xlpm.colOff,MATCH("LIGHT OFF",INDIRECT("'"&_xlpm.sh&"'!9:9"),0), _xlpm.colDur,MATCH("LIGHT DURATION",INDIRECT("'"&_xlpm.sh&"'!9:9"),0), _xlpm.dt,INDEX(INDIRECT("'"&_xlpm.sh&"'!11:500"),,_xlpm.colDate), _xlpm.onT,INDEX(INDIRECT("'"&_xlpm.sh&"'!11:500"),,_xlpm.colOn), _xlpm.offT,INDEX(INDIRECT("'"&_xlpm.sh&"'!11:500"),,_xlpm.colOff), _xlpm.dur,INDEX(INDIRECT("'"&_xlpm.sh&"'!11:500"),,_xlpm.colDur), _xlpm.filterRow,(_xlpm.dt=$D$5), _xlpm.start,_xlfn._xlws.FILTER(_xlpm.onT,_xlpm.filterRow,""), _xlpm.end,_xlfn._xlws.FILTER(_xlpm.offT,_xlpm.filterRow,""), _xlpm.hour,_xlfn._xlws.FILTER(_xlpm.dur,_xlpm.filterRow,""), IF(AND(_xlpm.start<>"",_xlpm.end<>"",_xlpm.hour<>""), TEXT(_xlpm.start,"h.mmAM/PM") & " - " & TEXT(_xlpm.end,"h.mmAM/PM") & " (" & TEXT(_xlpm.hour,"0.0") & " h)", "—" ) )} -> 8.00AM - 4.00PM (8.0 h)
A27: Female BW (g) / (Std) | B27: {=_xlfn.LET( _xlpm.sh,$B$5, _xlpm.wk,$G$5, _xlpm.colWeek,MATCH("WEEK",INDIRECT("'"&_xlpm.sh&"'!506:506"),0), _xlpm.colBW,MATCH("FEMALE BW",INDIRECT("'"&_xlpm.sh&"'!506:506"),0), _xlpm.colStd,MATCH("STD FEMALE BW",INDIRECT("'"&_xlpm.sh&"'!506:506"),0), _xlpm.w,INDEX(INDIRECT("'"&_xlpm.sh&"'!508:577"),,_xlpm.colWeek), _xlpm.bw,INDEX(INDIRECT("'"&_xlpm.sh&"'!508:577"),,_xlpm.colBW), _xlpm.std,INDEX(INDIRECT("'"&_xlpm.sh&"'!508:577"),,_xlpm.colStd), _xlpm.valid,(INT(_xlpm.w)=_xlpm.wk)*(_xlpm.bw<>""), _xlpm.curBW,IFERROR(_xlfn._xlws.FILTER(_xlpm.bw,_xlpm.valid),""), _xlpm.curStd,IFERROR(_xlfn._xlws.FILTER(_xlpm.std,_xlpm.valid),""), _xlpm.curBWVal,IF(ROWS(_xlpm.curBW)>=1,INDEX(_xlpm.curBW,ROWS(_xlpm.curBW)),""), _xlpm.curStdVal,IF(ROWS(_xlpm.curStd)>=1,INDEX(_xlpm.curStd,ROWS(_xlpm.curStd)),""), IF(OR(_xlpm.curBWVal="",_xlpm.curStdVal=""), "—", TEXT(_xlpm.curBWVal,"0")&" g ("&TEXT(_xlpm.curStdVal,"0")&" g)") )} -> 561 g (475 g) | C27: =IF( OR(B27="—", D27="—"), "—", IFERROR( _xlfn.LET( _xlpm.curBW, VALUE(LEFT(B27, FIND(" ", B27) - 1)), _xlpm.curStdTxt, MID(B27, FIND("(", B27) + 1, FIND(")", B27) - FIND("(", B27) - 1), _xlpm.curStd, VALUE(SUBSTITUTE(_xlpm.curStdTxt, " g", "")), _xlpm.prevBW, VALUE(LEFT(D27, FIND(" ", D27) - 1)), _xlpm.prevStdTxt, MID(D27, FIND("(", D27) + 1, FIND(")", D27) - FIND("(", D27) - 1), _xlpm.prevStd, VALUE(SUBSTITUTE(_xlpm.prevStdTxt, " g", "")), _xlpm.diffBW, ROUND(_xlpm.curBW - _xlpm.prevBW, 1), _xlpm.diffStd, ROUND(_xlpm.curStd - _xlpm.prevStd, 1), IF( _xlpm.diffBW > 0, "▲ +" & TEXT(_xlpm.diffBW, "0") & " g (" & TEXT(_xlpm.diffStd, "+0;-0") & " g)", IF( _xlpm.diffBW < 0, "▼ " & TEXT(_xlpm.diffBW, "0") & " g (" & TEXT(_xlpm.diffStd, "+0;-0") & " g)", "–" ) ) ), "—" ) ) -> ▲ +199 g (+130 g) | D27: {=_xlfn.LET( _xlpm.sh,$B$5, _xlpm.wk,$G$5, _xlpm.colWeek,MATCH("WEEK",INDIRECT("'"&_xlpm.sh&"'!506:506"),0), _xlpm.colBW,MATCH("FEMALE BW",INDIRECT("'"&_xlpm.sh&"'!506:506"),0), _xlpm.colStd,MATCH("STD FEMALE BW",INDIRECT("'"&_xlpm.sh&"'!506:506"),0), _xlpm.w,INDEX(INDIRECT("'"&_xlpm.sh&"'!508:577"),,_xlpm.colWeek), _xlpm.bw,INDEX(INDIRECT("'"&_xlpm.sh&"'!508:577"),,_xlpm.colBW), _xlpm.std,INDEX(INDIRECT("'"&_xlpm.sh&"'!508:577"),,_xlpm.colStd), _xlpm.valid,(INT(_xlpm.w)=_xlpm.wk-1)*(_xlpm.bw<>""), _xlpm.prevBW,IFERROR(_xlfn._xlws.FILTER(_xlpm.bw,_xlpm.valid),""), _xlpm.prevStd,IFERROR(_xlfn._xlws.FILTER(_xlpm.std,_xlpm.valid),""), _xlpm.prevBWVal,IF(ROWS(_xlpm.prevBW)>=1,INDEX(_xlpm.prevBW,ROWS(_xlpm.prevBW)),""), _xlpm.prevStdVal,IF(ROWS(_xlpm.prevStd)>=1,INDEX(_xlpm.prevStd,ROWS(_xlpm.prevStd)),""), IF( OR(_xlpm.prevBWVal="",_xlpm.prevStdVal=""), "—", TEXT(_xlpm.prevBWVal,"0") & " g (" & TEXT(_xlpm.prevStdVal,"0") & " g)" ) )} -> 362 g (345 g)
A28: Female Uni % | B28: {=_xlfn.LET( _xlpm.sh,$B$5, _xlpm.wk,$G$5, _xlpm.colWeek,MATCH("WEEK",INDIRECT("'"&_xlpm.sh&"'!506:506"),0), _xlpm.colUni,MATCH("FEMALE UNI%",INDIRECT("'"&_xlpm.sh&"'!506:506"),0), _xlpm.w,INDEX(INDIRECT("'"&_xlpm.sh&"'!508:577"),,_xlpm.colWeek), _xlpm.uni,INDEX(INDIRECT("'"&_xlpm.sh&"'!508:577"),,_xlpm.colUni), _xlpm.valid,(INT(_xlpm.w)=_xlpm.wk)*(_xlpm.uni<>""), _xlpm.cur,IFERROR(_xlfn._xlws.FILTER(_xlpm.uni,_xlpm.valid),""), IF(ROWS(_xlpm.cur)>=1,INDEX(_xlpm.cur,ROWS(_xlpm.cur)),"—") )} -> 0.525 | C28: =IF( OR(B28="—",D28="—",B28="",D28=""), "", _xlfn.LET( _xlpm.cur,B28*100, _xlpm.prev,D28*100, _xlpm.diff,_xlpm.cur-_xlpm.prev, IF( _xlpm.diff>0, "▲ +"&TEXT(_xlpm.diff,"0.0")&"%", IF(_xlpm.diff<0, "▼ "&TEXT(_xlpm.diff,"0.0")&"%", "–" ) ) ) ) -> ▲ +3.7% | D28: {=_xlfn.LET( _xlpm.sh,$B$5, _xlpm.wk,$G$5, _xlpm.colWeek,MATCH("WEEK",INDIRECT("'"&_xlpm.sh&"'!506:506"),0), _xlpm.colUni,MATCH("FEMALE UNI%",INDIRECT("'"&_xlpm.sh&"'!506:506"),0), _xlpm.w,INDEX(INDIRECT("'"&_xlpm.sh&"'!508:577"),,_xlpm.colWeek), _xlpm.uni,INDEX(INDIRECT("'"&_xlpm.sh&"'!508:577"),,_xlpm.colUni), _xlpm.valid,(INT(_xlpm.w)=_xlpm.wk-1)*(_xlpm.uni<>""), _xlpm.prev,IFERROR(_xlfn._xlws.FILTER(_xlpm.uni,_xlpm.valid),""), IF(ROWS(_xlpm.prev)>=1,INDEX(_xlpm.prev,ROWS(_xlpm.prev)),"—") )} -> 0.48775
A29: Male BW (g) / (Std) | B29: {=_xlfn.LET( _xlpm.sh,$B$5, _xlpm.wk,$G$5, _xlpm.colWeek,MATCH("WEEK",INDIRECT("'"&_xlpm.sh&"'!506:506"),0), _xlpm.colBW,MATCH("MALE BW",INDIRECT("'"&_xlpm.sh&"'!506:506"),0), _xlpm.colStd,MATCH("STD MALE BW",INDIRECT("'"&_xlpm.sh&"'!506:506"),0), _xlpm.w,INDEX(INDIRECT("'"&_xlpm.sh&"'!508:577"),,_xlpm.colWeek), _xlpm.bw,INDEX(INDIRECT("'"&_xlpm.sh&"'!508:577"),,_xlpm.colBW), _xlpm.std,INDEX(INDIRECT("'"&_xlpm.sh&"'!508:577"),,_xlpm.colStd), _xlpm.valid,(INT(_xlpm.w)=_xlpm.wk)*(_xlpm.bw<>""), _xlpm.curBW,IFERROR(_xlfn._xlws.FILTER(_xlpm.bw,_xlpm.valid),""), _xlpm.curStd,IFERROR(_xlfn._xlws.FILTER(_xlpm.std,_xlpm.valid),""), _xlpm.curBWVal,IF(ROWS(_xlpm.curBW)>=1,INDEX(_xlpm.curBW,ROWS(_xlpm.curBW)),""), _xlpm.curStdVal,IF(ROWS(_xlpm.curStd)>=1,INDEX(_xlpm.curStd,ROWS(_xlpm.curStd)),""), IF(OR(_xlpm.curBWVal="",_xlpm.curStdVal=""), "—", TEXT(_xlpm.curBWVal,"0")&" g ("&TEXT(_xlpm.curStdVal,"0")&" g)") )} -> 571 g (755 g) | C29: =IF( OR(B29="—", D29="—"), "—", IFERROR( _xlfn.LET( _xlpm.curBW, VALUE(LEFT(B29, FIND(" ", B29) - 1)), _xlpm.curStdTxt, MID(B29, FIND("(", B29) + 1, FIND(")", B29) - FIND("(", B29) - 1), _xlpm.curStd, VALUE(SUBSTITUTE(_xlpm.curStdTxt, " g", "")), _xlpm.prevBW, VALUE(LEFT(D29, FIND(" ", D29) - 1)), _xlpm.prevStdTxt, MID(D29, FIND("(", D29) + 1, FIND(")", D29) - FIND("(", D29) - 1), _xlpm.prevStd, VALUE(SUBSTITUTE(_xlpm.prevStdTxt, " g", "")), _xlpm.diffBW, ROUND(_xlpm.curBW - _xlpm.prevBW, 1), _xlpm.diffStd, ROUND(_xlpm.curStd - _xlpm.prevStd, 1), IF( _xlpm.diffBW > 0, "▲ +" & TEXT(_xlpm.diffBW, "0") & " g (" & TEXT(_xlpm.diffStd, "+0;-0") & " g)", IF( _xlpm.diffBW < 0, "▼ " & TEXT(_xlpm.diffBW, "0") & " g (" & TEXT(_xlpm.diffStd, "+0;-0") & " g)", "–" ) ) ), "—" ) ) -> ▲ +217 g (+230 g) | D29: {=_xlfn.LET( _xlpm.sh,$B$5, _xlpm.wk,$G$5, _xlpm.colWeek,MATCH("WEEK",INDIRECT("'"&_xlpm.sh&"'!506:506"),0), _xlpm.colBW,MATCH("MALE BW",INDIRECT("'"&_xlpm.sh&"'!506:506"),0), _xlpm.colStd,MATCH("STD MALE BW",INDIRECT("'"&_xlpm.sh&"'!506:506"),0), _xlpm.w,INDEX(INDIRECT("'"&_xlpm.sh&"'!508:577"),,_xlpm.colWeek), _xlpm.bw,INDEX(INDIRECT("'"&_xlpm.sh&"'!508:577"),,_xlpm.colBW), _xlpm.std,INDEX(INDIRECT("'"&_xlpm.sh&"'!508:577"),,_xlpm.colStd), _xlpm.valid,(INT(_xlpm.w)=_xlpm.wk-1)*(_xlpm.bw<>""), _xlpm.prevBW,IFERROR(_xlfn._xlws.FILTER(_xlpm.bw,_xlpm.valid),""), _xlpm.prevStd,IFERROR(_xlfn._xlws.FILTER(_xlpm.std,_xlpm.valid),""), _xlpm.prevBWVal,IF(ROWS(_xlpm.prevBW)>=1,INDEX(_xlpm.prevBW,ROWS(_xlpm.prevBW)),""), _xlpm.prevStdVal,IF(ROWS(_xlpm.prevStd)>=1,INDEX(_xlpm.prevStd,ROWS(_xlpm.prevStd)),""), IF( OR(_xlpm.prevBWVal="",_xlpm.prevStdVal=""), "—", TEXT(_xlpm.prevBWVal,"0") & " g (" & TEXT(_xlpm.prevStdVal,"0") & " g)" ) )} -> 354 g (525 g)
A30: Male Uni % | B30: {=_xlfn.LET( _xlpm.sh,$B$5, _xlpm.wk,$G$5, _xlpm.colWeek,MATCH("WEEK",INDIRECT("'"&_xlpm.sh&"'!506:506"),0), _xlpm.colUni,MATCH("MALE UNI%",INDIRECT("'"&_xlpm.sh&"'!506:506"),0), _xlpm.w,INDEX(INDIRECT("'"&_xlpm.sh&"'!508:577"),,_xlpm.colWeek), _xlpm.uni,INDEX(INDIRECT("'"&_xlpm.sh&"'!508:577"),,_xlpm.colUni), _xlpm.valid,(INT(_xlpm.w)=_xlpm.wk)*(_xlpm.uni<>""), _xlpm.cur,IFERROR(_xlfn._xlws.FILTER(_xlpm.uni,_xlpm.valid),""), IF(ROWS(_xlpm.cur)>=1,INDEX(_xlpm.cur,ROWS(_xlpm.cur)),"—") )} -> 0.4415 | C30: =IF( OR(B30="—",D30="—",B30="",D30=""), "", _xlfn.LET( _xlpm.cur,B30*100, _xlpm.prev,D30*100, _xlpm.diff,_xlpm.cur-_xlpm.prev, IF( _xlpm.diff>0, "▲ +"&TEXT(_xlpm.diff,"0.0")&"%", IF(_xlpm.diff<0, "▼ "&TEXT(_xlpm.diff,"0.0")&"%", "–" ) ) ) ) -> ▲ +9.2% | D30: {=_xlfn.LET( _xlpm.sh,$B$5, _xlpm.wk,$G$5, _xlpm.colWeek,MATCH("WEEK",INDIRECT("'"&_xlpm.sh&"'!506:506"),0), _xlpm.colUni,MATCH("MALE UNI%",INDIRECT("'"&_xlpm.sh&"'!506:506"),0), _xlpm.w,INDEX(INDIRECT("'"&_xlpm.sh&"'!508:577"),,_xlpm.colWeek), _xlpm.uni,INDEX(INDIRECT("'"&_xlpm.sh&"'!508:577"),,_xlpm.colUni), _xlpm.valid,(INT(_xlpm.w)=_xlpm.wk-1)*(_xlpm.uni<>""), _xlpm.prev,IFERROR(_xlfn._xlws.FILTER(_xlpm.uni,_xlpm.valid),""), IF(ROWS(_xlpm.prev)>=1,INDEX(_xlpm.prev,ROWS(_xlpm.prev)),"—") )} -> 0.35
A31: Total Female (count) | B31: {=_xlfn.LET( _xlpm.sh, $B$5, _xlpm.curDate, --$D$5, _xlpm.colDate, MATCH("DATE", INDIRECT("'" & _xlpm.sh & "'!9:9"), 0), _xlpm.colVal, MATCH("FEMALE STOCK", INDIRECT("'" & _xlpm.sh & "'!9:9"), 0), _xlpm.dt, INDEX(INDIRECT("'" & _xlpm.sh & "'!11:500"), , _xlpm.colDate), _xlpm.val, INDEX(INDIRECT("'" & _xlpm.sh & "'!11:500"), , _xlpm.colVal), _xlpm.valid, (_xlpm.dt=_xlpm.curDate)*(_xlpm.val<>""), _xlpm.filtered, IFERROR(_xlfn._xlws.FILTER(_xlpm.val, _xlpm.valid), ""), _xlpm.n, ROWS(_xlpm.filtered), IF(_xlpm.n>=1, TEXT(INDEX(_xlpm.filtered, _xlpm.n), "0"), "—") )} -> 5883 | C31: =IF( OR(B31="—",D31="—"), "—", _xlfn.LET( _xlpm.cur, VALUE(B31), _xlpm.prev, VALUE(D31), _xlpm.diff, _xlpm.cur - _xlpm.prev, IF( _xlpm.diff>0, "▲ +" & TEXT(_xlpm.diff,"0"), IF(_xlpm.diff<0, "▼ " & TEXT(_xlpm.diff,"0"), "–" ) ) ) ) -> ▼ -3 | D31: {=_xlfn.LET( _xlpm.sh, $B$5, _xlpm.curDate, --$D$5, _xlpm.colDate, MATCH("DATE", INDIRECT("'" & _xlpm.sh & "'!9:9"), 0), _xlpm.colVal, MATCH("FEMALE STOCK", INDIRECT("'" & _xlpm.sh & "'!9:9"), 0), _xlpm.dt, INDEX(INDIRECT("'" & _xlpm.sh & "'!11:500"), , _xlpm.colDate), _xlpm.val, INDEX(INDIRECT("'" & _xlpm.sh & "'!11:500"), , _xlpm.colVal), _xlpm.valid, (_xlpm.dt <= _xlpm.curDate) * (_xlpm.val <> ""), _xlpm.filtered, _xlfn._xlws.FILTER(_xlpm.val, _xlpm.valid), _xlpm.n, ROWS(_xlpm.filtered), _xlpm.prevVal, IF(_xlpm.n >= 2, INDEX(_xlpm.filtered, _xlpm.n - 1), "—"), IFERROR( IF(ISNUMBER(_xlpm.prevVal), TEXT(_xlpm.prevVal, "0"), _xlpm.prevVal), "—" ) )} -> 5886
A32: Female g/bird | B32: {=_xlfn.LET( _xlpm.sh, $B$5, _xlpm.curDate, --$D$5, _xlpm.colDate, MATCH("DATE", INDIRECT("'" & _xlpm.sh & "'!9:9"), 0), _xlpm.colVal, MATCH("ACTUAL FEMALE G/B", INDIRECT("'" & _xlpm.sh & "'!9:9"), 0), _xlpm.dt, INDEX(INDIRECT("'" & _xlpm.sh & "'!11:500"), , _xlpm.colDate), _xlpm.val, INDEX(INDIRECT("'" & _xlpm.sh & "'!11:500"), , _xlpm.colVal), _xlpm.valid, (_xlpm.dt=_xlpm.curDate)*(_xlpm.val<>""), _xlpm.filtered, IFERROR(_xlfn._xlws.FILTER(_xlpm.val, _xlpm.valid), ""), _xlpm.n, ROWS(_xlpm.filtered), IF(_xlpm.n>=1, TEXT(INDEX(_xlpm.filtered, _xlpm.n), "0") & " g", "—") )} -> 38 g | C32: =IF( OR(B32="—",D32="—"), "—", _xlfn.LET( _xlpm.cur, VALUE(SUBSTITUTE(B32," g","")), _xlpm.prev, VALUE(SUBSTITUTE(D32," g","")), _xlpm.diff, _xlpm.cur - _xlpm.prev, IF( _xlpm.diff>0, "▲ +" & TEXT(_xlpm.diff,"0.0") & " g", IF(_xlpm.diff<0, "▼ " & TEXT(_xlpm.diff,"0.0") & " g", "–" ) ) ) ) -> – | D32: {=_xlfn.LET( _xlpm.sh,$B$5, _xlpm.curDate,--$D$5, _xlpm.colDate,MATCH("DATE",INDIRECT("'"&_xlpm.sh&"'!9:9"),0), _xlpm.colVal,MATCH("ACTUAL FEMALE G/B",INDIRECT("'"&_xlpm.sh&"'!9:9"),0), _xlpm.dt,INDEX(INDIRECT("'"&_xlpm.sh&"'!11:500"),,_xlpm.colDate), _xlpm.val,INDEX(INDIRECT("'"&_xlpm.sh&"'!11:500"),,_xlpm.colVal), _xlpm.valid,(_xlpm.dt<=_xlpm.curDate)*(_xlpm.val<>""), _xlpm.filtered,IFERROR(_xlfn._xlws.FILTER(_xlpm.val,_xlpm.valid),{""}), _xlpm.n,ROWS(_xlpm.filtered), _xlpm.prevVal,IF(_xlpm.n>=2,INDEX(_xlpm.filtered,_xlpm.n-1),"—"), IF(ISNUMBER(_xlpm.prevVal),TEXT(_xlpm.prevVal,"0")&" g",_xlpm.prevVal) )} -> 38 g
A33: Feed Female (kg) | B33: {=_xlfn.LET( _xlpm.sh, $B$5, _xlpm.curDate, --$D$5, _xlpm.colDate, MATCH("DATE", INDIRECT("'" & _xlpm.sh & "'!9:9"), 0), _xlpm.colVal, MATCH("FEMALE TOTAL FEED (KG)", INDIRECT("'" & _xlpm.sh & "'!9:9"), 0), _xlpm.dt, INDEX(INDIRECT("'" & _xlpm.sh & "'!11:500"), , _xlpm.colDate), _xlpm.val, INDEX(INDIRECT("'" & _xlpm.sh & "'!11:500"), , _xlpm.colVal), _xlpm.valid, (_xlpm.dt=_xlpm.curDate)*(_xlpm.val<>""), _xlpm.filtered, IFERROR(_xlfn._xlws.FILTER(_xlpm.val, _xlpm.valid), ""), _xlpm.n, ROWS(_xlpm.filtered), IF(_xlpm.n>=1, TEXT(INDEX(_xlpm.filtered, _xlpm.n), "0.00") & " kg", "—") )} -> 223.55 kg | C33: =IF( OR(B33="—",D33="—"), "—", _xlfn.LET( _xlpm.cur, VALUE(SUBSTITUTE(B33," kg","")), _xlpm.prev, VALUE(SUBSTITUTE(D33," kg","")), _xlpm.diff, _xlpm.cur - _xlpm.prev, IF( _xlpm.diff>0, "▲ +" & TEXT(_xlpm.diff,"0.00") & " kg", IF(_xlpm.diff<0, "▼ " & TEXT(_xlpm.diff,"0.00") & " kg", "–" ) ) ) ) -> ▼ -0.12 kg | D33: {=_xlfn.LET( _xlpm.sh,$B$5, _xlpm.curDate,--$D$5, _xlpm.colDate,MATCH("DATE",INDIRECT("'"&_xlpm.sh&"'!9:9"),0), _xlpm.colVal,MATCH("FEMALE TOTAL FEED (KG)",INDIRECT("'"&_xlpm.sh&"'!9:9"),0), _xlpm.dt,INDEX(INDIRECT("'"&_xlpm.sh&"'!11:500"),,_xlpm.colDate), _xlpm.val,INDEX(INDIRECT("'"&_xlpm.sh&"'!11:500"),,_xlpm.colVal), _xlpm.valid,(_xlpm.dt<=_xlpm.curDate)*(_xlpm.val<>""), _xlpm.filtered,IFERROR(_xlfn._xlws.FILTER(_xlpm.val,_xlpm.valid),{""}), _xlpm.n,ROWS(_xlpm.filtered), _xlpm.prevVal,IF(_xlpm.n>=2,INDEX(_xlpm.filtered,_xlpm.n-1),"—"), IF(ISNUMBER(_xlpm.prevVal),TEXT(_xlpm.prevVal,"0.00")&" kg",_xlpm.prevVal) )} -> 223.67 kg
A34: Total Male (count) | B34: {=_xlfn.LET( _xlpm.sh, $B$5, _xlpm.curDate, --$D$5, _xlpm.colDate, MATCH("DATE", INDIRECT("'" & _xlpm.sh & "'!9:9"), 0), _xlpm.colVal, MATCH("MALE STOCK", INDIRECT("'" & _xlpm.sh & "'!9:9"), 0), _xlpm.dt, INDEX(INDIRECT("'" & _xlpm.sh & "'!11:500"), , _xlpm.colDate), _xlpm.val, INDEX(INDIRECT("'" & _xlpm.sh & "'!11:500"), , _xlpm.colVal), _xlpm.valid, (_xlpm.dt=_xlpm.curDate)*(_xlpm.val<>""), _xlpm.filtered, IFERROR(_xlfn._xlws.FILTER(_xlpm.val, _xlpm.valid), ""), _xlpm.n, ROWS(_xlpm.filtered), IF(_xlpm.n>=1, TEXT(INDEX(_xlpm.filtered, _xlpm.n), "0"), "—") )} -> 821 | C34: =IF( OR(B34="—",D34="—"), "—", _xlfn.LET( _xlpm.cur, VALUE(B34), _xlpm.prev, VALUE(D34), _xlpm.diff, _xlpm.cur - _xlpm.prev, IF( _xlpm.diff>0, "▲ +" & TEXT(_xlpm.diff,"0"), IF(_xlpm.diff<0, "▼ " & TEXT(_xlpm.diff,"0"), "–" ) ) ) ) -> ▼ -1 | D34: {=_xlfn.LET( _xlpm.sh, $B$5, _xlpm.curDate, --$D$5, _xlpm.colDate, MATCH("DATE", INDIRECT("'" & _xlpm.sh & "'!9:9"), 0), _xlpm.colVal, MATCH("MALE STOCK", INDIRECT("'" & _xlpm.sh & "'!9:9"), 0), _xlpm.dt, INDEX(INDIRECT("'" & _xlpm.sh & "'!11:500"), , _xlpm.colDate), _xlpm.val, INDEX(INDIRECT("'" & _xlpm.sh & "'!11:500"), , _xlpm.colVal), _xlpm.valid, (_xlpm.dt <= _xlpm.curDate) * (_xlpm.val <> ""), _xlpm.filtered, _xlfn._xlws.FILTER(_xlpm.val, _xlpm.valid), _xlpm.n, ROWS(_xlpm.filtered), _xlpm.prevVal, IF(_xlpm.n >= 2, INDEX(_xlpm.filtered, _xlpm.n - 1), "—"), IFERROR( IF(ISNUMBER(_xlpm.prevVal), TEXT(_xlpm.prevVal, "0"), _xlpm.prevVal), "—" ) )} -> 822
A35: Male g/bird | B35: {=_xlfn.LET( _xlpm.sh, $B$5, _xlpm.curDate, --$D$5, _xlpm.colDate, MATCH("DATE", INDIRECT("'" & _xlpm.sh & "'!9:9"), 0), _xlpm.colVal, MATCH("ACTUAL MALE G/B", INDIRECT("'" & _xlpm.sh & "'!9:9"), 0), _xlpm.dt, INDEX(INDIRECT("'" & _xlpm.sh & "'!11:500"), , _xlpm.colDate), _xlpm.val, INDEX(INDIRECT("'" & _xlpm.sh & "'!11:500"), , _xlpm.colVal), _xlpm.valid, (_xlpm.dt=_xlpm.curDate)*(_xlpm.val<>""), _xlpm.filtered, IFERROR(_xlfn._xlws.FILTER(_xlpm.val, _xlpm.valid), ""), _xlpm.n, ROWS(_xlpm.filtered), IF(_xlpm.n>=1, TEXT(INDEX(_xlpm.filtered, _xlpm.n), "0") & " g", "—") )} -> 64 g | C35: =IF( OR(B35="—",D35="—"), "—", _xlfn.LET( _xlpm.cur, VALUE(SUBSTITUTE(B35," g","")), _xlpm.prev, VALUE(SUBSTITUTE(D35," g","")), _xlpm.diff, _xlpm.cur - _xlpm.prev, IF( _xlpm.diff>0, "▲ +" & TEXT(_xlpm.diff,"0.0") & " g", IF(_xlpm.diff<0, "▼ " & TEXT(_xlpm.diff,"0.0") & " g", "–" ) ) ) ) -> – | D35: {=_xlfn.LET( _xlpm.sh,$B$5, _xlpm.curDate,--$D$5, _xlpm.colDate,MATCH("DATE",INDIRECT("'"&_xlpm.sh&"'!9:9"),0), _xlpm.colVal,MATCH("ACTUAL MALE G/B",INDIRECT("'"&_xlpm.sh&"'!9:9"),0), _xlpm.dt,INDEX(INDIRECT("'"&_xlpm.sh&"'!11:500"),,_xlpm.colDate), _xlpm.val,INDEX(INDIRECT("'"&_xlpm.sh&"'!11:500"),,_xlpm.colVal), _xlpm.valid,(_xlpm.dt<=_xlpm.curDate)*(_xlpm.val<>""), _xlpm.filtered,IFERROR(_xlfn._xlws.FILTER(_xlpm.val,_xlpm.valid),{""}), _xlpm.n,ROWS(_xlpm.filtered), _xlpm.prevVal,IF(_xlpm.n>=2,INDEX(_xlpm.filtered,_xlpm.n-1),"—"), IF(ISNUMBER(_xlpm.prevVal),TEXT(_xlpm.prevVal,"0")&" g",_xlpm.prevVal) )} -> 64 g
A36: Feed Male (kg) | B36: {=_xlfn.LET( _xlpm.sh, $B$5, _xlpm.curDate, --$D$5, _xlpm.colDate, MATCH("DATE", INDIRECT("'" & _xlpm.sh & "'!9:9"), 0), _xlpm.colVal, MATCH("MALE TOTAL FEED (KG)", INDIRECT("'" & _xlpm.sh & "'!9:9"), 0), _xlpm.dt, INDEX(INDIRECT("'" & _xlpm.sh & "'!11:500"), , _xlpm.colDate), _xlpm.val, INDEX(INDIRECT("'" & _xlpm.sh & "'!11:500"), , _xlpm.colVal), _xlpm.valid, (_xlpm.dt=_xlpm.curDate)*(_xlpm.val<>""), _xlpm.filtered, IFERROR(_xlfn._xlws.FILTER(_xlpm.val, _xlpm.valid), ""), _xlpm.n, ROWS(_xlpm.filtered), IF(_xlpm.n>=1, TEXT(INDEX(_xlpm.filtered, _xlpm.n), "0.00") & " kg", "—") )} -> 52.54 kg | C36: =IF( OR(B36="—",D36="—"), "—", _xlfn.LET( _xlpm.cur, VALUE(SUBSTITUTE(B36," kg","")), _xlpm.prev, VALUE(SUBSTITUTE(D36," kg","")), _xlpm.diff, _xlpm.cur - _xlpm.prev, IF( _xlpm.diff>0, "▲ +" & TEXT(_xlpm.diff,"0.00") & " kg", IF(_xlpm.diff<0, "▼ " & TEXT(_xlpm.diff,"0.00") & " kg", "–" ) ) ) ) -> ▼ -0.07 kg | D36: {=_xlfn.LET( _xlpm.sh,$B$5, _xlpm.curDate,--$D$5, _xlpm.colDate,MATCH("DATE",INDIRECT("'"&_xlpm.sh&"'!9:9"),0), _xlpm.colVal,MATCH("MALE TOTAL FEED (KG)",INDIRECT("'"&_xlpm.sh&"'!9:9"),0), _xlpm.dt,INDEX(INDIRECT("'"&_xlpm.sh&"'!11:500"),,_xlpm.colDate), _xlpm.val,INDEX(INDIRECT("'"&_xlpm.sh&"'!11:500"),,_xlpm.colVal), _xlpm.valid,(_xlpm.dt<=_xlpm.curDate)*(_xlpm.val<>""), _xlpm.filtered,IFERROR(_xlfn._xlws.FILTER(_xlpm.val,_xlpm.valid),{""}), _xlpm.n,ROWS(_xlpm.filtered), _xlpm.prevVal,IF(_xlpm.n>=2,INDEX(_xlpm.filtered,_xlpm.n-1),"—"), IF(ISNUMBER(_xlpm.prevVal),TEXT(_xlpm.prevVal,"0.00")&" kg",_xlpm.prevVal) )} -> 52.61 kg
A37: Daily Water Consumption (L) | B37: {=_xlfn.LET( _xlpm.sh,$B$5, _xlpm.colDate,MATCH("DATE",INDIRECT("'"&_xlpm.sh&"'!9:9"),0), _xlpm.colWater,MATCH("24H WATER (L)",INDIRECT("'"&_xlpm.sh&"'!9:9"),0), _xlpm.dt,INDEX(INDIRECT("'"&_xlpm.sh&"'!11:500"),,_xlpm.colDate), _xlpm.val,INDEX(INDIRECT("'"&_xlpm.sh&"'!11:500"),,_xlpm.colWater), _xlpm.filterRow,(INT(_xlpm.dt)=INT($D$5)), _xlpm.wtr,_xlfn._xlws.FILTER(_xlpm.val,_xlpm.filterRow,""), IF(_xlpm.wtr<>"",TEXT(_xlpm.wtr,"#,##0")&" L","—") )} -> 500 L | C37: {=_xlfn.LET( _xlpm.sh,$B$5, _xlpm.colDate,MATCH("DATE",INDIRECT("'"&_xlpm.sh&"'!9:9"),0), _xlpm.colWater,MATCH("24H WATER (L)",INDIRECT("'"&_xlpm.sh&"'!9:9"),0), _xlpm.dt,INDEX(INDIRECT("'"&_xlpm.sh&"'!11:500"),,_xlpm.colDate), _xlpm.val,INDEX(INDIRECT("'"&_xlpm.sh&"'!11:500"),,_xlpm.colWater), _xlpm.cur,_xlfn._xlws.FILTER(_xlpm.val,INT(_xlpm.dt)=INT($D$5),""), _xlpm.prevDate,MAX(_xlfn._xlws.FILTER(_xlpm.dt,_xlpm.dt<INT($D$5))), _xlpm.prev,_xlfn._xlws.FILTER(_xlpm.val,INT(_xlpm.dt)=INT(_xlpm.prevDate),""), IF(OR(_xlpm.cur="",_xlpm.prev=""),"—", _xlfn.LET( _xlpm.diff,_xlpm.cur-_xlpm.prev, IF(_xlpm.diff>0,"▲ +"&TEXT(_xlpm.diff,"0")&" L", IF(_xlpm.diff<0,"▼ -"&TEXT(ABS(_xlpm.diff),"0")&" L","–")) )) )} -> ▲ +50 L | D37: {=_xlfn.LET( _xlpm.sh,$B$5, _xlpm.colDate,MATCH("DATE",INDIRECT("'"&_xlpm.sh&"'!9:9"),0), _xlpm.colWater,MATCH("24H WATER (L)",INDIRECT("'"&_xlpm.sh&"'!9:9"),0), _xlpm.dt,INDEX(INDIRECT("'"&_xlpm.sh&"'!11:500"),,_xlpm.colDate), _xlpm.val,INDEX(INDIRECT("'"&_xlpm.sh&"'!11:500"),,_xlpm.colWater), _xlpm.prevDate,MAX(_xlfn._xlws.FILTER(_xlpm.dt,_xlpm.dt<INT($D$5))), _xlpm.prev,_xlfn._xlws.FILTER(_xlpm.val,INT(_xlpm.dt)=INT(_xlpm.prevDate),""), IF(_xlpm.prev<>"",TEXT(_xlpm.prev,"#,##0")&" L","—") )} -> 450 L
A38: Water/Birds (ml/bird) | B38: {=_xlfn.LET( _xlpm.sh,$B$5, _xlpm.colDate,MATCH("DATE",INDIRECT("'"&_xlpm.sh&"'!9:9"),0), _xlpm.colWater,MATCH("water/bird (ml/bird)",INDIRECT("'"&_xlpm.sh&"'!9:9"),0), _xlpm.dt,INDEX(INDIRECT("'"&_xlpm.sh&"'!11:500"),,_xlpm.colDate), _xlpm.val,INDEX(INDIRECT("'"&_xlpm.sh&"'!11:500"),,_xlpm.colWater), _xlpm.filterRow,(INT(_xlpm.dt)=INT($D$5)), _xlpm.wtr,_xlfn._xlws.FILTER(_xlpm.val,_xlpm.filterRow,""), IF(_xlpm.wtr<>"",TEXT(_xlpm.wtr,"#,##0")&" mL","—") )} -> 75 mL | C38: {=_xlfn.LET( _xlpm.sh,$B$5, _xlpm.colDate,MATCH("DATE",INDIRECT("'"&_xlpm.sh&"'!9:9"),0), _xlpm.colWater,MATCH("water/bird (ml/bird)",INDIRECT("'"&_xlpm.sh&"'!9:9"),0), _xlpm.dt,INDEX(INDIRECT("'"&_xlpm.sh&"'!11:500"),,_xlpm.colDate), _xlpm.val,INDEX(INDIRECT("'"&_xlpm.sh&"'!11:500"),,_xlpm.colWater), _xlpm.cur,_xlfn._xlws.FILTER(_xlpm.val,INT(_xlpm.dt)=INT($D$5),""), _xlpm.prevDate,MAX(_xlfn._xlws.FILTER(_xlpm.dt,_xlpm.dt<INT($D$5))), _xlpm.prev,_xlfn._xlws.FILTER(_xlpm.val,INT(_xlpm.dt)=INT(_xlpm.prevDate),""), IF(OR(_xlpm.cur="",_xlpm.prev=""),"—", _xlfn.LET( _xlpm.diff,_xlpm.cur-_xlpm.prev, IF(_xlpm.diff>0,"▲ +"&TEXT(_xlpm.diff,"0")&" L", IF(_xlpm.diff<0,"▼ -"&TEXT(ABS(_xlpm.diff),"0")&" L","–")) )) )} -> ▲ +7 L | D38: {=_xlfn.LET( _xlpm.sh,$B$5, _xlpm.colDate,MATCH("DATE",INDIRECT("'"&_xlpm.sh&"'!9:9"),0), _xlpm.colWater,MATCH("water/bird (ml/bird)",INDIRECT("'"&_xlpm.sh&"'!9:9"),0), _xlpm.dt,INDEX(INDIRECT("'"&_xlpm.sh&"'!11:500"),,_xlpm.colDate), _xlpm.val,INDEX(INDIRECT("'"&_xlpm.sh&"'!11:500"),,_xlpm.colWater), _xlpm.prevDate,MAX(_xlfn._xlws.FILTER(_xlpm.dt,_xlpm.dt<INT($D$5))), _xlpm.prev,_xlfn._xlws.FILTER(_xlpm.val,INT(_xlpm.dt)=INT(_xlpm.prevDate),""), IF(_xlpm.prev<>"",TEXT(_xlpm.prev,"#,##0")&" mL","—") )} -> 67 mL
A39: Water:Feed (L/kg) | B39: {=_xlfn.LET( _xlpm.sh,$B$5, _xlpm.colDate,MATCH("DATE",INDIRECT("'"&_xlpm.sh&"'!9:9"),0), _xlpm.colWF,MATCH("WATER:FEED (L/kg)",INDIRECT("'"&_xlpm.sh&"'!9:9"),0), _xlpm.dt,INDEX(INDIRECT("'"&_xlpm.sh&"'!11:500"),,_xlpm.colDate), _xlpm.val,INDEX(INDIRECT("'"&_xlpm.sh&"'!11:500"),,_xlpm.colWF), _xlpm.filterRow,(INT(_xlpm.dt)=INT($D$5)), _xlpm.wf,_xlfn._xlws.FILTER(_xlpm.val,_xlpm.filterRow,""), IF(_xlpm.wf<>"",TEXT(_xlpm.wf,"0.00")&" L/kg","—") )} -> 1.63 L/kg | C39: {=_xlfn.LET( _xlpm.sh,$B$5, _xlpm.colDate,MATCH("DATE",INDIRECT("'"&_xlpm.sh&"'!9:9"),0), _xlpm.colWF,MATCH("WATER:FEED (L/kg)",INDIRECT("'"&_xlpm.sh&"'!9:9"),0), _xlpm.dt,INDEX(INDIRECT("'"&_xlpm.sh&"'!11:500"),,_xlpm.colDate), _xlpm.val,INDEX(INDIRECT("'"&_xlpm.sh&"'!11:500"),,_xlpm.colWF), _xlpm.cur,_xlfn._xlws.FILTER(_xlpm.val,INT(_xlpm.dt)=INT($D$5),""), _xlpm.prevDate,MAX(_xlfn._xlws.FILTER(_xlpm.dt,_xlpm.dt<INT($D$5))), _xlpm.prev,_xlfn._xlws.FILTER(_xlpm.val,INT(_xlpm.dt)=INT(_xlpm.prevDate),""), IF(OR(_xlpm.cur="",_xlpm.prev=""),"—", _xlfn.LET( _xlpm.diff,_xlpm.cur-_xlpm.prev, IF(_xlpm.diff>0,"▲ +"&TEXT(_xlpm.diff,"0.00"), IF(_xlpm.diff<0,"▼ -"&TEXT(ABS(_xlpm.diff),"0.00"),"–")) )) )} -> ▲ +0.11 | D39: {=_xlfn.LET( _xlpm.sh,$B$5, _xlpm.colDate,MATCH("DATE",INDIRECT("'"&_xlpm.sh&"'!9:9"),0), _xlpm.colWF,MATCH("WATER:FEED (L/kg)",INDIRECT("'"&_xlpm.sh&"'!9:9"),0), _xlpm.dt,INDEX(INDIRECT("'"&_xlpm.sh&"'!11:500"),,_xlpm.colDate), _xlpm.val,INDEX(INDIRECT("'"&_xlpm.sh&"'!11:500"),,_xlpm.colWF), _xlpm.prevDate,MAX(_xlfn._xlws.FILTER(_xlpm.dt,_xlpm.dt<INT($D$5))), _xlpm.prev,_xlfn._xlws.FILTER(_xlpm.val,INT(_xlpm.dt)=INT(_xlpm.prevDate),""), IF(_xlpm.prev<>"",TEXT(_xlpm.prev,"0.00")&" L/kg","—") )} -> 1.52 L/kg
A40: Feed Time (Start/End) | B40: {=_xlfn.LET( _xlpm.sh,$B$5, _xlpm.colDate,MATCH("DATE",INDIRECT("'"&_xlpm.sh&"'!9:9"),0), _xlpm.colStart,MATCH("FEED START",INDIRECT("'"&_xlpm.sh&"'!9:9"),0), _xlpm.colEnd,MATCH("FEED END",INDIRECT("'"&_xlpm.sh&"'!9:9"),0), _xlpm.colDur,MATCH("FEED DURATION",INDIRECT("'"&_xlpm.sh&"'!9:9"),0), _xlpm.dt,INDEX(INDIRECT("'"&_xlpm.sh&"'!11:500"),,_xlpm.colDate), _xlpm.st,INDEX(INDIRECT("'"&_xlpm.sh&"'!11:500"),,_xlpm.colStart), _xlpm.en,INDEX(INDIRECT("'"&_xlpm.sh&"'!11:500"),,_xlpm.colEnd), _xlpm.hr,INDEX(INDIRECT("'"&_xlpm.sh&"'!11:500"),,_xlpm.colDur), _xlpm.filterRow,(INT(_xlpm.dt)=INT($D$5)), _xlpm.start,_xlfn._xlws.FILTER(_xlpm.st,_xlpm.filterRow,""), _xlpm.end,_xlfn._xlws.FILTER(_xlpm.en,_xlpm.filterRow,""), _xlpm.hour,_xlfn._xlws.FILTER(_xlpm.hr,_xlpm.filterRow,""), IF(AND(_xlpm.start<>"",_xlpm.end<>"",_xlpm.hour<>""), TEXT(_xlpm.start,"h.mmAM/PM") & " - " & TEXT(_xlpm.end,"h.mmAM/PM") & " (" & TEXT(_xlpm.hour,"0.0") & " h)", "—" ) )} -> 8.00AM - 9.30AM (1.5 h)
A41: Feed Program | B41: {=_xlfn.LET( _xlpm.sh, $B$5, _xlpm.curDate, --$D$5, _xlpm.colDate, MATCH("DATE", INDIRECT("'"&_xlpm.sh&"'!9:9"), 0), _xlpm.colRemark, MATCH("FEED PROGRAM", INDIRECT("'"&_xlpm.sh&"'!9:9"), 0), _xlpm.dt, INDEX(INDIRECT("'"&_xlpm.sh&"'!11:500"), , _xlpm.colDate), _xlpm.remark, TRIM(INDEX(INDIRECT("'"&_xlpm.sh&"'!11:500"), , _xlpm.colRemark)), _xlpm.valid, (_xlpm.dt = _xlpm.curDate) * (_xlpm.remark <> ""), _xlpm.filtered, _xlfn._xlws.FILTER(_xlpm.remark, _xlpm.valid, ""), _xlpm.n, ROWS(_xlpm.filtered), _xlpm.lastRemark, IF(_xlpm.n >= 1, INDEX(_xlpm.filtered, _xlpm.n), ""), IF(_xlpm.lastRemark <> "", _xlpm.lastRemark, "No remarks") )} -> FULL FEED
A42: Remarks | B42: {=_xlfn.LET( _xlpm.sh, $B$5, _xlpm.curDate, --$D$5, _xlpm.colDate, MATCH("DATE", INDIRECT("'"&_xlpm.sh&"'!9:9"), 0), _xlpm.colRemark, MATCH("REMARKS", INDIRECT("'"&_xlpm.sh&"'!9:9"), 0), _xlpm.dt, INDEX(INDIRECT("'"&_xlpm.sh&"'!11:500"), , _xlpm.colDate), _xlpm.remark, TRIM(INDEX(INDIRECT("'"&_xlpm.sh&"'!11:500"), , _xlpm.colRemark)), _xlpm.valid, (_xlpm.dt = _xlpm.curDate) * (_xlpm.remark <> ""), _xlpm.filtered, _xlfn._xlws.FILTER(_xlpm.remark, _xlpm.valid, ""), _xlpm.n, ROWS(_xlpm.filtered), _xlpm.lastRemark, IF(_xlpm.n >= 1, INDEX(_xlpm.filtered, _xlpm.n), ""), IF(_xlpm.lastRemark <> "", _xlpm.lastRemark, "No remarks") )} -> No remarks

Sheet CHART
A1: VB3 | B1: Start Date | C1: {=IF( $C$4="Date", $C$5, _xlfn.LET( _xlpm.sh, $A$1, _xlpm.wkStart, VALUE($C$7), _xlpm.colAge, MATCH("AGE", INDIRECT("'"&_xlpm.sh&"'!9:9"), 0), _xlpm.colDate, MATCH("DATE", INDIRECT("'"&_xlpm.sh&"'!9:9"), 0), _xlpm.colFeed, MATCH("FEED PROGRAM", INDIRECT("'"&_xlpm.sh&"'!9:9"), 0), _xlpm.agesRaw, INDEX(INDIRECT("'"&_xlpm.sh&"'!11:500"),,_xlpm.colAge), _xlpm.datesRaw, INDEX(INDIRECT("'"&_xlpm.sh&"'!11:500"),,_xlpm.colDate), _xlpm.feedRaw, INDEX(INDIRECT("'"&_xlpm.sh&"'!11:500"),,_xlpm.colFeed), _xlpm.lastRow, MATCH(2,1/(_xlpm.feedRaw<>""),1), _xlpm.ages, _xlfn.TAKE(_xlpm.agesRaw, _xlpm.lastRow), _xlpm.dates, _xlfn.TAKE(_xlpm.datesRaw, _xlpm.lastRow), _xlpm.idx, MATCH(_xlpm.wkStart + 0.1, _xlpm.ages, 1), INDEX(_xlpm.dates, _xlpm.idx) ) )} -> 46002 | E1: Daily Female Depletion & Egg Production % | J1: 29 | M1: {=_xlfn.LET( _xlpm.house,$A$1, _xlpm.chartType,$E$1, _xlpm.startDate,$C$1, _xlpm.endDate,$C$2, _xlpm.mode,$C$4, _xlpm.ages,INDIRECT("'"&_xlpm.house&"'!A11:A500"), _xlpm.dates,INDIRECT("'"&_xlpm.house&"'!B11:B500"), _xlpm.valid,(_xlpm.dates>=_xlpm.startDate)*(_xlpm.dates<=_xlpm.endDate)*(_xlpm.dates<>""), _xlpm.hasData,SUM(_xlpm.valid)>0, _xlpm.startAge,IF(_xlpm.hasData,MIN(_xlfn._xlws.FILTER(_xlpm.ages,_xlpm.valid)),""), _xlpm.endAge,IF(_xlpm.hasData,MAX(_xlfn._xlws.FILTER(_xlpm.ages,_xlpm.valid)),""), _xlpm.adjStart,IF(_xlpm.hasData,IF(_xlpm.mode="Auto",ROUND(_xlpm.startAge+0.3,0),ROUND(_xlpm.startAge,0)),""), _xlpm.adjEnd,IF(_xlpm.hasData,IF(_xlpm.mode="Auto",ROUND(_xlpm.endAge,0),INT(_xlpm.endAge)),""), IF( _xlpm.hasData, _xlpm.chartType & " – " & _xlpm.house & " (" & TEXT(_xlpm.startDate,"d/m/yy") & " – " & TEXT(_xlpm.endDate,"d/m/yy") & ", " & _xlpm.adjStart & "–" & _xlpm.adjEnd & " wk)", _xlpm.chartType & " – " & _xlpm.house & " (No data available)" ) )} -> Daily Female Depletion & Egg Production % – VB3 (11/12/25 – 20/1/26, 8–13 wk) | AD1: Male Baseline | AE1: 0.003 | AF1: Weekly Mortality | AG1: 0.003
